classes,accuracy
airplane+breathing+brushing_teeth,0.7083333333333334
airplane+breathing+can_opening,0.8541666666666666
airplane+breathing+car_horn,0.6458333333333334
airplane+breathing+cat,0.875
airplane+breathing+chainsaw,0.75
airplane+breathing+chirping_birds,0.875
airplane+breathing+church_bells,0.8125
airplane+breathing+clapping,0.7708333333333334
airplane+breathing+clock_alarm,0.8333333333333334
airplane+breathing+clock_tick,0.7708333333333334
airplane+breathing+coughing,0.8541666666666666
airplane+breathing+cow,0.7916666666666666
airplane+breathing+crackling_fire,0.8958333333333334
airplane+breathing+crickets,0.8333333333333334
airplane+breathing+crow,0.7916666666666666
airplane+breathing+crying_baby,0.7916666666666666
airplane+breathing+dog,0.8333333333333334
airplane+breathing+door_wood_creaks,0.7083333333333334
airplane+breathing+door_wood_knock,0.8541666666666666
airplane+breathing+drinking_sipping,0.875
airplane+breathing+engine,0.875
airplane+breathing+fireworks,0.8541666666666666
airplane+breathing+footsteps,0.7916666666666666
airplane+breathing+frog,0.8125
airplane+breathing+glass_breaking,0.8333333333333334
airplane+breathing+hand_saw,0.7291666666666666
airplane+breathing+helicopter,0.7708333333333334
airplane+breathing+hen,0.8333333333333334
airplane+breathing+insects,0.7708333333333334
airplane+breathing+keyboard_typing,0.7708333333333334
airplane+breathing+laughing,0.7708333333333334
airplane+breathing+mouse_click,0.8125
airplane+breathing+pig,0.6666666666666666
airplane+breathing+pouring_water,0.7916666666666666
airplane+breathing+rain,0.7291666666666666
airplane+breathing+rooster,0.8958333333333334
airplane+breathing+sea_waves,0.75
airplane+breathing+sheep,0.75
airplane+breathing+siren,0.8125
airplane+breathing+sneezing,0.875
airplane+breathing+snoring,0.875
airplane+breathing+thunderstorm,0.8541666666666666
airplane+breathing+toilet_flush,0.7916666666666666
airplane+breathing+train,0.7916666666666666
airplane+breathing+vacuum_cleaner,0.875
airplane+breathing+washing_machine,0.7708333333333334
airplane+breathing+water_drops,0.875
airplane+breathing+wind,0.75
airplane+brushing_teeth+can_opening,0.7916666666666666
airplane+brushing_teeth+car_horn,0.7083333333333334
airplane+brushing_teeth+cat,0.7708333333333334
airplane+brushing_teeth+chainsaw,0.7291666666666666
airplane+brushing_teeth+chirping_birds,0.8333333333333334
airplane+brushing_teeth+church_bells,0.7916666666666666
airplane+brushing_teeth+clapping,0.8333333333333334
airplane+brushing_teeth+clock_alarm,0.7291666666666666
airplane+brushing_teeth+clock_tick,0.8333333333333334
airplane+brushing_teeth+coughing,0.8125
airplane+brushing_teeth+cow,0.8333333333333334
airplane+brushing_teeth+crackling_fire,0.8125
airplane+brushing_teeth+crickets,0.8125
airplane+brushing_teeth+crow,0.7083333333333334
airplane+brushing_teeth+crying_baby,0.8125
airplane+brushing_teeth+dog,0.75
airplane+brushing_teeth+door_wood_creaks,0.75
airplane+brushing_teeth+door_wood_knock,0.8333333333333334
airplane+brushing_teeth+drinking_sipping,0.8125
airplane+brushing_teeth+engine,0.875
airplane+brushing_teeth+fireworks,0.7916666666666666
airplane+brushing_teeth+footsteps,0.8333333333333334
airplane+brushing_teeth+frog,0.75
airplane+brushing_teeth+glass_breaking,0.8125
airplane+brushing_teeth+hand_saw,0.8333333333333334
airplane+brushing_teeth+helicopter,0.7291666666666666
airplane+brushing_teeth+hen,0.7916666666666666
airplane+brushing_teeth+insects,0.7291666666666666
airplane+brushing_teeth+keyboard_typing,0.7916666666666666
airplane+brushing_teeth+laughing,0.7291666666666666
airplane+brushing_teeth+mouse_click,0.8125
airplane+brushing_teeth+pig,0.7708333333333334
airplane+brushing_teeth+pouring_water,0.7291666666666666
airplane+brushing_teeth+rain,0.75
airplane+brushing_teeth+rooster,0.8125
airplane+brushing_teeth+sea_waves,0.7916666666666666
airplane+brushing_teeth+sheep,0.7291666666666666
airplane+brushing_teeth+siren,0.7708333333333334
airplane+brushing_teeth+sneezing,0.8125
airplane+brushing_teeth+snoring,0.875
airplane+brushing_teeth+thunderstorm,0.8541666666666666
airplane+brushing_teeth+toilet_flush,0.875
airplane+brushing_teeth+train,0.7916666666666666
airplane+brushing_teeth+vacuum_cleaner,0.875
airplane+brushing_teeth+washing_machine,0.7708333333333334
airplane+brushing_teeth+water_drops,0.8125
airplane+brushing_teeth+wind,0.75
airplane+can_opening+car_horn,0.7708333333333334
airplane+can_opening+cat,0.8541666666666666
airplane+can_opening+chainsaw,0.8958333333333334
airplane+can_opening+chirping_birds,0.9583333333333334
airplane+can_opening+church_bells,0.8958333333333334
airplane+can_opening+clapping,0.9583333333333334
airplane+can_opening+clock_alarm,0.9583333333333334
airplane+can_opening+clock_tick,0.7708333333333334
airplane+can_opening+coughing,0.9166666666666666
airplane+can_opening+cow,0.9375
airplane+can_opening+crackling_fire,0.8958333333333334
airplane+can_opening+crickets,0.875
airplane+can_opening+crow,0.9583333333333334
airplane+can_opening+crying_baby,0.9583333333333334
airplane+can_opening+dog,0.9375
airplane+can_opening+door_wood_creaks,0.8333333333333334
airplane+can_opening+door_wood_knock,0.8958333333333334
airplane+can_opening+drinking_sipping,0.875
airplane+can_opening+engine,0.9583333333333334
airplane+can_opening+fireworks,0.9791666666666666
airplane+can_opening+footsteps,0.9166666666666666
airplane+can_opening+frog,0.8958333333333334
airplane+can_opening+glass_breaking,0.8333333333333334
airplane+can_opening+hand_saw,0.9375
airplane+can_opening+helicopter,0.8541666666666666
airplane+can_opening+hen,0.9583333333333334
airplane+can_opening+insects,0.8333333333333334
airplane+can_opening+keyboard_typing,0.875
airplane+can_opening+laughing,0.9583333333333334
airplane+can_opening+mouse_click,0.8541666666666666
airplane+can_opening+pig,0.8541666666666666
airplane+can_opening+pouring_water,0.9375
airplane+can_opening+rain,0.8333333333333334
airplane+can_opening+rooster,0.9375
airplane+can_opening+sea_waves,0.8958333333333334
airplane+can_opening+sheep,0.8958333333333334
airplane+can_opening+siren,0.9166666666666666
airplane+can_opening+sneezing,0.9166666666666666
airplane+can_opening+snoring,0.9791666666666666
airplane+can_opening+thunderstorm,0.9583333333333334
airplane+can_opening+toilet_flush,1.0
airplane+can_opening+train,0.875
airplane+can_opening+vacuum_cleaner,0.9583333333333334
airplane+can_opening+washing_machine,0.8541666666666666
airplane+can_opening+water_drops,0.7708333333333334
airplane+can_opening+wind,0.8333333333333334
airplane+car_horn+cat,0.75
airplane+car_horn+chainsaw,0.7708333333333334
airplane+car_horn+chirping_birds,0.8333333333333334
airplane+car_horn+church_bells,0.7916666666666666
airplane+car_horn+clapping,0.8541666666666666
airplane+car_horn+clock_alarm,0.8333333333333334
airplane+car_horn+clock_tick,0.6875
airplane+car_horn+coughing,0.75
airplane+car_horn+cow,0.6875
airplane+car_horn+crackling_fire,0.8125
airplane+car_horn+crickets,0.8333333333333334
airplane+car_horn+crow,0.8541666666666666
airplane+car_horn+crying_baby,0.8125
airplane+car_horn+dog,0.75
airplane+car_horn+door_wood_creaks,0.625
airplane+car_horn+door_wood_knock,0.7708333333333334
airplane+car_horn+drinking_sipping,0.7083333333333334
airplane+car_horn+engine,0.7916666666666666
airplane+car_horn+fireworks,0.8333333333333334
airplane+car_horn+footsteps,0.75
airplane+car_horn+frog,0.8333333333333334
airplane+car_horn+glass_breaking,0.8333333333333334
airplane+car_horn+hand_saw,0.7708333333333334
airplane+car_horn+helicopter,0.625
airplane+car_horn+hen,0.75
airplane+car_horn+insects,0.6458333333333334
airplane+car_horn+keyboard_typing,0.7291666666666666
airplane+car_horn+laughing,0.75
airplane+car_horn+mouse_click,0.7291666666666666
airplane+car_horn+pig,0.6875
airplane+car_horn+pouring_water,0.875
airplane+car_horn+rain,0.6458333333333334
airplane+car_horn+rooster,0.8125
airplane+car_horn+sea_waves,0.8333333333333334
airplane+car_horn+sheep,0.7083333333333334
airplane+car_horn+siren,0.8125
airplane+car_horn+sneezing,0.8333333333333334
airplane+car_horn+snoring,0.7916666666666666
airplane+car_horn+thunderstorm,0.8125
airplane+car_horn+toilet_flush,0.875
airplane+car_horn+train,0.7291666666666666
airplane+car_horn+vacuum_cleaner,0.875
airplane+car_horn+washing_machine,0.6875
airplane+car_horn+water_drops,0.7916666666666666
airplane+car_horn+wind,0.7083333333333334
airplane+cat+chainsaw,0.875
airplane+cat+chirping_birds,0.8958333333333334
airplane+cat+church_bells,0.875
airplane+cat+clapping,0.9166666666666666
airplane+cat+clock_alarm,0.875
airplane+cat+clock_tick,0.6666666666666666
airplane+cat+coughing,0.875
airplane+cat+cow,0.8958333333333334
airplane+cat+crackling_fire,0.9583333333333334
airplane+cat+crickets,0.875
airplane+cat+crow,0.9166666666666666
airplane+cat+crying_baby,0.875
airplane+cat+dog,0.8541666666666666
airplane+cat+door_wood_creaks,0.7083333333333334
airplane+cat+door_wood_knock,0.9583333333333334
airplane+cat+drinking_sipping,0.8541666666666666
airplane+cat+engine,0.9583333333333334
airplane+cat+fireworks,0.8333333333333334
airplane+cat+footsteps,0.875
airplane+cat+frog,0.8333333333333334
airplane+cat+glass_breaking,0.9166666666666666
airplane+cat+hand_saw,0.9375
airplane+cat+helicopter,0.8333333333333334
airplane+cat+hen,0.7916666666666666
airplane+cat+insects,0.8125
airplane+cat+keyboard_typing,0.8333333333333334
airplane+cat+laughing,0.7291666666666666
airplane+cat+mouse_click,0.8958333333333334
airplane+cat+pig,0.8125
airplane+cat+pouring_water,0.875
airplane+cat+rain,0.7708333333333334
airplane+cat+rooster,0.8125
airplane+cat+sea_waves,0.8958333333333334
airplane+cat+sheep,0.8333333333333334
airplane+cat+siren,0.8125
airplane+cat+sneezing,0.75
airplane+cat+snoring,0.9375
airplane+cat+thunderstorm,0.9375
airplane+cat+toilet_flush,0.9583333333333334
airplane+cat+train,0.8541666666666666
airplane+cat+vacuum_cleaner,0.9375
airplane+cat+washing_machine,0.8333333333333334
airplane+cat+water_drops,0.875
airplane+cat+wind,0.8125
airplane+chainsaw+chirping_birds,0.8125
airplane+chainsaw+church_bells,0.7708333333333334
airplane+chainsaw+clapping,0.8125
airplane+chainsaw+clock_alarm,0.8541666666666666
airplane+chainsaw+clock_tick,0.875
airplane+chainsaw+coughing,0.8541666666666666
airplane+chainsaw+cow,0.8125
airplane+chainsaw+crackling_fire,0.875
airplane+chainsaw+crickets,0.8333333333333334
airplane+chainsaw+crow,0.8541666666666666
airplane+chainsaw+crying_baby,0.8541666666666666
airplane+chainsaw+dog,0.8541666666666666
airplane+chainsaw+door_wood_creaks,0.75
airplane+chainsaw+door_wood_knock,0.8958333333333334
airplane+chainsaw+drinking_sipping,0.8958333333333334
airplane+chainsaw+engine,0.8333333333333334
airplane+chainsaw+fireworks,0.8541666666666666
airplane+chainsaw+footsteps,0.8541666666666666
airplane+chainsaw+frog,0.875
airplane+chainsaw+glass_breaking,0.875
airplane+chainsaw+hand_saw,0.7083333333333334
airplane+chainsaw+helicopter,0.6666666666666666
airplane+chainsaw+hen,0.875
airplane+chainsaw+insects,0.7916666666666666
airplane+chainsaw+keyboard_typing,0.8333333333333334
airplane+chainsaw+laughing,0.8541666666666666
airplane+chainsaw+mouse_click,0.8958333333333334
airplane+chainsaw+pig,0.7916666666666666
airplane+chainsaw+pouring_water,0.8541666666666666
airplane+chainsaw+rain,0.6041666666666666
airplane+chainsaw+rooster,0.8958333333333334
airplane+chainsaw+sea_waves,0.7083333333333334
airplane+chainsaw+sheep,0.75
airplane+chainsaw+siren,0.7708333333333334
airplane+chainsaw+sneezing,0.8958333333333334
airplane+chainsaw+snoring,0.875
airplane+chainsaw+thunderstorm,0.8541666666666666
airplane+chainsaw+toilet_flush,0.8125
airplane+chainsaw+train,0.6875
airplane+chainsaw+vacuum_cleaner,0.6666666666666666
airplane+chainsaw+washing_machine,0.7083333333333334
airplane+chainsaw+water_drops,0.875
airplane+chainsaw+wind,0.6875
airplane+chirping_birds+church_bells,0.875
airplane+chirping_birds+clapping,0.9166666666666666
airplane+chirping_birds+clock_alarm,0.875
airplane+chirping_birds+clock_tick,0.9375
airplane+chirping_birds+coughing,0.9375
airplane+chirping_birds+cow,0.875
airplane+chirping_birds+crackling_fire,0.9583333333333334
airplane+chirping_birds+crickets,0.8333333333333334
airplane+chirping_birds+crow,0.9375
airplane+chirping_birds+crying_baby,0.8541666666666666
airplane+chirping_birds+dog,0.8958333333333334
airplane+chirping_birds+door_wood_creaks,0.875
airplane+chirping_birds+door_wood_knock,0.9583333333333334
airplane+chirping_birds+drinking_sipping,0.9375
airplane+chirping_birds+engine,0.9375
airplane+chirping_birds+fireworks,0.9166666666666666
airplane+chirping_birds+footsteps,0.9375
airplane+chirping_birds+frog,0.8541666666666666
airplane+chirping_birds+glass_breaking,0.9375
airplane+chirping_birds+hand_saw,0.875
airplane+chirping_birds+helicopter,0.8333333333333334
airplane+chirping_birds+hen,0.8541666666666666
airplane+chirping_birds+insects,0.7916666666666666
airplane+chirping_birds+keyboard_typing,0.8541666666666666
airplane+chirping_birds+laughing,0.875
airplane+chirping_birds+mouse_click,0.9375
airplane+chirping_birds+pig,0.8541666666666666
airplane+chirping_birds+pouring_water,0.8541666666666666
airplane+chirping_birds+rain,0.6875
airplane+chirping_birds+rooster,0.9375
airplane+chirping_birds+sea_waves,0.8333333333333334
airplane+chirping_birds+sheep,0.7916666666666666
airplane+chirping_birds+siren,0.8125
airplane+chirping_birds+sneezing,0.9375
airplane+chirping_birds+snoring,0.9583333333333334
airplane+chirping_birds+thunderstorm,0.9375
airplane+chirping_birds+toilet_flush,0.8958333333333334
airplane+chirping_birds+train,0.8541666666666666
airplane+chirping_birds+vacuum_cleaner,0.9166666666666666
airplane+chirping_birds+washing_machine,0.8125
airplane+chirping_birds+water_drops,0.9375
airplane+chirping_birds+wind,0.7916666666666666
airplane+church_bells+clapping,0.8125
airplane+church_bells+clock_alarm,0.8333333333333334
airplane+church_bells+clock_tick,0.875
airplane+church_bells+coughing,0.8958333333333334
airplane+church_bells+cow,0.8125
airplane+church_bells+crackling_fire,0.875
airplane+church_bells+crickets,0.8125
airplane+church_bells+crow,0.8958333333333334
airplane+church_bells+crying_baby,0.875
airplane+church_bells+dog,0.8333333333333334
airplane+church_bells+door_wood_creaks,0.8125
airplane+church_bells+door_wood_knock,0.8958333333333334
airplane+church_bells+drinking_sipping,0.8958333333333334
airplane+church_bells+engine,0.875
airplane+church_bells+fireworks,0.8333333333333334
airplane+church_bells+footsteps,0.875
airplane+church_bells+frog,0.875
airplane+church_bells+glass_breaking,0.8958333333333334
airplane+church_bells+hand_saw,0.8541666666666666
airplane+church_bells+helicopter,0.7291666666666666
airplane+church_bells+hen,0.875
airplane+church_bells+insects,0.75
airplane+church_bells+keyboard_typing,0.8333333333333334
airplane+church_bells+laughing,0.8125
airplane+church_bells+mouse_click,0.875
airplane+church_bells+pig,0.8333333333333334
airplane+church_bells+pouring_water,0.8958333333333334
airplane+church_bells+rain,0.75
airplane+church_bells+rooster,0.8958333333333334
airplane+church_bells+sea_waves,0.7916666666666666
airplane+church_bells+sheep,0.7916666666666666
airplane+church_bells+siren,0.6875
airplane+church_bells+sneezing,0.8958333333333334
airplane+church_bells+snoring,0.875
airplane+church_bells+thunderstorm,0.8541666666666666
airplane+church_bells+toilet_flush,0.875
airplane+church_bells+train,0.7916666666666666
airplane+church_bells+vacuum_cleaner,0.8333333333333334
airplane+church_bells+washing_machine,0.75
airplane+church_bells+water_drops,0.8541666666666666
airplane+church_bells+wind,0.7083333333333334
airplane+clapping+clock_alarm,0.8958333333333334
airplane+clapping+clock_tick,0.9375
airplane+clapping+coughing,0.9583333333333334
airplane+clapping+cow,0.8125
airplane+clapping+crackling_fire,0.9583333333333334
airplane+clapping+crickets,0.9166666666666666
airplane+clapping+crow,0.875
airplane+clapping+crying_baby,0.8541666666666666
airplane+clapping+dog,0.9375
airplane+clapping+door_wood_creaks,0.875
airplane+clapping+door_wood_knock,0.9791666666666666
airplane+clapping+drinking_sipping,0.9375
airplane+clapping+engine,0.9375
airplane+clapping+fireworks,0.9375
airplane+clapping+footsteps,0.9375
airplane+clapping+frog,0.9166666666666666
airplane+clapping+glass_breaking,0.9166666666666666
airplane+clapping+hand_saw,0.8125
airplane+clapping+helicopter,0.8333333333333334
airplane+clapping+hen,0.8333333333333334
airplane+clapping+insects,0.8541666666666666
airplane+clapping+keyboard_typing,0.9375
airplane+clapping+laughing,0.8333333333333334
airplane+clapping+mouse_click,0.9583333333333334
airplane+clapping+pig,0.7708333333333334
airplane+clapping+pouring_water,0.8541666666666666
airplane+clapping+rain,0.8125
airplane+clapping+rooster,0.9375
airplane+clapping+sea_waves,0.8541666666666666
airplane+clapping+sheep,0.7916666666666666
airplane+clapping+siren,0.875
airplane+clapping+sneezing,0.9375
airplane+clapping+snoring,0.9583333333333334
airplane+clapping+thunderstorm,0.9166666666666666
airplane+clapping+toilet_flush,0.8333333333333334
airplane+clapping+train,0.8541666666666666
airplane+clapping+vacuum_cleaner,0.8541666666666666
airplane+clapping+washing_machine,0.8333333333333334
airplane+clapping+water_drops,0.9583333333333334
airplane+clapping+wind,0.8125
airplane+clock_alarm+clock_tick,0.8541666666666666
airplane+clock_alarm+coughing,0.9166666666666666
airplane+clock_alarm+cow,0.9375
airplane+clock_alarm+crackling_fire,0.9166666666666666
airplane+clock_alarm+crickets,0.8541666666666666
airplane+clock_alarm+crow,0.9375
airplane+clock_alarm+crying_baby,0.9166666666666666
airplane+clock_alarm+dog,0.9166666666666666
airplane+clock_alarm+door_wood_creaks,0.7916666666666666
airplane+clock_alarm+door_wood_knock,0.9791666666666666
airplane+clock_alarm+drinking_sipping,0.9791666666666666
airplane+clock_alarm+engine,0.9583333333333334
airplane+clock_alarm+fireworks,0.9583333333333334
airplane+clock_alarm+footsteps,0.9375
airplane+clock_alarm+frog,0.9166666666666666
airplane+clock_alarm+glass_breaking,0.8958333333333334
airplane+clock_alarm+hand_saw,0.875
airplane+clock_alarm+helicopter,0.8333333333333334
airplane+clock_alarm+hen,0.9166666666666666
airplane+clock_alarm+insects,0.8125
airplane+clock_alarm+keyboard_typing,0.8125
airplane+clock_alarm+laughing,0.9375
airplane+clock_alarm+mouse_click,0.9375
airplane+clock_alarm+pig,0.7708333333333334
airplane+clock_alarm+pouring_water,0.875
airplane+clock_alarm+rain,0.7916666666666666
airplane+clock_alarm+rooster,0.9166666666666666
airplane+clock_alarm+sea_waves,0.875
airplane+clock_alarm+sheep,0.8541666666666666
airplane+clock_alarm+siren,0.875
airplane+clock_alarm+sneezing,0.9375
airplane+clock_alarm+snoring,0.9583333333333334
airplane+clock_alarm+thunderstorm,0.9375
airplane+clock_alarm+toilet_flush,0.9166666666666666
airplane+clock_alarm+train,0.8541666666666666
airplane+clock_alarm+vacuum_cleaner,0.9375
airplane+clock_alarm+washing_machine,0.8541666666666666
airplane+clock_alarm+water_drops,0.8958333333333334
airplane+clock_alarm+wind,0.8125
airplane+clock_tick+coughing,0.7708333333333334
airplane+clock_tick+cow,0.8958333333333334
airplane+clock_tick+crackling_fire,0.8958333333333334
airplane+clock_tick+crickets,0.8958333333333334
airplane+clock_tick+crow,0.8958333333333334
airplane+clock_tick+crying_baby,0.8333333333333334
airplane+clock_tick+dog,0.8125
airplane+clock_tick+door_wood_creaks,0.7291666666666666
airplane+clock_tick+door_wood_knock,0.8125
airplane+clock_tick+drinking_sipping,0.75
airplane+clock_tick+engine,0.9791666666666666
airplane+clock_tick+fireworks,0.8125
airplane+clock_tick+footsteps,0.75
airplane+clock_tick+frog,0.8125
airplane+clock_tick+glass_breaking,0.9375
airplane+clock_tick+hand_saw,0.9375
airplane+clock_tick+helicopter,0.7916666666666666
airplane+clock_tick+hen,0.75
airplane+clock_tick+insects,0.6666666666666666
airplane+clock_tick+keyboard_typing,0.6666666666666666
airplane+clock_tick+laughing,0.7083333333333334
airplane+clock_tick+mouse_click,0.7291666666666666
airplane+clock_tick+pig,0.7708333333333334
airplane+clock_tick+pouring_water,0.75
airplane+clock_tick+rain,0.8125
airplane+clock_tick+rooster,0.9166666666666666
airplane+clock_tick+sea_waves,0.8958333333333334
airplane+clock_tick+sheep,0.8125
airplane+clock_tick+siren,0.875
airplane+clock_tick+sneezing,0.8125
airplane+clock_tick+snoring,0.875
airplane+clock_tick+thunderstorm,0.9166666666666666
airplane+clock_tick+toilet_flush,0.9375
airplane+clock_tick+train,0.875
airplane+clock_tick+vacuum_cleaner,0.9583333333333334
airplane+clock_tick+washing_machine,0.8333333333333334
airplane+clock_tick+water_drops,0.7083333333333334
airplane+clock_tick+wind,0.8125
airplane+coughing+cow,0.875
airplane+coughing+crackling_fire,0.9583333333333334
airplane+coughing+crickets,0.9166666666666666
airplane+coughing+crow,0.9583333333333334
airplane+coughing+crying_baby,0.9166666666666666
airplane+coughing+dog,0.9375
airplane+coughing+door_wood_creaks,0.8541666666666666
airplane+coughing+door_wood_knock,0.9375
airplane+coughing+drinking_sipping,0.75
airplane+coughing+engine,0.9583333333333334
airplane+coughing+fireworks,0.9791666666666666
airplane+coughing+footsteps,0.8958333333333334
airplane+coughing+frog,0.9583333333333334
airplane+coughing+glass_breaking,0.8958333333333334
airplane+coughing+hand_saw,0.8958333333333334
airplane+coughing+helicopter,0.8541666666666666
airplane+coughing+hen,0.9583333333333334
airplane+coughing+insects,0.8333333333333334
airplane+coughing+keyboard_typing,0.8958333333333334
airplane+coughing+laughing,0.9166666666666666
airplane+coughing+mouse_click,0.875
airplane+coughing+pig,0.875
airplane+coughing+pouring_water,0.8333333333333334
airplane+coughing+rain,0.8333333333333334
airplane+coughing+rooster,0.9375
airplane+coughing+sea_waves,0.9166666666666666
airplane+coughing+sheep,0.9166666666666666
airplane+coughing+siren,0.9166666666666666
airplane+coughing+sneezing,0.7708333333333334
airplane+coughing+snoring,0.9791666666666666
airplane+coughing+thunderstorm,0.9583333333333334
airplane+coughing+toilet_flush,0.9583333333333334
airplane+coughing+train,0.875
airplane+coughing+vacuum_cleaner,0.9583333333333334
airplane+coughing+washing_machine,0.875
airplane+coughing+water_drops,0.9166666666666666
airplane+coughing+wind,0.8333333333333334
airplane+cow+crackling_fire,0.9375
airplane+cow+crickets,0.875
airplane+cow+crow,0.8958333333333334
airplane+cow+crying_baby,0.8958333333333334
airplane+cow+dog,0.8958333333333334
airplane+cow+door_wood_creaks,0.7916666666666666
airplane+cow+door_wood_knock,0.9166666666666666
airplane+cow+drinking_sipping,0.875
airplane+cow+engine,0.9375
airplane+cow+fireworks,0.9166666666666666
airplane+cow+footsteps,0.875
airplane+cow+frog,0.875
airplane+cow+glass_breaking,0.9583333333333334
airplane+cow+hand_saw,0.875
airplane+cow+helicopter,0.7708333333333334
airplane+cow+hen,0.8125
airplane+cow+insects,0.75
airplane+cow+keyboard_typing,0.8125
airplane+cow+laughing,0.7916666666666666
airplane+cow+mouse_click,0.9375
airplane+cow+pig,0.7083333333333334
airplane+cow+pouring_water,0.8958333333333334
airplane+cow+rain,0.7916666666666666
airplane+cow+rooster,0.8958333333333334
airplane+cow+sea_waves,0.8333333333333334
airplane+cow+sheep,0.75
airplane+cow+siren,0.7916666666666666
airplane+cow+sneezing,0.9166666666666666
airplane+cow+snoring,0.9375
airplane+cow+thunderstorm,0.8541666666666666
airplane+cow+toilet_flush,0.8541666666666666
airplane+cow+train,0.8333333333333334
airplane+cow+vacuum_cleaner,0.8958333333333334
airplane+cow+washing_machine,0.8125
airplane+cow+water_drops,0.9166666666666666
airplane+cow+wind,0.7916666666666666
airplane+crackling_fire+crickets,0.875
airplane+crackling_fire+crow,0.9583333333333334
airplane+crackling_fire+crying_baby,0.9583333333333334
airplane+crackling_fire+dog,0.9583333333333334
airplane+crackling_fire+door_wood_creaks,0.875
airplane+crackling_fire+door_wood_knock,0.9583333333333334
airplane+crackling_fire+drinking_sipping,0.9166666666666666
airplane+crackling_fire+engine,0.9583333333333334
airplane+crackling_fire+fireworks,0.875
airplane+crackling_fire+footsteps,0.875
airplane+crackling_fire+frog,0.875
airplane+crackling_fire+glass_breaking,0.9375
airplane+crackling_fire+hand_saw,0.9375
airplane+crackling_fire+helicopter,0.8333333333333334
airplane+crackling_fire+hen,0.9375
airplane+crackling_fire+insects,0.75
airplane+crackling_fire+keyboard_typing,0.9166666666666666
airplane+crackling_fire+laughing,0.9583333333333334
airplane+crackling_fire+mouse_click,0.7083333333333334
airplane+crackling_fire+pig,0.8541666666666666
airplane+crackling_fire+pouring_water,0.9375
airplane+crackling_fire+rain,0.7708333333333334
airplane+crackling_fire+rooster,0.9791666666666666
airplane+crackling_fire+sea_waves,0.8958333333333334
airplane+crackling_fire+sheep,0.875
airplane+crackling_fire+siren,0.8958333333333334
airplane+crackling_fire+sneezing,0.9166666666666666
airplane+crackling_fire+snoring,0.8333333333333334
airplane+crackling_fire+thunderstorm,0.8125
airplane+crackling_fire+toilet_flush,0.9791666666666666
airplane+crackling_fire+train,0.8541666666666666
airplane+crackling_fire+vacuum_cleaner,0.9375
airplane+crackling_fire+washing_machine,0.8333333333333334
airplane+crackling_fire+water_drops,0.6875
airplane+crackling_fire+wind,0.7916666666666666
airplane+crickets+crow,0.9166666666666666
airplane+crickets+crying_baby,0.9166666666666666
airplane+crickets+dog,0.9166666666666666
airplane+crickets+door_wood_creaks,0.8333333333333334
airplane+crickets+door_wood_knock,0.9166666666666666
airplane+crickets+drinking_sipping,0.8958333333333334
airplane+crickets+engine,0.9166666666666666
airplane+crickets+fireworks,0.9166666666666666
airplane+crickets+footsteps,0.9166666666666666
airplane+crickets+frog,0.9166666666666666
airplane+crickets+glass_breaking,0.9166666666666666
airplane+crickets+hand_saw,0.875
airplane+crickets+helicopter,0.6875
airplane+crickets+hen,0.875
airplane+crickets+insects,0.8125
airplane+crickets+keyboard_typing,0.875
airplane+crickets+laughing,0.9166666666666666
airplane+crickets+mouse_click,0.9166666666666666
airplane+crickets+pig,0.875
airplane+crickets+pouring_water,0.9166666666666666
airplane+crickets+rain,0.7291666666666666
airplane+crickets+rooster,0.9166666666666666
airplane+crickets+sea_waves,0.8541666666666666
airplane+crickets+sheep,0.8333333333333334
airplane+crickets+siren,0.8333333333333334
airplane+crickets+sneezing,0.9166666666666666
airplane+crickets+snoring,0.9166666666666666
airplane+crickets+thunderstorm,0.8958333333333334
airplane+crickets+toilet_flush,0.9166666666666666
airplane+crickets+train,0.8125
airplane+crickets+vacuum_cleaner,0.8958333333333334
airplane+crickets+washing_machine,0.7291666666666666
airplane+crickets+water_drops,0.8541666666666666
airplane+crickets+wind,0.7708333333333334
airplane+crow+crying_baby,0.9166666666666666
airplane+crow+dog,0.9375
airplane+crow+door_wood_creaks,0.8125
airplane+crow+door_wood_knock,0.9791666666666666
airplane+crow+drinking_sipping,0.9583333333333334
airplane+crow+engine,0.9375
airplane+crow+fireworks,0.9375
airplane+crow+footsteps,0.9375
airplane+crow+frog,0.8541666666666666
airplane+crow+glass_breaking,1.0
airplane+crow+hand_saw,0.8541666666666666
airplane+crow+helicopter,0.8333333333333334
airplane+crow+hen,0.9375
airplane+crow+insects,0.8333333333333334
airplane+crow+keyboard_typing,0.9166666666666666
airplane+crow+laughing,0.875
airplane+crow+mouse_click,0.9166666666666666
airplane+crow+pig,0.7916666666666666
airplane+crow+pouring_water,0.8958333333333334
airplane+crow+rain,0.8333333333333334
airplane+crow+rooster,0.875
airplane+crow+sea_waves,0.8958333333333334
airplane+crow+sheep,0.875
airplane+crow+siren,0.875
airplane+crow+sneezing,0.9791666666666666
airplane+crow+snoring,0.9791666666666666
airplane+crow+thunderstorm,0.9166666666666666
airplane+crow+toilet_flush,0.875
airplane+crow+train,0.875
airplane+crow+vacuum_cleaner,0.9166666666666666
airplane+crow+washing_machine,0.8541666666666666
airplane+crow+water_drops,0.9375
airplane+crow+wind,0.8333333333333334
airplane+crying_baby+dog,0.875
airplane+crying_baby+door_wood_creaks,0.7916666666666666
airplane+crying_baby+door_wood_knock,1.0
airplane+crying_baby+drinking_sipping,0.8958333333333334
airplane+crying_baby+engine,0.9791666666666666
airplane+crying_baby+fireworks,0.9166666666666666
airplane+crying_baby+footsteps,0.875
airplane+crying_baby+frog,0.9375
airplane+crying_baby+glass_breaking,0.9375
airplane+crying_baby+hand_saw,0.875
airplane+crying_baby+helicopter,0.8541666666666666
airplane+crying_baby+hen,0.875
airplane+crying_baby+insects,0.8125
airplane+crying_baby+keyboard_typing,0.875
airplane+crying_baby+laughing,0.7916666666666666
airplane+crying_baby+mouse_click,0.9583333333333334
airplane+crying_baby+pig,0.8541666666666666
airplane+crying_baby+pouring_water,0.7708333333333334
airplane+crying_baby+rain,0.8333333333333334
airplane+crying_baby+rooster,0.9166666666666666
airplane+crying_baby+sea_waves,0.9166666666666666
airplane+crying_baby+sheep,0.7708333333333334
airplane+crying_baby+siren,0.8541666666666666
airplane+crying_baby+sneezing,0.9583333333333334
airplane+crying_baby+snoring,0.9583333333333334
airplane+crying_baby+thunderstorm,0.9375
airplane+crying_baby+toilet_flush,0.9791666666666666
airplane+crying_baby+train,0.8541666666666666
airplane+crying_baby+vacuum_cleaner,0.9583333333333334
airplane+crying_baby+washing_machine,0.875
airplane+crying_baby+water_drops,0.9375
airplane+crying_baby+wind,0.8333333333333334
airplane+dog+door_wood_creaks,0.8125
airplane+dog+door_wood_knock,0.9375
airplane+dog+drinking_sipping,0.875
airplane+dog+engine,0.9791666666666666
airplane+dog+fireworks,0.9583333333333334
airplane+dog+footsteps,0.9375
airplane+dog+frog,0.8541666666666666
airplane+dog+glass_breaking,1.0
airplane+dog+hand_saw,0.9583333333333334
airplane+dog+helicopter,0.8333333333333334
airplane+dog+hen,0.875
airplane+dog+insects,0.8333333333333334
airplane+dog+keyboard_typing,0.875
airplane+dog+laughing,0.6875
airplane+dog+mouse_click,0.9791666666666666
airplane+dog+pig,0.8333333333333334
airplane+dog+pouring_water,0.8541666666666666
airplane+dog+rain,0.8125
airplane+dog+rooster,0.9166666666666666
airplane+dog+sea_waves,0.875
airplane+dog+sheep,0.8333333333333334
airplane+dog+siren,0.8333333333333334
airplane+dog+sneezing,0.9583333333333334
airplane+dog+snoring,1.0
airplane+dog+thunderstorm,0.9583333333333334
airplane+dog+toilet_flush,0.9375
airplane+dog+train,0.875
airplane+dog+vacuum_cleaner,0.9166666666666666
airplane+dog+washing_machine,0.875
airplane+dog+water_drops,0.875
airplane+dog+wind,0.8333333333333334
airplane+door_wood_creaks+door_wood_knock,0.8333333333333334
airplane+door_wood_creaks+drinking_sipping,0.8541666666666666
airplane+door_wood_creaks+engine,0.875
airplane+door_wood_creaks+fireworks,0.7916666666666666
airplane+door_wood_creaks+footsteps,0.7708333333333334
airplane+door_wood_creaks+frog,0.8125
airplane+door_wood_creaks+glass_breaking,0.7291666666666666
airplane+door_wood_creaks+hand_saw,0.7708333333333334
airplane+door_wood_creaks+helicopter,0.7291666666666666
airplane+door_wood_creaks+hen,0.8541666666666666
airplane+door_wood_creaks+insects,0.7291666666666666
airplane+door_wood_creaks+keyboard_typing,0.7916666666666666
airplane+door_wood_creaks+laughing,0.75
airplane+door_wood_creaks+mouse_click,0.8125
airplane+door_wood_creaks+pig,0.7291666666666666
airplane+door_wood_creaks+pouring_water,0.7708333333333334
airplane+door_wood_creaks+rain,0.7083333333333334
airplane+door_wood_creaks+rooster,0.8958333333333334
airplane+door_wood_creaks+sea_waves,0.8125
airplane+door_wood_creaks+sheep,0.75
airplane+door_wood_creaks+siren,0.7916666666666666
airplane+door_wood_creaks+sneezing,0.875
airplane+door_wood_creaks+snoring,0.8541666666666666
airplane+door_wood_creaks+thunderstorm,0.8333333333333334
airplane+door_wood_creaks+toilet_flush,0.8125
airplane+door_wood_creaks+train,0.7708333333333334
airplane+door_wood_creaks+vacuum_cleaner,0.8541666666666666
airplane+door_wood_creaks+washing_machine,0.7916666666666666
airplane+door_wood_creaks+water_drops,0.8333333333333334
airplane+door_wood_creaks+wind,0.7291666666666666
airplane+door_wood_knock+drinking_sipping,0.8541666666666666
airplane+door_wood_knock+engine,0.9791666666666666
airplane+door_wood_knock+fireworks,0.8958333333333334
airplane+door_wood_knock+footsteps,0.875
airplane+door_wood_knock+frog,0.9166666666666666
airplane+door_wood_knock+glass_breaking,1.0
airplane+door_wood_knock+hand_saw,0.9375
airplane+door_wood_knock+helicopter,0.8541666666666666
airplane+door_wood_knock+hen,0.9791666666666666
airplane+door_wood_knock+insects,0.8541666666666666
airplane+door_wood_knock+keyboard_typing,0.8958333333333334
airplane+door_wood_knock+laughing,1.0
airplane+door_wood_knock+mouse_click,0.875
airplane+door_wood_knock+pig,0.8333333333333334
airplane+door_wood_knock+pouring_water,0.9583333333333334
airplane+door_wood_knock+rain,0.8333333333333334
airplane+door_wood_knock+rooster,0.9791666666666666
airplane+door_wood_knock+sea_waves,0.9166666666666666
airplane+door_wood_knock+sheep,0.9166666666666666
airplane+door_wood_knock+siren,0.9166666666666666
airplane+door_wood_knock+sneezing,1.0
airplane+door_wood_knock+snoring,0.875
airplane+door_wood_knock+thunderstorm,0.9375
airplane+door_wood_knock+toilet_flush,0.9791666666666666
airplane+door_wood_knock+train,0.875
airplane+door_wood_knock+vacuum_cleaner,0.9375
airplane+door_wood_knock+washing_machine,0.8541666666666666
airplane+door_wood_knock+water_drops,0.875
airplane+door_wood_knock+wind,0.8333333333333334
airplane+drinking_sipping+engine,0.9791666666666666
airplane+drinking_sipping+fireworks,0.7708333333333334
airplane+drinking_sipping+footsteps,0.8541666666666666
airplane+drinking_sipping+frog,0.8958333333333334
airplane+drinking_sipping+glass_breaking,0.9791666666666666
airplane+drinking_sipping+hand_saw,0.9583333333333334
airplane+drinking_sipping+helicopter,0.8333333333333334
airplane+drinking_sipping+hen,0.8958333333333334
airplane+drinking_sipping+insects,0.7916666666666666
airplane+drinking_sipping+keyboard_typing,0.7916666666666666
airplane+drinking_sipping+laughing,0.7708333333333334
airplane+drinking_sipping+mouse_click,0.8541666666666666
airplane+drinking_sipping+pig,0.8333333333333334
airplane+drinking_sipping+pouring_water,0.8541666666666666
airplane+drinking_sipping+rain,0.8333333333333334
airplane+drinking_sipping+rooster,0.875
airplane+drinking_sipping+sea_waves,0.9166666666666666
airplane+drinking_sipping+sheep,0.8958333333333334
airplane+drinking_sipping+siren,0.8958333333333334
airplane+drinking_sipping+sneezing,0.875
airplane+drinking_sipping+snoring,0.8958333333333334
airplane+drinking_sipping+thunderstorm,0.9583333333333334
airplane+drinking_sipping+toilet_flush,0.9583333333333334
airplane+drinking_sipping+train,0.875
airplane+drinking_sipping+vacuum_cleaner,0.9583333333333334
airplane+drinking_sipping+washing_machine,0.875
airplane+drinking_sipping+water_drops,0.7708333333333334
airplane+drinking_sipping+wind,0.8333333333333334
airplane+engine+fireworks,0.9583333333333334
airplane+engine+footsteps,0.9791666666666666
airplane+engine+frog,0.9583333333333334
airplane+engine+glass_breaking,0.9791666666666666
airplane+engine+hand_saw,0.9166666666666666
airplane+engine+helicopter,0.6666666666666666
airplane+engine+hen,0.9791666666666666
airplane+engine+insects,0.8333333333333334
airplane+engine+keyboard_typing,0.9583333333333334
airplane+engine+laughing,0.9791666666666666
airplane+engine+mouse_click,0.9583333333333334
airplane+engine+pig,0.9375
airplane+engine+pouring_water,0.9791666666666666
airplane+engine+rain,0.7083333333333334
airplane+engine+rooster,0.9791666666666666
airplane+engine+sea_waves,0.8333333333333334
airplane+engine+sheep,0.875
airplane+engine+siren,0.8958333333333334
airplane+engine+sneezing,0.9791666666666666
airplane+engine+snoring,0.9583333333333334
airplane+engine+thunderstorm,0.9375
airplane+engine+toilet_flush,0.9375
airplane+engine+train,0.7916666666666666
airplane+engine+vacuum_cleaner,0.8541666666666666
airplane+engine+washing_machine,0.75
airplane+engine+water_drops,0.9375
airplane+engine+wind,0.7291666666666666
airplane+fireworks+footsteps,0.6875
airplane+fireworks+frog,0.8333333333333334
airplane+fireworks+glass_breaking,0.9791666666666666
airplane+fireworks+hand_saw,0.9375
airplane+fireworks+helicopter,0.8333333333333334
airplane+fireworks+hen,0.8958333333333334
airplane+fireworks+insects,0.8333333333333334
airplane+fireworks+keyboard_typing,0.8125
airplane+fireworks+laughing,0.8333333333333334
airplane+fireworks+mouse_click,0.8958333333333334
airplane+fireworks+pig,0.8958333333333334
airplane+fireworks+pouring_water,0.9375
airplane+fireworks+rain,0.8541666666666666
airplane+fireworks+rooster,1.0
airplane+fireworks+sea_waves,0.8958333333333334
airplane+fireworks+sheep,0.7708333333333334
airplane+fireworks+siren,0.8958333333333334
airplane+fireworks+sneezing,0.9791666666666666
airplane+fireworks+snoring,0.9583333333333334
airplane+fireworks+thunderstorm,0.9583333333333334
airplane+fireworks+toilet_flush,0.9583333333333334
airplane+fireworks+train,0.8541666666666666
airplane+fireworks+vacuum_cleaner,0.9583333333333334
airplane+fireworks+washing_machine,0.875
airplane+fireworks+water_drops,0.8958333333333334
airplane+fireworks+wind,0.8333333333333334
airplane+footsteps+frog,0.8333333333333334
airplane+footsteps+glass_breaking,0.9791666666666666
airplane+footsteps+hand_saw,0.9166666666666666
airplane+footsteps+helicopter,0.8125
airplane+footsteps+hen,0.875
airplane+footsteps+insects,0.7708333333333334
airplane+footsteps+keyboard_typing,0.7916666666666666
airplane+footsteps+laughing,0.8333333333333334
airplane+footsteps+mouse_click,0.8333333333333334
airplane+footsteps+pig,0.8125
airplane+footsteps+pouring_water,0.8333333333333334
airplane+footsteps+rain,0.8125
airplane+footsteps+rooster,0.9583333333333334
airplane+footsteps+sea_waves,0.8958333333333334
airplane+footsteps+sheep,0.8541666666666666
airplane+footsteps+siren,0.8958333333333334
airplane+footsteps+sneezing,0.9583333333333334
airplane+footsteps+snoring,0.8333333333333334
airplane+footsteps+thunderstorm,0.875
airplane+footsteps+toilet_flush,0.9375
airplane+footsteps+train,0.875
airplane+footsteps+vacuum_cleaner,0.9375
airplane+footsteps+washing_machine,0.8541666666666666
airplane+footsteps+water_drops,0.8958333333333334
airplane+footsteps+wind,0.8333333333333334
airplane+frog+glass_breaking,0.9791666666666666
airplane+frog+hand_saw,0.875
airplane+frog+helicopter,0.8333333333333334
airplane+frog+hen,0.8958333333333334
airplane+frog+insects,0.7916666666666666
airplane+frog+keyboard_typing,0.7708333333333334
airplane+frog+laughing,0.8541666666666666
airplane+frog+mouse_click,0.8333333333333334
airplane+frog+pig,0.875
airplane+frog+pouring_water,0.9583333333333334
airplane+frog+rain,0.8333333333333334
airplane+frog+rooster,0.9791666666666666
airplane+frog+sea_waves,0.8958333333333334
airplane+frog+sheep,0.7291666666666666
airplane+frog+siren,0.875
airplane+frog+sneezing,0.9791666666666666
airplane+frog+snoring,0.8958333333333334
airplane+frog+thunderstorm,0.8541666666666666
airplane+frog+toilet_flush,0.9791666666666666
airplane+frog+train,0.875
airplane+frog+vacuum_cleaner,0.9166666666666666
airplane+frog+washing_machine,0.8333333333333334
airplane+frog+water_drops,0.8333333333333334
airplane+frog+wind,0.8333333333333334
airplane+glass_breaking+hand_saw,0.9166666666666666
airplane+glass_breaking+helicopter,0.8541666666666666
airplane+glass_breaking+hen,1.0
airplane+glass_breaking+insects,0.8333333333333334
airplane+glass_breaking+keyboard_typing,0.8958333333333334
airplane+glass_breaking+laughing,0.9791666666666666
airplane+glass_breaking+mouse_click,0.8125
airplane+glass_breaking+pig,0.875
airplane+glass_breaking+pouring_water,0.9166666666666666
airplane+glass_breaking+rain,0.8333333333333334
airplane+glass_breaking+rooster,0.9583333333333334
airplane+glass_breaking+sea_waves,0.9166666666666666
airplane+glass_breaking+sheep,0.9166666666666666
airplane+glass_breaking+siren,0.9166666666666666
airplane+glass_breaking+sneezing,0.8333333333333334
airplane+glass_breaking+snoring,1.0
airplane+glass_breaking+thunderstorm,0.9583333333333334
airplane+glass_breaking+toilet_flush,0.9583333333333334
airplane+glass_breaking+train,0.875
airplane+glass_breaking+vacuum_cleaner,0.9375
airplane+glass_breaking+washing_machine,0.875
airplane+glass_breaking+water_drops,0.8541666666666666
airplane+glass_breaking+wind,0.8333333333333334
airplane+hand_saw+helicopter,0.8125
airplane+hand_saw+hen,0.9166666666666666
airplane+hand_saw+insects,0.8333333333333334
airplane+hand_saw+keyboard_typing,0.9166666666666666
airplane+hand_saw+laughing,0.8541666666666666
airplane+hand_saw+mouse_click,0.9583333333333334
airplane+hand_saw+pig,0.75
airplane+hand_saw+pouring_water,0.8333333333333334
airplane+hand_saw+rain,0.7708333333333334
airplane+hand_saw+rooster,0.9166666666666666
airplane+hand_saw+sea_waves,0.7916666666666666
airplane+hand_saw+sheep,0.8125
airplane+hand_saw+siren,0.8541666666666666
airplane+hand_saw+sneezing,0.9375
airplane+hand_saw+snoring,0.9583333333333334
airplane+hand_saw+thunderstorm,0.9166666666666666
airplane+hand_saw+toilet_flush,0.7916666666666666
airplane+hand_saw+train,0.8541666666666666
airplane+hand_saw+vacuum_cleaner,0.8541666666666666
airplane+hand_saw+washing_machine,0.8333333333333334
airplane+hand_saw+water_drops,0.9375
airplane+hand_saw+wind,0.7916666666666666
airplane+helicopter+hen,0.8125
airplane+helicopter+insects,0.7083333333333334
airplane+helicopter+keyboard_typing,0.8333333333333334
airplane+helicopter+laughing,0.8333333333333334
airplane+helicopter+mouse_click,0.75
airplane+helicopter+pig,0.75
airplane+helicopter+pouring_water,0.8541666666666666
airplane+helicopter+rain,0.6666666666666666
airplane+helicopter+rooster,0.8333333333333334
airplane+helicopter+sea_waves,0.7291666666666666
airplane+helicopter+sheep,0.7916666666666666
airplane+helicopter+siren,0.75
airplane+helicopter+sneezing,0.8541666666666666
airplane+helicopter+snoring,0.8541666666666666
airplane+helicopter+thunderstorm,0.7291666666666666
airplane+helicopter+toilet_flush,0.8541666666666666
airplane+helicopter+train,0.6666666666666666
airplane+helicopter+vacuum_cleaner,0.7708333333333334
airplane+helicopter+washing_machine,0.625
airplane+helicopter+water_drops,0.8333333333333334
airplane+helicopter+wind,0.5416666666666666
airplane+hen+insects,0.7708333333333334
airplane+hen+keyboard_typing,0.8333333333333334
airplane+hen+laughing,0.7291666666666666
airplane+hen+mouse_click,0.9583333333333334
airplane+hen+pig,0.75
airplane+hen+pouring_water,0.8333333333333334
airplane+hen+rain,0.7916666666666666
airplane+hen+rooster,0.9375
airplane+hen+sea_waves,0.875
airplane+hen+sheep,0.8125
airplane+hen+siren,0.8541666666666666
airplane+hen+sneezing,0.9375
airplane+hen+snoring,0.9791666666666666
airplane+hen+thunderstorm,0.9375
airplane+hen+toilet_flush,0.9166666666666666
airplane+hen+train,0.8333333333333334
airplane+hen+vacuum_cleaner,0.9375
airplane+hen+washing_machine,0.8541666666666666
airplane+hen+water_drops,0.9375
airplane+hen+wind,0.8333333333333334
airplane+insects+keyboard_typing,0.7708333333333334
airplane+insects+laughing,0.8333333333333334
airplane+insects+mouse_click,0.7291666666666666
airplane+insects+pig,0.7083333333333334
airplane+insects+pouring_water,0.8125
airplane+insects+rain,0.6041666666666666
airplane+insects+rooster,0.8541666666666666
airplane+insects+sea_waves,0.7708333333333334
airplane+insects+sheep,0.7708333333333334
airplane+insects+siren,0.8125
airplane+insects+sneezing,0.8333333333333334
airplane+insects+snoring,0.8125
airplane+insects+thunderstorm,0.8125
airplane+insects+toilet_flush,0.8541666666666666
airplane+insects+train,0.75
airplane+insects+vacuum_cleaner,0.8125
airplane+insects+washing_machine,0.7083333333333334
airplane+insects+water_drops,0.7916666666666666
airplane+insects+wind,0.7083333333333334
airplane+keyboard_typing+laughing,0.7083333333333334
airplane+keyboard_typing+mouse_click,0.875
airplane+keyboard_typing+pig,0.8125
airplane+keyboard_typing+pouring_water,0.7708333333333334
airplane+keyboard_typing+rain,0.8125
airplane+keyboard_typing+rooster,0.8958333333333334
airplane+keyboard_typing+sea_waves,0.8958333333333334
airplane+keyboard_typing+sheep,0.8125
airplane+keyboard_typing+siren,0.8541666666666666
airplane+keyboard_typing+sneezing,0.875
airplane+keyboard_typing+snoring,0.875
airplane+keyboard_typing+thunderstorm,0.9375
airplane+keyboard_typing+toilet_flush,0.9166666666666666
airplane+keyboard_typing+train,0.8541666666666666
airplane+keyboard_typing+vacuum_cleaner,0.9375
airplane+keyboard_typing+washing_machine,0.8333333333333334
airplane+keyboard_typing+water_drops,0.875
airplane+keyboard_typing+wind,0.8125
airplane+laughing+mouse_click,0.9375
airplane+laughing+pig,0.8541666666666666
airplane+laughing+pouring_water,0.8125
airplane+laughing+rain,0.8125
airplane+laughing+rooster,0.7708333333333334
airplane+laughing+sea_waves,0.8541666666666666
airplane+laughing+sheep,0.75
airplane+laughing+siren,0.8125
airplane+laughing+sneezing,0.8958333333333334
airplane+laughing+snoring,0.9583333333333334
airplane+laughing+thunderstorm,0.9375
airplane+laughing+toilet_flush,0.8958333333333334
airplane+laughing+train,0.8333333333333334
airplane+laughing+vacuum_cleaner,0.9166666666666666
airplane+laughing+washing_machine,0.875
airplane+laughing+water_drops,0.9375
airplane+laughing+wind,0.8333333333333334
airplane+mouse_click+pig,0.875
airplane+mouse_click+pouring_water,0.8958333333333334
airplane+mouse_click+rain,0.7708333333333334
airplane+mouse_click+rooster,1.0
airplane+mouse_click+sea_waves,0.9166666666666666
airplane+mouse_click+sheep,0.8958333333333334
airplane+mouse_click+siren,0.8958333333333334
airplane+mouse_click+sneezing,0.875
airplane+mouse_click+snoring,0.875
airplane+mouse_click+thunderstorm,0.8958333333333334
airplane+mouse_click+toilet_flush,0.9791666666666666
airplane+mouse_click+train,0.8541666666666666
airplane+mouse_click+vacuum_cleaner,0.9583333333333334
airplane+mouse_click+washing_machine,0.875
airplane+mouse_click+water_drops,0.7291666666666666
airplane+mouse_click+wind,0.8125
airplane+pig+pouring_water,0.7708333333333334
airplane+pig+rain,0.7708333333333334
airplane+pig+rooster,0.875
airplane+pig+sea_waves,0.875
airplane+pig+sheep,0.6875
airplane+pig+siren,0.8333333333333334
airplane+pig+sneezing,0.875
airplane+pig+snoring,0.8125
airplane+pig+thunderstorm,0.875
airplane+pig+toilet_flush,0.9375
airplane+pig+train,0.8333333333333334
airplane+pig+vacuum_cleaner,0.8541666666666666
airplane+pig+washing_machine,0.7916666666666666
airplane+pig+water_drops,0.875
airplane+pig+wind,0.7916666666666666
airplane+pouring_water+rain,0.8333333333333334
airplane+pouring_water+rooster,0.7916666666666666
airplane+pouring_water+sea_waves,0.9166666666666666
airplane+pouring_water+sheep,0.75
airplane+pouring_water+siren,0.8541666666666666
airplane+pouring_water+sneezing,0.9166666666666666
airplane+pouring_water+snoring,0.9583333333333334
airplane+pouring_water+thunderstorm,0.9583333333333334
airplane+pouring_water+toilet_flush,0.875
airplane+pouring_water+train,0.875
airplane+pouring_water+vacuum_cleaner,0.9583333333333334
airplane+pouring_water+washing_machine,0.8541666666666666
airplane+pouring_water+water_drops,0.875
airplane+pouring_water+wind,0.8333333333333334
airplane+rain+rooster,0.8333333333333334
airplane+rain+sea_waves,0.6875
airplane+rain+sheep,0.75
airplane+rain+siren,0.75
airplane+rain+sneezing,0.8333333333333334
airplane+rain+snoring,0.7916666666666666
airplane+rain+thunderstorm,0.7708333333333334
airplane+rain+toilet_flush,0.7916666666666666
airplane+rain+train,0.6666666666666666
airplane+rain+vacuum_cleaner,0.6875
airplane+rain+washing_machine,0.6458333333333334
airplane+rain+water_drops,0.7916666666666666
airplane+rain+wind,0.5833333333333334
airplane+rooster+sea_waves,0.9166666666666666
airplane+rooster+sheep,0.9166666666666666
airplane+rooster+siren,0.8958333333333334
airplane+rooster+sneezing,0.8958333333333334
airplane+rooster+snoring,1.0
airplane+rooster+thunderstorm,0.9583333333333334
airplane+rooster+toilet_flush,0.9583333333333334
airplane+rooster+train,0.875
airplane+rooster+vacuum_cleaner,0.9583333333333334
airplane+rooster+washing_machine,0.875
airplane+rooster+water_drops,0.9583333333333334
airplane+rooster+wind,0.8333333333333334
airplane+sea_waves+sheep,0.8125
airplane+sea_waves+siren,0.8125
airplane+sea_waves+sneezing,0.9166666666666666
airplane+sea_waves+snoring,0.9166666666666666
airplane+sea_waves+thunderstorm,0.875
airplane+sea_waves+toilet_flush,0.8958333333333334
airplane+sea_waves+train,0.7708333333333334
airplane+sea_waves+vacuum_cleaner,0.7291666666666666
airplane+sea_waves+washing_machine,0.7291666666666666
airplane+sea_waves+water_drops,0.8958333333333334
airplane+sea_waves+wind,0.7291666666666666
airplane+sheep+siren,0.75
airplane+sheep+sneezing,0.8541666666666666
airplane+sheep+snoring,0.875
airplane+sheep+thunderstorm,0.8333333333333334
airplane+sheep+toilet_flush,0.875
airplane+sheep+train,0.7916666666666666
airplane+sheep+vacuum_cleaner,0.8333333333333334
airplane+sheep+washing_machine,0.7916666666666666
airplane+sheep+water_drops,0.8958333333333334
airplane+sheep+wind,0.75
airplane+siren+sneezing,0.9166666666666666
airplane+siren+snoring,0.875
airplane+siren+thunderstorm,0.8541666666666666
airplane+siren+toilet_flush,0.875
airplane+siren+train,0.75
airplane+siren+vacuum_cleaner,0.8541666666666666
airplane+siren+washing_machine,0.7916666666666666
airplane+siren+water_drops,0.875
airplane+siren+wind,0.75
airplane+sneezing+snoring,1.0
airplane+sneezing+thunderstorm,0.9583333333333334
airplane+sneezing+toilet_flush,0.9583333333333334
airplane+sneezing+train,0.875
airplane+sneezing+vacuum_cleaner,0.9583333333333334
airplane+sneezing+washing_machine,0.875
airplane+sneezing+water_drops,0.8541666666666666
airplane+sneezing+wind,0.8333333333333334
airplane+snoring+thunderstorm,0.8958333333333334
airplane+snoring+toilet_flush,0.9583333333333334
airplane+snoring+train,0.8541666666666666
airplane+snoring+vacuum_cleaner,0.9375
airplane+snoring+washing_machine,0.8125
airplane+snoring+water_drops,0.8958333333333334
airplane+snoring+wind,0.8125
airplane+thunderstorm+toilet_flush,0.9583333333333334
airplane+thunderstorm+train,0.8125
airplane+thunderstorm+vacuum_cleaner,0.9166666666666666
airplane+thunderstorm+washing_machine,0.8125
airplane+thunderstorm+water_drops,0.8958333333333334
airplane+thunderstorm+wind,0.7916666666666666
airplane+toilet_flush+train,0.875
airplane+toilet_flush+vacuum_cleaner,0.8541666666666666
airplane+toilet_flush+washing_machine,0.8333333333333334
airplane+toilet_flush+water_drops,0.9583333333333334
airplane+toilet_flush+wind,0.8333333333333334
airplane+train+vacuum_cleaner,0.8125
airplane+train+washing_machine,0.6875
airplane+train+water_drops,0.8541666666666666
airplane+train+wind,0.6041666666666666
airplane+vacuum_cleaner+washing_machine,0.7916666666666666
airplane+vacuum_cleaner+water_drops,0.9375
airplane+vacuum_cleaner+wind,0.6875
airplane+washing_machine+water_drops,0.8541666666666666
airplane+washing_machine+wind,0.625
airplane+water_drops+wind,0.7916666666666666
breathing+brushing_teeth+can_opening,0.75
breathing+brushing_teeth+car_horn,0.5625
breathing+brushing_teeth+cat,0.7916666666666666
breathing+brushing_teeth+chainsaw,0.6666666666666666
breathing+brushing_teeth+chirping_birds,0.75
breathing+brushing_teeth+church_bells,0.7708333333333334
breathing+brushing_teeth+clapping,0.6041666666666666
breathing+brushing_teeth+clock_alarm,0.6875
breathing+brushing_teeth+clock_tick,0.625
breathing+brushing_teeth+coughing,0.75
breathing+brushing_teeth+cow,0.6666666666666666
breathing+brushing_teeth+crackling_fire,0.7916666666666666
breathing+brushing_teeth+crickets,0.7291666666666666
breathing+brushing_teeth+crow,0.5833333333333334
breathing+brushing_teeth+crying_baby,0.6666666666666666
breathing+brushing_teeth+dog,0.6666666666666666
breathing+brushing_teeth+door_wood_creaks,0.5625
breathing+brushing_teeth+door_wood_knock,0.75
breathing+brushing_teeth+drinking_sipping,0.75
breathing+brushing_teeth+engine,0.75
breathing+brushing_teeth+fireworks,0.6458333333333334
breathing+brushing_teeth+footsteps,0.6458333333333334
breathing+brushing_teeth+frog,0.6041666666666666
breathing+brushing_teeth+glass_breaking,0.7291666666666666
breathing+brushing_teeth+hand_saw,0.6458333333333334
breathing+brushing_teeth+helicopter,0.75
breathing+brushing_teeth+hen,0.7083333333333334
breathing+brushing_teeth+insects,0.7291666666666666
breathing+brushing_teeth+keyboard_typing,0.6666666666666666
breathing+brushing_teeth+laughing,0.5833333333333334
breathing+brushing_teeth+mouse_click,0.6875
breathing+brushing_teeth+pig,0.5416666666666666
breathing+brushing_teeth+pouring_water,0.6458333333333334
breathing+brushing_teeth+rain,0.7083333333333334
breathing+brushing_teeth+rooster,0.7916666666666666
breathing+brushing_teeth+sea_waves,0.6666666666666666
breathing+brushing_teeth+sheep,0.6041666666666666
breathing+brushing_teeth+siren,0.7083333333333334
breathing+brushing_teeth+sneezing,0.7708333333333334
breathing+brushing_teeth+snoring,0.75
breathing+brushing_teeth+thunderstorm,0.7083333333333334
breathing+brushing_teeth+toilet_flush,0.6458333333333334
breathing+brushing_teeth+train,0.7708333333333334
breathing+brushing_teeth+vacuum_cleaner,0.7916666666666666
breathing+brushing_teeth+washing_machine,0.6875
breathing+brushing_teeth+water_drops,0.7291666666666666
breathing+brushing_teeth+wind,0.7708333333333334
breathing+can_opening+car_horn,0.6666666666666666
breathing+can_opening+cat,0.8541666666666666
breathing+can_opening+chainsaw,0.8333333333333334
breathing+can_opening+chirping_birds,0.8958333333333334
breathing+can_opening+church_bells,0.8958333333333334
breathing+can_opening+clapping,0.75
breathing+can_opening+clock_alarm,0.8541666666666666
breathing+can_opening+clock_tick,0.6458333333333334
breathing+can_opening+coughing,0.8125
breathing+can_opening+cow,0.7916666666666666
breathing+can_opening+crackling_fire,0.8541666666666666
breathing+can_opening+crickets,0.8333333333333334
breathing+can_opening+crow,0.75
breathing+can_opening+crying_baby,0.7916666666666666
breathing+can_opening+dog,0.7916666666666666
breathing+can_opening+door_wood_creaks,0.6458333333333334
breathing+can_opening+door_wood_knock,0.8125
breathing+can_opening+drinking_sipping,0.7916666666666666
breathing+can_opening+engine,0.8958333333333334
breathing+can_opening+fireworks,0.8125
breathing+can_opening+footsteps,0.75
breathing+can_opening+frog,0.7708333333333334
breathing+can_opening+glass_breaking,0.75
breathing+can_opening+hand_saw,0.7708333333333334
breathing+can_opening+helicopter,0.875
breathing+can_opening+hen,0.8125
breathing+can_opening+insects,0.8125
breathing+can_opening+keyboard_typing,0.75
breathing+can_opening+laughing,0.75
breathing+can_opening+mouse_click,0.7291666666666666
breathing+can_opening+pig,0.6666666666666666
breathing+can_opening+pouring_water,0.7916666666666666
breathing+can_opening+rain,0.8541666666666666
breathing+can_opening+rooster,0.8958333333333334
breathing+can_opening+sea_waves,0.8125
breathing+can_opening+sheep,0.7708333333333334
breathing+can_opening+siren,0.8541666666666666
breathing+can_opening+sneezing,0.8541666666666666
breathing+can_opening+snoring,0.875
breathing+can_opening+thunderstorm,0.8333333333333334
breathing+can_opening+toilet_flush,0.7708333333333334
breathing+can_opening+train,0.8958333333333334
breathing+can_opening+vacuum_cleaner,0.9166666666666666
breathing+can_opening+washing_machine,0.8333333333333334
breathing+can_opening+water_drops,0.6875
breathing+can_opening+wind,0.8958333333333334
breathing+car_horn+cat,0.6458333333333334
breathing+car_horn+chainsaw,0.6041666666666666
breathing+car_horn+chirping_birds,0.6666666666666666
breathing+car_horn+church_bells,0.6875
breathing+car_horn+clapping,0.5625
breathing+car_horn+clock_alarm,0.6666666666666666
breathing+car_horn+clock_tick,0.5
breathing+car_horn+coughing,0.6875
breathing+car_horn+cow,0.625
breathing+car_horn+crackling_fire,0.7083333333333334
breathing+car_horn+crickets,0.6666666666666666
breathing+car_horn+crow,0.5625
breathing+car_horn+crying_baby,0.6041666666666666
breathing+car_horn+dog,0.6041666666666666
breathing+car_horn+door_wood_creaks,0.4791666666666667
breathing+car_horn+door_wood_knock,0.6875
breathing+car_horn+drinking_sipping,0.625
breathing+car_horn+engine,0.625
breathing+car_horn+fireworks,0.6875
breathing+car_horn+footsteps,0.5625
breathing+car_horn+frog,0.6041666666666666
breathing+car_horn+glass_breaking,0.6458333333333334
breathing+car_horn+hand_saw,0.6041666666666666
breathing+car_horn+helicopter,0.5833333333333334
breathing+car_horn+hen,0.5833333333333334
breathing+car_horn+insects,0.5
breathing+car_horn+keyboard_typing,0.5833333333333334
breathing+car_horn+laughing,0.5833333333333334
breathing+car_horn+mouse_click,0.6041666666666666
breathing+car_horn+pig,0.5
breathing+car_horn+pouring_water,0.625
breathing+car_horn+rain,0.5
breathing+car_horn+rooster,0.7291666666666666
breathing+car_horn+sea_waves,0.5625
breathing+car_horn+sheep,0.5
breathing+car_horn+siren,0.625
breathing+car_horn+sneezing,0.7083333333333334
breathing+car_horn+snoring,0.6666666666666666
breathing+car_horn+thunderstorm,0.625
breathing+car_horn+toilet_flush,0.5833333333333334
breathing+car_horn+train,0.6458333333333334
breathing+car_horn+vacuum_cleaner,0.7291666666666666
breathing+car_horn+washing_machine,0.6041666666666666
breathing+car_horn+water_drops,0.6458333333333334
breathing+car_horn+wind,0.6666666666666666
breathing+cat+chainsaw,0.875
breathing+cat+chirping_birds,0.9166666666666666
breathing+cat+church_bells,0.9375
breathing+cat+clapping,0.7708333333333334
breathing+cat+clock_alarm,0.8541666666666666
breathing+cat+clock_tick,0.5625
breathing+cat+coughing,0.8541666666666666
breathing+cat+cow,0.7916666666666666
breathing+cat+crackling_fire,0.9583333333333334
breathing+cat+crickets,0.8541666666666666
breathing+cat+crow,0.75
breathing+cat+crying_baby,0.7708333333333334
breathing+cat+dog,0.75
breathing+cat+door_wood_creaks,0.5833333333333334
breathing+cat+door_wood_knock,0.8958333333333334
breathing+cat+drinking_sipping,0.8333333333333334
breathing+cat+engine,0.9166666666666666
breathing+cat+fireworks,0.7291666666666666
breathing+cat+footsteps,0.75
breathing+cat+frog,0.7708333333333334
breathing+cat+glass_breaking,0.8541666666666666
breathing+cat+hand_saw,0.8125
breathing+cat+helicopter,0.8958333333333334
breathing+cat+hen,0.7083333333333334
breathing+cat+insects,0.8541666666666666
breathing+cat+keyboard_typing,0.75
breathing+cat+laughing,0.5833333333333334
breathing+cat+mouse_click,0.7916666666666666
breathing+cat+pig,0.6666666666666666
breathing+cat+pouring_water,0.7916666666666666
breathing+cat+rain,0.8541666666666666
breathing+cat+rooster,0.8125
breathing+cat+sea_waves,0.8333333333333334
breathing+cat+sheep,0.7708333333333334
breathing+cat+siren,0.8333333333333334
breathing+cat+sneezing,0.75
breathing+cat+snoring,0.875
breathing+cat+thunderstorm,0.8541666666666666
breathing+cat+toilet_flush,0.8125
breathing+cat+train,0.9166666666666666
breathing+cat+vacuum_cleaner,0.9583333333333334
breathing+cat+washing_machine,0.8333333333333334
breathing+cat+water_drops,0.8333333333333334
breathing+cat+wind,0.9166666666666666
breathing+chainsaw+chirping_birds,0.8333333333333334
breathing+chainsaw+church_bells,0.8541666666666666
breathing+chainsaw+clapping,0.7083333333333334
breathing+chainsaw+clock_alarm,0.8125
breathing+chainsaw+clock_tick,0.7083333333333334
breathing+chainsaw+coughing,0.8125
breathing+chainsaw+cow,0.75
breathing+chainsaw+crackling_fire,0.875
breathing+chainsaw+crickets,0.8125
breathing+chainsaw+crow,0.75
breathing+chainsaw+crying_baby,0.7708333333333334
breathing+chainsaw+dog,0.8125
breathing+chainsaw+door_wood_creaks,0.625
breathing+chainsaw+door_wood_knock,0.8541666666666666
breathing+chainsaw+drinking_sipping,0.8333333333333334
breathing+chainsaw+engine,0.8333333333333334
breathing+chainsaw+fireworks,0.75
breathing+chainsaw+footsteps,0.75
breathing+chainsaw+frog,0.7708333333333334
breathing+chainsaw+glass_breaking,0.8125
breathing+chainsaw+hand_saw,0.5833333333333334
breathing+chainsaw+helicopter,0.75
breathing+chainsaw+hen,0.8125
breathing+chainsaw+insects,0.7708333333333334
breathing+chainsaw+keyboard_typing,0.75
breathing+chainsaw+laughing,0.75
breathing+chainsaw+mouse_click,0.7708333333333334
breathing+chainsaw+pig,0.5833333333333334
breathing+chainsaw+pouring_water,0.7708333333333334
breathing+chainsaw+rain,0.6458333333333334
breathing+chainsaw+rooster,0.875
breathing+chainsaw+sea_waves,0.6458333333333334
breathing+chainsaw+sheep,0.7083333333333334
breathing+chainsaw+siren,0.8541666666666666
breathing+chainsaw+sneezing,0.8541666666666666
breathing+chainsaw+snoring,0.8541666666666666
breathing+chainsaw+thunderstorm,0.8125
breathing+chainsaw+toilet_flush,0.7291666666666666
breathing+chainsaw+train,0.7083333333333334
breathing+chainsaw+vacuum_cleaner,0.6666666666666666
breathing+chainsaw+washing_machine,0.7291666666666666
breathing+chainsaw+water_drops,0.8333333333333334
breathing+chainsaw+wind,0.8125
breathing+chirping_birds+church_bells,0.9166666666666666
breathing+chirping_birds+clapping,0.75
breathing+chirping_birds+clock_alarm,0.8333333333333334
breathing+chirping_birds+clock_tick,0.7916666666666666
breathing+chirping_birds+coughing,0.8958333333333334
breathing+chirping_birds+cow,0.7708333333333334
breathing+chirping_birds+crackling_fire,0.9583333333333334
breathing+chirping_birds+crickets,0.8125
breathing+chirping_birds+crow,0.75
breathing+chirping_birds+crying_baby,0.75
breathing+chirping_birds+dog,0.8125
breathing+chirping_birds+door_wood_creaks,0.7083333333333334
breathing+chirping_birds+door_wood_knock,0.8958333333333334
breathing+chirping_birds+drinking_sipping,0.875
breathing+chirping_birds+engine,0.9166666666666666
breathing+chirping_birds+fireworks,0.8333333333333334
breathing+chirping_birds+footsteps,0.7916666666666666
breathing+chirping_birds+frog,0.6875
breathing+chirping_birds+glass_breaking,0.875
breathing+chirping_birds+hand_saw,0.7708333333333334
breathing+chirping_birds+helicopter,0.8958333333333334
breathing+chirping_birds+hen,0.7708333333333334
breathing+chirping_birds+insects,0.7708333333333334
breathing+chirping_birds+keyboard_typing,0.7708333333333334
breathing+chirping_birds+laughing,0.7083333333333334
breathing+chirping_birds+mouse_click,0.8333333333333334
breathing+chirping_birds+pig,0.625
breathing+chirping_birds+pouring_water,0.7708333333333334
breathing+chirping_birds+rain,0.7083333333333334
breathing+chirping_birds+rooster,0.9375
breathing+chirping_birds+sea_waves,0.7708333333333334
breathing+chirping_birds+sheep,0.7083333333333334
breathing+chirping_birds+siren,0.8125
breathing+chirping_birds+sneezing,0.9166666666666666
breathing+chirping_birds+snoring,0.9166666666666666
breathing+chirping_birds+thunderstorm,0.8541666666666666
breathing+chirping_birds+toilet_flush,0.75
breathing+chirping_birds+train,0.9166666666666666
breathing+chirping_birds+vacuum_cleaner,0.9583333333333334
breathing+chirping_birds+washing_machine,0.8125
breathing+chirping_birds+water_drops,0.8958333333333334
breathing+chirping_birds+wind,0.8958333333333334
breathing+church_bells+clapping,0.7083333333333334
breathing+church_bells+clock_alarm,0.8541666666666666
breathing+church_bells+clock_tick,0.7708333333333334
breathing+church_bells+coughing,0.8958333333333334
breathing+church_bells+cow,0.75
breathing+church_bells+crackling_fire,0.9375
breathing+church_bells+crickets,0.8541666666666666
breathing+church_bells+crow,0.8125
breathing+church_bells+crying_baby,0.8125
breathing+church_bells+dog,0.7916666666666666
breathing+church_bells+door_wood_creaks,0.7083333333333334
breathing+church_bells+door_wood_knock,0.8958333333333334
breathing+church_bells+drinking_sipping,0.8958333333333334
breathing+church_bells+engine,0.9375
breathing+church_bells+fireworks,0.8125
breathing+church_bells+footsteps,0.8125
breathing+church_bells+frog,0.8541666666666666
breathing+church_bells+glass_breaking,0.875
breathing+church_bells+hand_saw,0.7916666666666666
breathing+church_bells+helicopter,0.8333333333333334
breathing+church_bells+hen,0.875
breathing+church_bells+insects,0.75
breathing+church_bells+keyboard_typing,0.7916666666666666
breathing+church_bells+laughing,0.7291666666666666
breathing+church_bells+mouse_click,0.8333333333333334
breathing+church_bells+pig,0.7083333333333334
breathing+church_bells+pouring_water,0.8333333333333334
breathing+church_bells+rain,0.8333333333333334
breathing+church_bells+rooster,0.9375
breathing+church_bells+sea_waves,0.7708333333333334
breathing+church_bells+sheep,0.7291666666666666
breathing+church_bells+siren,0.75
breathing+church_bells+sneezing,0.9166666666666666
breathing+church_bells+snoring,0.8958333333333334
breathing+church_bells+thunderstorm,0.875
breathing+church_bells+toilet_flush,0.8125
breathing+church_bells+train,0.8958333333333334
breathing+church_bells+vacuum_cleaner,0.9166666666666666
breathing+church_bells+washing_machine,0.8333333333333334
breathing+church_bells+water_drops,0.8958333333333334
breathing+church_bells+wind,0.875
breathing+clapping+clock_alarm,0.7083333333333334
breathing+clapping+clock_tick,0.6041666666666666
breathing+clapping+coughing,0.7708333333333334
breathing+clapping+cow,0.625
breathing+clapping+crackling_fire,0.7916666666666666
breathing+clapping+crickets,0.7291666666666666
breathing+clapping+crow,0.6041666666666666
breathing+clapping+crying_baby,0.6875
breathing+clapping+dog,0.7916666666666666
breathing+clapping+door_wood_creaks,0.5625
breathing+clapping+door_wood_knock,0.75
breathing+clapping+drinking_sipping,0.7291666666666666
breathing+clapping+engine,0.7083333333333334
breathing+clapping+fireworks,0.7291666666666666
breathing+clapping+footsteps,0.6458333333333334
breathing+clapping+frog,0.7083333333333334
breathing+clapping+glass_breaking,0.6666666666666666
breathing+clapping+hand_saw,0.625
breathing+clapping+helicopter,0.7708333333333334
breathing+clapping+hen,0.6875
breathing+clapping+insects,0.7291666666666666
breathing+clapping+keyboard_typing,0.6666666666666666
breathing+clapping+laughing,0.5833333333333334
breathing+clapping+mouse_click,0.6875
breathing+clapping+pig,0.5625
breathing+clapping+pouring_water,0.6458333333333334
breathing+clapping+rain,0.6666666666666666
breathing+clapping+rooster,0.7916666666666666
breathing+clapping+sea_waves,0.7083333333333334
breathing+clapping+sheep,0.6458333333333334
breathing+clapping+siren,0.75
breathing+clapping+sneezing,0.7291666666666666
breathing+clapping+snoring,0.75
breathing+clapping+thunderstorm,0.7083333333333334
breathing+clapping+toilet_flush,0.6458333333333334
breathing+clapping+train,0.75
breathing+clapping+vacuum_cleaner,0.6875
breathing+clapping+washing_machine,0.6875
breathing+clapping+water_drops,0.75
breathing+clapping+wind,0.75
breathing+clock_alarm+clock_tick,0.6875
breathing+clock_alarm+coughing,0.8333333333333334
breathing+clock_alarm+cow,0.7708333333333334
breathing+clock_alarm+crackling_fire,0.875
breathing+clock_alarm+crickets,0.7916666666666666
breathing+clock_alarm+crow,0.7083333333333334
breathing+clock_alarm+crying_baby,0.75
breathing+clock_alarm+dog,0.7916666666666666
breathing+clock_alarm+door_wood_creaks,0.625
breathing+clock_alarm+door_wood_knock,0.8541666666666666
breathing+clock_alarm+drinking_sipping,0.8541666666666666
breathing+clock_alarm+engine,0.875
breathing+clock_alarm+fireworks,0.8125
breathing+clock_alarm+footsteps,0.75
breathing+clock_alarm+frog,0.75
breathing+clock_alarm+glass_breaking,0.7916666666666666
breathing+clock_alarm+hand_saw,0.7291666666666666
breathing+clock_alarm+helicopter,0.8541666666666666
breathing+clock_alarm+hen,0.7916666666666666
breathing+clock_alarm+insects,0.8125
breathing+clock_alarm+keyboard_typing,0.7083333333333334
breathing+clock_alarm+laughing,0.7291666666666666
breathing+clock_alarm+mouse_click,0.7916666666666666
breathing+clock_alarm+pig,0.6041666666666666
breathing+clock_alarm+pouring_water,0.75
breathing+clock_alarm+rain,0.8125
breathing+clock_alarm+rooster,0.875
breathing+clock_alarm+sea_waves,0.7708333333333334
breathing+clock_alarm+sheep,0.7291666666666666
breathing+clock_alarm+siren,0.8125
breathing+clock_alarm+sneezing,0.875
breathing+clock_alarm+snoring,0.8333333333333334
breathing+clock_alarm+thunderstorm,0.8125
breathing+clock_alarm+toilet_flush,0.7291666666666666
breathing+clock_alarm+train,0.875
breathing+clock_alarm+vacuum_cleaner,0.8958333333333334
breathing+clock_alarm+washing_machine,0.8125
breathing+clock_alarm+water_drops,0.7916666666666666
breathing+clock_alarm+wind,0.875
breathing+clock_tick+coughing,0.6458333333333334
breathing+clock_tick+cow,0.6666666666666666
breathing+clock_tick+crackling_fire,0.7291666666666666
breathing+clock_tick+crickets,0.7708333333333334
breathing+clock_tick+crow,0.625
breathing+clock_tick+crying_baby,0.5833333333333334
breathing+clock_tick+dog,0.625
breathing+clock_tick+door_wood_creaks,0.5416666666666666
breathing+clock_tick+door_wood_knock,0.6875
breathing+clock_tick+drinking_sipping,0.6458333333333334
breathing+clock_tick+engine,0.7916666666666666
breathing+clock_tick+fireworks,0.6041666666666666
breathing+clock_tick+footsteps,0.5208333333333334
breathing+clock_tick+frog,0.6041666666666666
breathing+clock_tick+glass_breaking,0.7291666666666666
breathing+clock_tick+hand_saw,0.625
breathing+clock_tick+helicopter,0.7291666666666666
breathing+clock_tick+hen,0.5625
breathing+clock_tick+insects,0.5625
breathing+clock_tick+keyboard_typing,0.4791666666666667
breathing+clock_tick+laughing,0.5
breathing+clock_tick+mouse_click,0.5625
breathing+clock_tick+pig,0.5625
breathing+clock_tick+pouring_water,0.5625
breathing+clock_tick+rain,0.7708333333333334
breathing+clock_tick+rooster,0.7291666666666666
breathing+clock_tick+sea_waves,0.6666666666666666
breathing+clock_tick+sheep,0.5833333333333334
breathing+clock_tick+siren,0.7291666666666666
breathing+clock_tick+sneezing,0.6666666666666666
breathing+clock_tick+snoring,0.6875
breathing+clock_tick+thunderstorm,0.7291666666666666
breathing+clock_tick+toilet_flush,0.625
breathing+clock_tick+train,0.8125
breathing+clock_tick+vacuum_cleaner,0.7916666666666666
breathing+clock_tick+washing_machine,0.6875
breathing+clock_tick+water_drops,0.6041666666666666
breathing+clock_tick+wind,0.7916666666666666
breathing+coughing+cow,0.75
breathing+coughing+crackling_fire,0.8958333333333334
breathing+coughing+crickets,0.875
breathing+coughing+crow,0.75
breathing+coughing+crying_baby,0.8125
breathing+coughing+dog,0.8333333333333334
breathing+coughing+door_wood_creaks,0.6458333333333334
breathing+coughing+door_wood_knock,0.8125
breathing+coughing+drinking_sipping,0.6666666666666666
breathing+coughing+engine,0.8541666666666666
breathing+coughing+fireworks,0.8125
breathing+coughing+footsteps,0.7083333333333334
breathing+coughing+frog,0.7916666666666666
breathing+coughing+glass_breaking,0.7916666666666666
breathing+coughing+hand_saw,0.7291666666666666
breathing+coughing+helicopter,0.875
breathing+coughing+hen,0.8125
breathing+coughing+insects,0.8333333333333334
breathing+coughing+keyboard_typing,0.75
breathing+coughing+laughing,0.7291666666666666
breathing+coughing+mouse_click,0.75
breathing+coughing+pig,0.6666666666666666
breathing+coughing+pouring_water,0.7291666666666666
breathing+coughing+rain,0.8541666666666666
breathing+coughing+rooster,0.875
breathing+coughing+sea_waves,0.8125
breathing+coughing+sheep,0.7916666666666666
breathing+coughing+siren,0.8541666666666666
breathing+coughing+sneezing,0.7083333333333334
breathing+coughing+snoring,0.8541666666666666
breathing+coughing+thunderstorm,0.8333333333333334
breathing+coughing+toilet_flush,0.7708333333333334
breathing+coughing+train,0.8958333333333334
breathing+coughing+vacuum_cleaner,0.9166666666666666
breathing+coughing+washing_machine,0.8333333333333334
breathing+coughing+water_drops,0.8333333333333334
breathing+coughing+wind,0.8958333333333334
breathing+cow+crackling_fire,0.8333333333333334
breathing+cow+crickets,0.7916666666666666
breathing+cow+crow,0.7291666666666666
breathing+cow+crying_baby,0.7083333333333334
breathing+cow+dog,0.7291666666666666
breathing+cow+door_wood_creaks,0.6041666666666666
breathing+cow+door_wood_knock,0.7916666666666666
breathing+cow+drinking_sipping,0.7291666666666666
breathing+cow+engine,0.8125
breathing+cow+fireworks,0.7916666666666666
breathing+cow+footsteps,0.7291666666666666
breathing+cow+frog,0.75
breathing+cow+glass_breaking,0.7708333333333334
breathing+cow+hand_saw,0.6875
breathing+cow+helicopter,0.7916666666666666
breathing+cow+hen,0.6666666666666666
breathing+cow+insects,0.6875
breathing+cow+keyboard_typing,0.6458333333333334
breathing+cow+laughing,0.6041666666666666
breathing+cow+mouse_click,0.75
breathing+cow+pig,0.6041666666666666
breathing+cow+pouring_water,0.7083333333333334
breathing+cow+rain,0.7916666666666666
breathing+cow+rooster,0.7916666666666666
breathing+cow+sea_waves,0.6875
breathing+cow+sheep,0.6458333333333334
breathing+cow+siren,0.6666666666666666
breathing+cow+sneezing,0.7708333333333334
breathing+cow+snoring,0.8125
breathing+cow+thunderstorm,0.8125
breathing+cow+toilet_flush,0.6666666666666666
breathing+cow+train,0.8333333333333334
breathing+cow+vacuum_cleaner,0.8125
breathing+cow+washing_machine,0.75
breathing+cow+water_drops,0.8125
breathing+cow+wind,0.8541666666666666
breathing+crackling_fire+crickets,0.8958333333333334
breathing+crackling_fire+crow,0.7916666666666666
breathing+crackling_fire+crying_baby,0.8541666666666666
breathing+crackling_fire+dog,0.8541666666666666
breathing+crackling_fire+door_wood_creaks,0.7291666666666666
breathing+crackling_fire+door_wood_knock,0.8958333333333334
breathing+crackling_fire+drinking_sipping,0.8541666666666666
breathing+crackling_fire+engine,0.9375
breathing+crackling_fire+fireworks,0.7708333333333334
breathing+crackling_fire+footsteps,0.7083333333333334
breathing+crackling_fire+frog,0.7708333333333334
breathing+crackling_fire+glass_breaking,0.8541666666666666
breathing+crackling_fire+hand_saw,0.8125
breathing+crackling_fire+helicopter,0.9166666666666666
breathing+crackling_fire+hen,0.8333333333333334
breathing+crackling_fire+insects,0.7708333333333334
breathing+crackling_fire+keyboard_typing,0.8125
breathing+crackling_fire+laughing,0.8125
breathing+crackling_fire+mouse_click,0.6041666666666666
breathing+crackling_fire+pig,0.7083333333333334
breathing+crackling_fire+pouring_water,0.8333333333333334
breathing+crackling_fire+rain,0.8541666666666666
breathing+crackling_fire+rooster,0.9583333333333334
breathing+crackling_fire+sea_waves,0.8541666666666666
breathing+crackling_fire+sheep,0.8125
breathing+crackling_fire+siren,0.8958333333333334
breathing+crackling_fire+sneezing,0.8958333333333334
breathing+crackling_fire+snoring,0.7708333333333334
breathing+crackling_fire+thunderstorm,0.75
breathing+crackling_fire+toilet_flush,0.8125
breathing+crackling_fire+train,0.9375
breathing+crackling_fire+vacuum_cleaner,0.9583333333333334
breathing+crackling_fire+washing_machine,0.8541666666666666
breathing+crackling_fire+water_drops,0.6666666666666666
breathing+crackling_fire+wind,0.9166666666666666
breathing+crickets+crow,0.7916666666666666
breathing+crickets+crying_baby,0.7916666666666666
breathing+crickets+dog,0.8333333333333334
breathing+crickets+door_wood_creaks,0.7291666666666666
breathing+crickets+door_wood_knock,0.875
breathing+crickets+drinking_sipping,0.875
breathing+crickets+engine,0.875
breathing+crickets+fireworks,0.8541666666666666
breathing+crickets+footsteps,0.8125
breathing+crickets+frog,0.7916666666666666
breathing+crickets+glass_breaking,0.8541666666666666
breathing+crickets+hand_saw,0.7291666666666666
breathing+crickets+helicopter,0.7708333333333334
breathing+crickets+hen,0.75
breathing+crickets+insects,0.8125
breathing+crickets+keyboard_typing,0.7708333333333334
breathing+crickets+laughing,0.75
breathing+crickets+mouse_click,0.8125
breathing+crickets+pig,0.6666666666666666
breathing+crickets+pouring_water,0.8125
breathing+crickets+rain,0.8333333333333334
breathing+crickets+rooster,0.9166666666666666
breathing+crickets+sea_waves,0.75
breathing+crickets+sheep,0.75
breathing+crickets+siren,0.8541666666666666
breathing+crickets+sneezing,0.8958333333333334
breathing+crickets+snoring,0.8958333333333334
breathing+crickets+thunderstorm,0.8541666666666666
breathing+crickets+toilet_flush,0.75
breathing+crickets+train,0.8541666666666666
breathing+crickets+vacuum_cleaner,0.9166666666666666
breathing+crickets+washing_machine,0.75
breathing+crickets+water_drops,0.8541666666666666
breathing+crickets+wind,0.875
breathing+crow+crying_baby,0.6875
breathing+crow+dog,0.7083333333333334
breathing+crow+door_wood_creaks,0.5625
breathing+crow+door_wood_knock,0.7708333333333334
breathing+crow+drinking_sipping,0.75
breathing+crow+engine,0.7708333333333334
breathing+crow+fireworks,0.75
breathing+crow+footsteps,0.7083333333333334
breathing+crow+frog,0.6666666666666666
breathing+crow+glass_breaking,0.7291666666666666
breathing+crow+hand_saw,0.6458333333333334
breathing+crow+helicopter,0.8125
breathing+crow+hen,0.7083333333333334
breathing+crow+insects,0.75
breathing+crow+keyboard_typing,0.6666666666666666
breathing+crow+laughing,0.625
breathing+crow+mouse_click,0.6875
breathing+crow+pig,0.625
breathing+crow+pouring_water,0.625
breathing+crow+rain,0.75
breathing+crow+rooster,0.7291666666666666
breathing+crow+sea_waves,0.7291666666666666
breathing+crow+sheep,0.6666666666666666
breathing+crow+siren,0.7083333333333334
breathing+crow+sneezing,0.7708333333333334
breathing+crow+snoring,0.7916666666666666
breathing+crow+thunderstorm,0.7708333333333334
breathing+crow+toilet_flush,0.6666666666666666
breathing+crow+train,0.8125
breathing+crow+vacuum_cleaner,0.75
breathing+crow+washing_machine,0.75
breathing+crow+water_drops,0.7708333333333334
breathing+crow+wind,0.8125
breathing+crying_baby+dog,0.7708333333333334
breathing+crying_baby+door_wood_creaks,0.5625
breathing+crying_baby+door_wood_knock,0.8125
breathing+crying_baby+drinking_sipping,0.75
breathing+crying_baby+engine,0.8333333333333334
breathing+crying_baby+fireworks,0.7083333333333334
breathing+crying_baby+footsteps,0.6458333333333334
breathing+crying_baby+frog,0.75
breathing+crying_baby+glass_breaking,0.7708333333333334
breathing+crying_baby+hand_saw,0.7083333333333334
breathing+crying_baby+helicopter,0.8125
breathing+crying_baby+hen,0.75
breathing+crying_baby+insects,0.75
breathing+crying_baby+keyboard_typing,0.6875
breathing+crying_baby+laughing,0.5833333333333334
breathing+crying_baby+mouse_click,0.75
breathing+crying_baby+pig,0.6041666666666666
breathing+crying_baby+pouring_water,0.6041666666666666
breathing+crying_baby+rain,0.7916666666666666
breathing+crying_baby+rooster,0.8125
breathing+crying_baby+sea_waves,0.7916666666666666
breathing+crying_baby+sheep,0.6458333333333334
breathing+crying_baby+siren,0.7708333333333334
breathing+crying_baby+sneezing,0.8333333333333334
breathing+crying_baby+snoring,0.7916666666666666
breathing+crying_baby+thunderstorm,0.75
breathing+crying_baby+toilet_flush,0.7291666666666666
breathing+crying_baby+train,0.8125
breathing+crying_baby+vacuum_cleaner,0.8541666666666666
breathing+crying_baby+washing_machine,0.7708333333333334
breathing+crying_baby+water_drops,0.7708333333333334
breathing+crying_baby+wind,0.8333333333333334
breathing+dog+door_wood_creaks,0.625
breathing+dog+door_wood_knock,0.7916666666666666
breathing+dog+drinking_sipping,0.7291666666666666
breathing+dog+engine,0.8333333333333334
breathing+dog+fireworks,0.7708333333333334
breathing+dog+footsteps,0.7291666666666666
breathing+dog+frog,0.7083333333333334
breathing+dog+glass_breaking,0.8125
breathing+dog+hand_saw,0.7916666666666666
breathing+dog+helicopter,0.8125
breathing+dog+hen,0.75
breathing+dog+insects,0.7916666666666666
breathing+dog+keyboard_typing,0.7083333333333334
breathing+dog+laughing,0.5
breathing+dog+mouse_click,0.7708333333333334
breathing+dog+pig,0.6458333333333334
breathing+dog+pouring_water,0.6666666666666666
breathing+dog+rain,0.7916666666666666
breathing+dog+rooster,0.7916666666666666
breathing+dog+sea_waves,0.8125
breathing+dog+sheep,0.75
breathing+dog+siren,0.7916666666666666
breathing+dog+sneezing,0.8333333333333334
breathing+dog+snoring,0.8333333333333334
breathing+dog+thunderstorm,0.7916666666666666
breathing+dog+toilet_flush,0.75
breathing+dog+train,0.8541666666666666
breathing+dog+vacuum_cleaner,0.8541666666666666
breathing+dog+washing_machine,0.7916666666666666
breathing+dog+water_drops,0.75
breathing+dog+wind,0.8541666666666666
breathing+door_wood_creaks+door_wood_knock,0.625
breathing+door_wood_creaks+drinking_sipping,0.6666666666666666
breathing+door_wood_creaks+engine,0.6875
breathing+door_wood_creaks+fireworks,0.6041666666666666
breathing+door_wood_creaks+footsteps,0.5625
breathing+door_wood_creaks+frog,0.6041666666666666
breathing+door_wood_creaks+glass_breaking,0.5625
breathing+door_wood_creaks+hand_saw,0.5625
breathing+door_wood_creaks+helicopter,0.6666666666666666
breathing+door_wood_creaks+hen,0.5833333333333334
breathing+door_wood_creaks+insects,0.6666666666666666
breathing+door_wood_creaks+keyboard_typing,0.625
breathing+door_wood_creaks+laughing,0.4583333333333333
breathing+door_wood_creaks+mouse_click,0.6458333333333334
breathing+door_wood_creaks+pig,0.5
breathing+door_wood_creaks+pouring_water,0.5833333333333334
breathing+door_wood_creaks+rain,0.6666666666666666
breathing+door_wood_creaks+rooster,0.7083333333333334
breathing+door_wood_creaks+sea_waves,0.625
breathing+door_wood_creaks+sheep,0.5416666666666666
breathing+door_wood_creaks+siren,0.6666666666666666
breathing+door_wood_creaks+sneezing,0.6666666666666666
breathing+door_wood_creaks+snoring,0.6875
breathing+door_wood_creaks+thunderstorm,0.6666666666666666
breathing+door_wood_creaks+toilet_flush,0.5208333333333334
breathing+door_wood_creaks+train,0.75
breathing+door_wood_creaks+vacuum_cleaner,0.7291666666666666
breathing+door_wood_creaks+washing_machine,0.6458333333333334
breathing+door_wood_creaks+water_drops,0.6875
breathing+door_wood_creaks+wind,0.75
breathing+door_wood_knock+drinking_sipping,0.75
breathing+door_wood_knock+engine,0.9166666666666666
breathing+door_wood_knock+fireworks,0.75
breathing+door_wood_knock+footsteps,0.75
breathing+door_wood_knock+frog,0.7708333333333334
breathing+door_wood_knock+glass_breaking,0.8541666666666666
breathing+door_wood_knock+hand_saw,0.7916666666666666
breathing+door_wood_knock+helicopter,0.875
breathing+door_wood_knock+hen,0.8125
breathing+door_wood_knock+insects,0.8541666666666666
breathing+door_wood_knock+keyboard_typing,0.75
breathing+door_wood_knock+laughing,0.7916666666666666
breathing+door_wood_knock+mouse_click,0.6875
breathing+door_wood_knock+pig,0.6458333333333334
breathing+door_wood_knock+pouring_water,0.7916666666666666
breathing+door_wood_knock+rain,0.8541666666666666
breathing+door_wood_knock+rooster,0.8958333333333334
breathing+door_wood_knock+sea_waves,0.8333333333333334
breathing+door_wood_knock+sheep,0.7708333333333334
breathing+door_wood_knock+siren,0.8541666666666666
breathing+door_wood_knock+sneezing,0.8958333333333334
breathing+door_wood_knock+snoring,0.7916666666666666
breathing+door_wood_knock+thunderstorm,0.8333333333333334
breathing+door_wood_knock+toilet_flush,0.7916666666666666
breathing+door_wood_knock+train,0.8958333333333334
breathing+door_wood_knock+vacuum_cleaner,0.8958333333333334
breathing+door_wood_knock+washing_machine,0.8333333333333334
breathing+door_wood_knock+water_drops,0.7916666666666666
breathing+door_wood_knock+wind,0.8958333333333334
breathing+drinking_sipping+engine,0.9166666666666666
breathing+drinking_sipping+fireworks,0.625
breathing+drinking_sipping+footsteps,0.7083333333333334
breathing+drinking_sipping+frog,0.7916666666666666
breathing+drinking_sipping+glass_breaking,0.8333333333333334
breathing+drinking_sipping+hand_saw,0.7708333333333334
breathing+drinking_sipping+helicopter,0.875
breathing+drinking_sipping+hen,0.75
breathing+drinking_sipping+insects,0.75
breathing+drinking_sipping+keyboard_typing,0.6666666666666666
breathing+drinking_sipping+laughing,0.625
breathing+drinking_sipping+mouse_click,0.7291666666666666
breathing+drinking_sipping+pig,0.6875
breathing+drinking_sipping+pouring_water,0.75
breathing+drinking_sipping+rain,0.875
breathing+drinking_sipping+rooster,0.8125
breathing+drinking_sipping+sea_waves,0.7916666666666666
breathing+drinking_sipping+sheep,0.75
breathing+drinking_sipping+siren,0.8125
breathing+drinking_sipping+sneezing,0.7916666666666666
breathing+drinking_sipping+snoring,0.8125
breathing+drinking_sipping+thunderstorm,0.8541666666666666
breathing+drinking_sipping+toilet_flush,0.7708333333333334
breathing+drinking_sipping+train,0.9166666666666666
breathing+drinking_sipping+vacuum_cleaner,0.9166666666666666
breathing+drinking_sipping+washing_machine,0.8333333333333334
breathing+drinking_sipping+water_drops,0.7083333333333334
breathing+drinking_sipping+wind,0.8958333333333334
breathing+engine+fireworks,0.8333333333333334
breathing+engine+footsteps,0.8333333333333334
breathing+engine+frog,0.8333333333333334
breathing+engine+glass_breaking,0.875
breathing+engine+hand_saw,0.7708333333333334
breathing+engine+helicopter,0.7291666666666666
breathing+engine+hen,0.8541666666666666
breathing+engine+insects,0.8541666666666666
breathing+engine+keyboard_typing,0.8125
breathing+engine+laughing,0.8125
breathing+engine+mouse_click,0.8333333333333334
breathing+engine+pig,0.7291666666666666
breathing+engine+pouring_water,0.8333333333333334
breathing+engine+rain,0.75
breathing+engine+rooster,0.9375
breathing+engine+sea_waves,0.7291666666666666
breathing+engine+sheep,0.7708333333333334
breathing+engine+siren,0.8958333333333334
breathing+engine+sneezing,0.9166666666666666
breathing+engine+snoring,0.9166666666666666
breathing+engine+thunderstorm,0.875
breathing+engine+toilet_flush,0.7708333333333334
breathing+engine+train,0.875
breathing+engine+vacuum_cleaner,0.8333333333333334
breathing+engine+washing_machine,0.7916666666666666
breathing+engine+water_drops,0.8958333333333334
breathing+engine+wind,0.8125
breathing+fireworks+footsteps,0.5208333333333334
breathing+fireworks+frog,0.7291666666666666
breathing+fireworks+glass_breaking,0.7916666666666666
breathing+fireworks+hand_saw,0.7708333333333334
breathing+fireworks+helicopter,0.8541666666666666
breathing+fireworks+hen,0.75
breathing+fireworks+insects,0.8125
breathing+fireworks+keyboard_typing,0.6041666666666666
breathing+fireworks+laughing,0.6041666666666666
breathing+fireworks+mouse_click,0.7083333333333334
breathing+fireworks+pig,0.6875
breathing+fireworks+pouring_water,0.7291666666666666
breathing+fireworks+rain,0.8541666666666666
breathing+fireworks+rooster,0.875
breathing+fireworks+sea_waves,0.7916666666666666
breathing+fireworks+sheep,0.6666666666666666
breathing+fireworks+siren,0.8333333333333334
breathing+fireworks+sneezing,0.8333333333333334
breathing+fireworks+snoring,0.8333333333333334
breathing+fireworks+thunderstorm,0.8541666666666666
breathing+fireworks+toilet_flush,0.75
breathing+fireworks+train,0.875
breathing+fireworks+vacuum_cleaner,0.8541666666666666
breathing+fireworks+washing_machine,0.8125
breathing+fireworks+water_drops,0.7708333333333334
breathing+fireworks+wind,0.8958333333333334
breathing+footsteps+frog,0.6458333333333334
breathing+footsteps+glass_breaking,0.75
breathing+footsteps+hand_saw,0.6875
breathing+footsteps+helicopter,0.7916666666666666
breathing+footsteps+hen,0.6875
breathing+footsteps+insects,0.7083333333333334
breathing+footsteps+keyboard_typing,0.5833333333333334
breathing+footsteps+laughing,0.6458333333333334
breathing+footsteps+mouse_click,0.625
breathing+footsteps+pig,0.625
breathing+footsteps+pouring_water,0.6666666666666666
breathing+footsteps+rain,0.7708333333333334
breathing+footsteps+rooster,0.7916666666666666
breathing+footsteps+sea_waves,0.7083333333333334
breathing+footsteps+sheep,0.6666666666666666
breathing+footsteps+siren,0.7708333333333334
breathing+footsteps+sneezing,0.7916666666666666
breathing+footsteps+snoring,0.6666666666666666
breathing+footsteps+thunderstorm,0.7291666666666666
breathing+footsteps+toilet_flush,0.7083333333333334
breathing+footsteps+train,0.8333333333333334
breathing+footsteps+vacuum_cleaner,0.7916666666666666
breathing+footsteps+washing_machine,0.7708333333333334
breathing+footsteps+water_drops,0.7291666666666666
breathing+footsteps+wind,0.8333333333333334
breathing+frog+glass_breaking,0.7708333333333334
breathing+frog+hand_saw,0.7083333333333334
breathing+frog+helicopter,0.8333333333333334
breathing+frog+hen,0.7708333333333334
breathing+frog+insects,0.75
breathing+frog+keyboard_typing,0.625
breathing+frog+laughing,0.6666666666666666
breathing+frog+mouse_click,0.6666666666666666
breathing+frog+pig,0.6458333333333334
breathing+frog+pouring_water,0.7291666666666666
breathing+frog+rain,0.7916666666666666
breathing+frog+rooster,0.8333333333333334
breathing+frog+sea_waves,0.7291666666666666
breathing+frog+sheep,0.625
breathing+frog+siren,0.7916666666666666
breathing+frog+sneezing,0.8125
breathing+frog+snoring,0.7916666666666666
breathing+frog+thunderstorm,0.7708333333333334
breathing+frog+toilet_flush,0.7291666666666666
breathing+frog+train,0.8333333333333334
breathing+frog+vacuum_cleaner,0.8125
breathing+frog+washing_machine,0.7708333333333334
breathing+frog+water_drops,0.75
breathing+frog+wind,0.8333333333333334
breathing+glass_breaking+hand_saw,0.75
breathing+glass_breaking+helicopter,0.8541666666666666
breathing+glass_breaking+hen,0.8125
breathing+glass_breaking+insects,0.8333333333333334
breathing+glass_breaking+keyboard_typing,0.7291666666666666
breathing+glass_breaking+laughing,0.75
breathing+glass_breaking+mouse_click,0.7083333333333334
breathing+glass_breaking+pig,0.6458333333333334
breathing+glass_breaking+pouring_water,0.7708333333333334
breathing+glass_breaking+rain,0.8333333333333334
breathing+glass_breaking+rooster,0.875
breathing+glass_breaking+sea_waves,0.7916666666666666
breathing+glass_breaking+sheep,0.75
breathing+glass_breaking+siren,0.8333333333333334
breathing+glass_breaking+sneezing,0.7708333333333334
breathing+glass_breaking+snoring,0.8541666666666666
breathing+glass_breaking+thunderstorm,0.8125
breathing+glass_breaking+toilet_flush,0.75
breathing+glass_breaking+train,0.875
breathing+glass_breaking+vacuum_cleaner,0.875
breathing+glass_breaking+washing_machine,0.8125
breathing+glass_breaking+water_drops,0.75
breathing+glass_breaking+wind,0.875
breathing+hand_saw+helicopter,0.7708333333333334
breathing+hand_saw+hen,0.7291666666666666
breathing+hand_saw+insects,0.7083333333333334
breathing+hand_saw+keyboard_typing,0.6875
breathing+hand_saw+laughing,0.6666666666666666
breathing+hand_saw+mouse_click,0.7291666666666666
breathing+hand_saw+pig,0.5
breathing+hand_saw+pouring_water,0.6875
breathing+hand_saw+rain,0.7083333333333334
breathing+hand_saw+rooster,0.7916666666666666
breathing+hand_saw+sea_waves,0.7291666666666666
breathing+hand_saw+sheep,0.6458333333333334
breathing+hand_saw+siren,0.75
breathing+hand_saw+sneezing,0.7916666666666666
breathing+hand_saw+snoring,0.7916666666666666
breathing+hand_saw+thunderstorm,0.75
breathing+hand_saw+toilet_flush,0.6041666666666666
breathing+hand_saw+train,0.7916666666666666
breathing+hand_saw+vacuum_cleaner,0.75
breathing+hand_saw+washing_machine,0.75
breathing+hand_saw+water_drops,0.7708333333333334
breathing+hand_saw+wind,0.7916666666666666
breathing+helicopter+hen,0.8125
breathing+helicopter+insects,0.7708333333333334
breathing+helicopter+keyboard_typing,0.7916666666666666
breathing+helicopter+laughing,0.7708333333333334
breathing+helicopter+mouse_click,0.7291666666666666
breathing+helicopter+pig,0.7291666666666666
breathing+helicopter+pouring_water,0.8125
breathing+helicopter+rain,0.7708333333333334
breathing+helicopter+rooster,0.8958333333333334
breathing+helicopter+sea_waves,0.75
breathing+helicopter+sheep,0.7916666666666666
breathing+helicopter+siren,0.8333333333333334
breathing+helicopter+sneezing,0.8958333333333334
breathing+helicopter+snoring,0.8958333333333334
breathing+helicopter+thunderstorm,0.7708333333333334
breathing+helicopter+toilet_flush,0.7916666666666666
breathing+helicopter+train,0.7708333333333334
breathing+helicopter+vacuum_cleaner,0.875
breathing+helicopter+washing_machine,0.625
breathing+helicopter+water_drops,0.8958333333333334
breathing+helicopter+wind,0.6458333333333334
breathing+hen+insects,0.6875
breathing+hen+keyboard_typing,0.6666666666666666
breathing+hen+laughing,0.5416666666666666
breathing+hen+mouse_click,0.75
breathing+hen+pig,0.5625
breathing+hen+pouring_water,0.6458333333333334
breathing+hen+rain,0.7708333333333334
breathing+hen+rooster,0.8333333333333334
breathing+hen+sea_waves,0.7708333333333334
breathing+hen+sheep,0.7083333333333334
breathing+hen+siren,0.7916666666666666
breathing+hen+sneezing,0.8125
breathing+hen+snoring,0.8125
breathing+hen+thunderstorm,0.8125
breathing+hen+toilet_flush,0.7291666666666666
breathing+hen+train,0.8333333333333334
breathing+hen+vacuum_cleaner,0.8541666666666666
breathing+hen+washing_machine,0.7708333333333334
breathing+hen+water_drops,0.8125
breathing+hen+wind,0.8541666666666666
breathing+insects+keyboard_typing,0.7291666666666666
breathing+insects+laughing,0.6666666666666666
breathing+insects+mouse_click,0.7083333333333334
breathing+insects+pig,0.6041666666666666
breathing+insects+pouring_water,0.7708333333333334
breathing+insects+rain,0.6875
breathing+insects+rooster,0.8958333333333334
breathing+insects+sea_waves,0.6875
breathing+insects+sheep,0.7291666666666666
breathing+insects+siren,0.8125
breathing+insects+sneezing,0.8541666666666666
breathing+insects+snoring,0.8333333333333334
breathing+insects+thunderstorm,0.7708333333333334
breathing+insects+toilet_flush,0.75
breathing+insects+train,0.7916666666666666
breathing+insects+vacuum_cleaner,0.8333333333333334
breathing+insects+washing_machine,0.6458333333333334
breathing+insects+water_drops,0.8125
breathing+insects+wind,0.7916666666666666
breathing+keyboard_typing+laughing,0.5416666666666666
breathing+keyboard_typing+mouse_click,0.6666666666666666
breathing+keyboard_typing+pig,0.5833333333333334
breathing+keyboard_typing+pouring_water,0.6041666666666666
breathing+keyboard_typing+rain,0.7708333333333334
breathing+keyboard_typing+rooster,0.7708333333333334
breathing+keyboard_typing+sea_waves,0.7291666666666666
breathing+keyboard_typing+sheep,0.6458333333333334
breathing+keyboard_typing+siren,0.7708333333333334
breathing+keyboard_typing+sneezing,0.75
breathing+keyboard_typing+snoring,0.7083333333333334
breathing+keyboard_typing+thunderstorm,0.75
breathing+keyboard_typing+toilet_flush,0.6875
breathing+keyboard_typing+train,0.8125
breathing+keyboard_typing+vacuum_cleaner,0.8333333333333334
breathing+keyboard_typing+washing_machine,0.7291666666666666
breathing+keyboard_typing+water_drops,0.7708333333333334
breathing+keyboard_typing+wind,0.8125
breathing+laughing+mouse_click,0.6875
breathing+laughing+pig,0.6041666666666666
breathing+laughing+pouring_water,0.5833333333333334
breathing+laughing+rain,0.7291666666666666
breathing+laughing+rooster,0.6458333333333334
breathing+laughing+sea_waves,0.6875
breathing+laughing+sheep,0.5625
breathing+laughing+siren,0.6666666666666666
breathing+laughing+sneezing,0.75
breathing+laughing+snoring,0.7708333333333334
breathing+laughing+thunderstorm,0.7291666666666666
breathing+laughing+toilet_flush,0.6875
breathing+laughing+train,0.75
breathing+laughing+vacuum_cleaner,0.7708333333333334
breathing+laughing+washing_machine,0.75
breathing+laughing+water_drops,0.75
breathing+laughing+wind,0.7916666666666666
breathing+mouse_click+pig,0.625
breathing+mouse_click+pouring_water,0.7083333333333334
breathing+mouse_click+rain,0.7708333333333334
breathing+mouse_click+rooster,0.8541666666666666
breathing+mouse_click+sea_waves,0.75
breathing+mouse_click+sheep,0.7083333333333334
breathing+mouse_click+siren,0.7916666666666666
breathing+mouse_click+sneezing,0.7916666666666666
breathing+mouse_click+snoring,0.7291666666666666
breathing+mouse_click+thunderstorm,0.75
breathing+mouse_click+toilet_flush,0.7083333333333334
breathing+mouse_click+train,0.8541666666666666
breathing+mouse_click+vacuum_cleaner,0.8541666666666666
breathing+mouse_click+washing_machine,0.7916666666666666
breathing+mouse_click+water_drops,0.6041666666666666
breathing+mouse_click+wind,0.8541666666666666
breathing+pig+pouring_water,0.6041666666666666
breathing+pig+rain,0.6666666666666666
breathing+pig+rooster,0.7083333333333334
breathing+pig+sea_waves,0.625
breathing+pig+sheep,0.5416666666666666
breathing+pig+siren,0.6458333333333334
breathing+pig+sneezing,0.6875
breathing+pig+snoring,0.6458333333333334
breathing+pig+thunderstorm,0.6875
breathing+pig+toilet_flush,0.625
breathing+pig+train,0.7083333333333334
breathing+pig+vacuum_cleaner,0.6458333333333334
breathing+pig+washing_machine,0.625
breathing+pig+water_drops,0.6875
breathing+pig+wind,0.7291666666666666
breathing+pouring_water+rain,0.7916666666666666
breathing+pouring_water+rooster,0.7291666666666666
breathing+pouring_water+sea_waves,0.75
breathing+pouring_water+sheep,0.5833333333333334
breathing+pouring_water+siren,0.75
breathing+pouring_water+sneezing,0.8125
breathing+pouring_water+snoring,0.8125
breathing+pouring_water+thunderstorm,0.7708333333333334
breathing+pouring_water+toilet_flush,0.6875
breathing+pouring_water+train,0.8333333333333334
breathing+pouring_water+vacuum_cleaner,0.8541666666666666
breathing+pouring_water+washing_machine,0.7708333333333334
breathing+pouring_water+water_drops,0.7291666666666666
breathing+pouring_water+wind,0.8333333333333334
breathing+rain+rooster,0.8958333333333334
breathing+rain+sea_waves,0.6458333333333334
breathing+rain+sheep,0.6875
breathing+rain+siren,0.7708333333333334
breathing+rain+sneezing,0.875
breathing+rain+snoring,0.8125
breathing+rain+thunderstorm,0.8125
breathing+rain+toilet_flush,0.7083333333333334
breathing+rain+train,0.7291666666666666
breathing+rain+vacuum_cleaner,0.75
breathing+rain+washing_machine,0.625
breathing+rain+water_drops,0.8541666666666666
breathing+rain+wind,0.7083333333333334
breathing+rooster+sea_waves,0.8541666666666666
breathing+rooster+sheep,0.8125
breathing+rooster+siren,0.875
breathing+rooster+sneezing,0.875
breathing+rooster+snoring,0.9166666666666666
breathing+rooster+thunderstorm,0.875
breathing+rooster+toilet_flush,0.8125
breathing+rooster+train,0.9375
breathing+rooster+vacuum_cleaner,0.9583333333333334
breathing+rooster+washing_machine,0.875
breathing+rooster+water_drops,0.9166666666666666
breathing+rooster+wind,0.9375
breathing+sea_waves+sheep,0.6875
breathing+sea_waves+siren,0.7916666666666666
breathing+sea_waves+sneezing,0.8333333333333334
breathing+sea_waves+snoring,0.8125
breathing+sea_waves+thunderstorm,0.7708333333333334
breathing+sea_waves+toilet_flush,0.75
breathing+sea_waves+train,0.7708333333333334
breathing+sea_waves+vacuum_cleaner,0.7291666666666666
breathing+sea_waves+washing_machine,0.7083333333333334
breathing+sea_waves+water_drops,0.8125
breathing+sea_waves+wind,0.7916666666666666
breathing+sheep+siren,0.7291666666666666
breathing+sheep+sneezing,0.75
breathing+sheep+snoring,0.7708333333333334
breathing+sheep+thunderstorm,0.7291666666666666
breathing+sheep+toilet_flush,0.7083333333333334
breathing+sheep+train,0.7708333333333334
breathing+sheep+vacuum_cleaner,0.7916666666666666
breathing+sheep+washing_machine,0.7291666666666666
breathing+sheep+water_drops,0.7708333333333334
breathing+sheep+wind,0.7916666666666666
breathing+siren+sneezing,0.875
breathing+siren+snoring,0.875
breathing+siren+thunderstorm,0.8333333333333334
breathing+siren+toilet_flush,0.7916666666666666
breathing+siren+train,0.7708333333333334
breathing+siren+vacuum_cleaner,0.8958333333333334
breathing+siren+washing_machine,0.8333333333333334
breathing+siren+water_drops,0.8541666666666666
breathing+siren+wind,0.875
breathing+sneezing+snoring,0.8958333333333334
breathing+sneezing+thunderstorm,0.8541666666666666
breathing+sneezing+toilet_flush,0.7916666666666666
breathing+sneezing+train,0.9166666666666666
breathing+sneezing+vacuum_cleaner,0.9375
breathing+sneezing+washing_machine,0.8541666666666666
breathing+sneezing+water_drops,0.7916666666666666
breathing+sneezing+wind,0.9166666666666666
breathing+snoring+thunderstorm,0.8125
breathing+snoring+toilet_flush,0.7916666666666666
breathing+snoring+train,0.8958333333333334
breathing+snoring+vacuum_cleaner,0.8958333333333334
breathing+snoring+washing_machine,0.8125
breathing+snoring+water_drops,0.8333333333333334
breathing+snoring+wind,0.8958333333333334
breathing+thunderstorm+toilet_flush,0.7708333333333334
breathing+thunderstorm+train,0.875
breathing+thunderstorm+vacuum_cleaner,0.875
breathing+thunderstorm+washing_machine,0.7291666666666666
breathing+thunderstorm+water_drops,0.8125
breathing+thunderstorm+wind,0.8958333333333334
breathing+toilet_flush+train,0.7916666666666666
breathing+toilet_flush+vacuum_cleaner,0.7083333333333334
breathing+toilet_flush+washing_machine,0.7291666666666666
breathing+toilet_flush+water_drops,0.7708333333333334
breathing+toilet_flush+wind,0.7916666666666666
breathing+train+vacuum_cleaner,0.9166666666666666
breathing+train+washing_machine,0.7708333333333334
breathing+train+water_drops,0.9166666666666666
breathing+train+wind,0.7916666666666666
breathing+vacuum_cleaner+washing_machine,0.8333333333333334
breathing+vacuum_cleaner+water_drops,0.9166666666666666
breathing+vacuum_cleaner+wind,0.8333333333333334
breathing+washing_machine+water_drops,0.8541666666666666
breathing+washing_machine+wind,0.6875
breathing+water_drops+wind,0.8958333333333334
brushing_teeth+can_opening+car_horn,0.6666666666666666
brushing_teeth+can_opening+cat,0.7083333333333334
brushing_teeth+can_opening+chainsaw,0.7083333333333334
brushing_teeth+can_opening+chirping_birds,0.7708333333333334
brushing_teeth+can_opening+church_bells,0.8125
brushing_teeth+can_opening+clapping,0.75
brushing_teeth+can_opening+clock_alarm,0.75
brushing_teeth+can_opening+clock_tick,0.625
brushing_teeth+can_opening+coughing,0.7916666666666666
brushing_teeth+can_opening+cow,0.7916666666666666
brushing_teeth+can_opening+crackling_fire,0.7916666666666666
brushing_teeth+can_opening+crickets,0.75
brushing_teeth+can_opening+crow,0.7083333333333334
brushing_teeth+can_opening+crying_baby,0.7708333333333334
brushing_teeth+can_opening+dog,0.7083333333333334
brushing_teeth+can_opening+door_wood_creaks,0.7708333333333334
brushing_teeth+can_opening+door_wood_knock,0.75
brushing_teeth+can_opening+drinking_sipping,0.7083333333333334
brushing_teeth+can_opening+engine,0.8125
brushing_teeth+can_opening+fireworks,0.75
brushing_teeth+can_opening+footsteps,0.7708333333333334
brushing_teeth+can_opening+frog,0.6458333333333334
brushing_teeth+can_opening+glass_breaking,0.7083333333333334
brushing_teeth+can_opening+hand_saw,0.8125
brushing_teeth+can_opening+helicopter,0.7916666666666666
brushing_teeth+can_opening+hen,0.7708333333333334
brushing_teeth+can_opening+insects,0.75
brushing_teeth+can_opening+keyboard_typing,0.7291666666666666
brushing_teeth+can_opening+laughing,0.7291666666666666
brushing_teeth+can_opening+mouse_click,0.7083333333333334
brushing_teeth+can_opening+pig,0.7083333333333334
brushing_teeth+can_opening+pouring_water,0.7291666666666666
brushing_teeth+can_opening+rain,0.7708333333333334
brushing_teeth+can_opening+rooster,0.8125
brushing_teeth+can_opening+sea_waves,0.7708333333333334
brushing_teeth+can_opening+sheep,0.75
brushing_teeth+can_opening+siren,0.8125
brushing_teeth+can_opening+sneezing,0.7916666666666666
brushing_teeth+can_opening+snoring,0.8333333333333334
brushing_teeth+can_opening+thunderstorm,0.7916666666666666
brushing_teeth+can_opening+toilet_flush,0.7708333333333334
brushing_teeth+can_opening+train,0.8125
brushing_teeth+can_opening+vacuum_cleaner,0.8541666666666666
brushing_teeth+can_opening+washing_machine,0.7916666666666666
brushing_teeth+can_opening+water_drops,0.625
brushing_teeth+can_opening+wind,0.8333333333333334
brushing_teeth+car_horn+cat,0.6041666666666666
brushing_teeth+car_horn+chainsaw,0.6666666666666666
brushing_teeth+car_horn+chirping_birds,0.6875
brushing_teeth+car_horn+church_bells,0.75
brushing_teeth+car_horn+clapping,0.7083333333333334
brushing_teeth+car_horn+clock_alarm,0.6666666666666666
brushing_teeth+car_horn+clock_tick,0.5833333333333334
brushing_teeth+car_horn+coughing,0.6666666666666666
brushing_teeth+car_horn+cow,0.6041666666666666
brushing_teeth+car_horn+crackling_fire,0.7083333333333334
brushing_teeth+car_horn+crickets,0.7291666666666666
brushing_teeth+car_horn+crow,0.6666666666666666
brushing_teeth+car_horn+crying_baby,0.6875
brushing_teeth+car_horn+dog,0.6041666666666666
brushing_teeth+car_horn+door_wood_creaks,0.5416666666666666
brushing_teeth+car_horn+door_wood_knock,0.6666666666666666
brushing_teeth+car_horn+drinking_sipping,0.5833333333333334
brushing_teeth+car_horn+engine,0.6875
brushing_teeth+car_horn+fireworks,0.6458333333333334
brushing_teeth+car_horn+footsteps,0.625
brushing_teeth+car_horn+frog,0.6458333333333334
brushing_teeth+car_horn+glass_breaking,0.7291666666666666
brushing_teeth+car_horn+hand_saw,0.7083333333333334
brushing_teeth+car_horn+helicopter,0.5625
brushing_teeth+car_horn+hen,0.6041666666666666
brushing_teeth+car_horn+insects,0.5208333333333334
brushing_teeth+car_horn+keyboard_typing,0.625
brushing_teeth+car_horn+laughing,0.5833333333333334
brushing_teeth+car_horn+mouse_click,0.6458333333333334
brushing_teeth+car_horn+pig,0.5833333333333334
brushing_teeth+car_horn+pouring_water,0.6875
brushing_teeth+car_horn+rain,0.5416666666666666
brushing_teeth+car_horn+rooster,0.7291666666666666
brushing_teeth+car_horn+sea_waves,0.6875
brushing_teeth+car_horn+sheep,0.6041666666666666
brushing_teeth+car_horn+siren,0.7291666666666666
brushing_teeth+car_horn+sneezing,0.75
brushing_teeth+car_horn+snoring,0.7083333333333334
brushing_teeth+car_horn+thunderstorm,0.6458333333333334
brushing_teeth+car_horn+toilet_flush,0.7291666666666666
brushing_teeth+car_horn+train,0.6666666666666666
brushing_teeth+car_horn+vacuum_cleaner,0.8125
brushing_teeth+car_horn+washing_machine,0.6041666666666666
brushing_teeth+car_horn+water_drops,0.6666666666666666
brushing_teeth+car_horn+wind,0.7291666666666666
brushing_teeth+cat+chainsaw,0.7291666666666666
brushing_teeth+cat+chirping_birds,0.75
brushing_teeth+cat+church_bells,0.8333333333333334
brushing_teeth+cat+clapping,0.7291666666666666
brushing_teeth+cat+clock_alarm,0.6875
brushing_teeth+cat+clock_tick,0.5
brushing_teeth+cat+coughing,0.7291666666666666
brushing_teeth+cat+cow,0.75
brushing_teeth+cat+crackling_fire,0.8125
brushing_teeth+cat+crickets,0.75
brushing_teeth+cat+crow,0.6666666666666666
brushing_teeth+cat+crying_baby,0.6875
brushing_teeth+cat+dog,0.6458333333333334
brushing_teeth+cat+door_wood_creaks,0.6041666666666666
brushing_teeth+cat+door_wood_knock,0.8125
brushing_teeth+cat+drinking_sipping,0.7083333333333334
brushing_teeth+cat+engine,0.7916666666666666
brushing_teeth+cat+fireworks,0.6875
brushing_teeth+cat+footsteps,0.7083333333333334
brushing_teeth+cat+frog,0.6458333333333334
brushing_teeth+cat+glass_breaking,0.7708333333333334
brushing_teeth+cat+hand_saw,0.8125
brushing_teeth+cat+helicopter,0.7916666666666666
brushing_teeth+cat+hen,0.625
brushing_teeth+cat+insects,0.7291666666666666
brushing_teeth+cat+keyboard_typing,0.6666666666666666
brushing_teeth+cat+laughing,0.5625
brushing_teeth+cat+mouse_click,0.75
brushing_teeth+cat+pig,0.6666666666666666
brushing_teeth+cat+pouring_water,0.6875
brushing_teeth+cat+rain,0.7083333333333334
brushing_teeth+cat+rooster,0.6666666666666666
brushing_teeth+cat+sea_waves,0.7708333333333334
brushing_teeth+cat+sheep,0.6875
brushing_teeth+cat+siren,0.7291666666666666
brushing_teeth+cat+sneezing,0.6041666666666666
brushing_teeth+cat+snoring,0.7708333333333334
brushing_teeth+cat+thunderstorm,0.7916666666666666
brushing_teeth+cat+toilet_flush,0.7708333333333334
brushing_teeth+cat+train,0.8125
brushing_teeth+cat+vacuum_cleaner,0.8333333333333334
brushing_teeth+cat+washing_machine,0.75
brushing_teeth+cat+water_drops,0.6875
brushing_teeth+cat+wind,0.8125
brushing_teeth+chainsaw+chirping_birds,0.7291666666666666
brushing_teeth+chainsaw+church_bells,0.8125
brushing_teeth+chainsaw+clapping,0.75
brushing_teeth+chainsaw+clock_alarm,0.6458333333333334
brushing_teeth+chainsaw+clock_tick,0.7291666666666666
brushing_teeth+chainsaw+coughing,0.7291666666666666
brushing_teeth+chainsaw+cow,0.7916666666666666
brushing_teeth+chainsaw+crackling_fire,0.7291666666666666
brushing_teeth+chainsaw+crickets,0.7708333333333334
brushing_teeth+chainsaw+crow,0.6458333333333334
brushing_teeth+chainsaw+crying_baby,0.7083333333333334
brushing_teeth+chainsaw+dog,0.6666666666666666
brushing_teeth+chainsaw+door_wood_creaks,0.6666666666666666
brushing_teeth+chainsaw+door_wood_knock,0.75
brushing_teeth+chainsaw+drinking_sipping,0.75
brushing_teeth+chainsaw+engine,0.7916666666666666
brushing_teeth+chainsaw+fireworks,0.7291666666666666
brushing_teeth+chainsaw+footsteps,0.7291666666666666
brushing_teeth+chainsaw+frog,0.6666666666666666
brushing_teeth+chainsaw+glass_breaking,0.7291666666666666
brushing_teeth+chainsaw+hand_saw,0.6041666666666666
brushing_teeth+chainsaw+helicopter,0.7083333333333334
brushing_teeth+chainsaw+hen,0.7291666666666666
brushing_teeth+chainsaw+insects,0.7083333333333334
brushing_teeth+chainsaw+keyboard_typing,0.7291666666666666
brushing_teeth+chainsaw+laughing,0.6458333333333334
brushing_teeth+chainsaw+mouse_click,0.7291666666666666
brushing_teeth+chainsaw+pig,0.6458333333333334
brushing_teeth+chainsaw+pouring_water,0.6458333333333334
brushing_teeth+chainsaw+rain,0.6458333333333334
brushing_teeth+chainsaw+rooster,0.7291666666666666
brushing_teeth+chainsaw+sea_waves,0.6458333333333334
brushing_teeth+chainsaw+sheep,0.6875
brushing_teeth+chainsaw+siren,0.75
brushing_teeth+chainsaw+sneezing,0.7291666666666666
brushing_teeth+chainsaw+snoring,0.7916666666666666
brushing_teeth+chainsaw+thunderstorm,0.8333333333333334
brushing_teeth+chainsaw+toilet_flush,0.7708333333333334
brushing_teeth+chainsaw+train,0.6875
brushing_teeth+chainsaw+vacuum_cleaner,0.6458333333333334
brushing_teeth+chainsaw+washing_machine,0.7083333333333334
brushing_teeth+chainsaw+water_drops,0.75
brushing_teeth+chainsaw+wind,0.7916666666666666
brushing_teeth+chirping_birds+church_bells,0.8541666666666666
brushing_teeth+chirping_birds+clapping,0.7916666666666666
brushing_teeth+chirping_birds+clock_alarm,0.7083333333333334
brushing_teeth+chirping_birds+clock_tick,0.7916666666666666
brushing_teeth+chirping_birds+coughing,0.7916666666666666
brushing_teeth+chirping_birds+cow,0.7916666666666666
brushing_teeth+chirping_birds+crackling_fire,0.8125
brushing_teeth+chirping_birds+crickets,0.75
brushing_teeth+chirping_birds+crow,0.6458333333333334
brushing_teeth+chirping_birds+crying_baby,0.75
brushing_teeth+chirping_birds+dog,0.6875
brushing_teeth+chirping_birds+door_wood_creaks,0.7916666666666666
brushing_teeth+chirping_birds+door_wood_knock,0.7916666666666666
brushing_teeth+chirping_birds+drinking_sipping,0.75
brushing_teeth+chirping_birds+engine,0.8541666666666666
brushing_teeth+chirping_birds+fireworks,0.7291666666666666
brushing_teeth+chirping_birds+footsteps,0.7916666666666666
brushing_teeth+chirping_birds+frog,0.6458333333333334
brushing_teeth+chirping_birds+glass_breaking,0.7916666666666666
brushing_teeth+chirping_birds+hand_saw,0.8333333333333334
brushing_teeth+chirping_birds+helicopter,0.8125
brushing_teeth+chirping_birds+hen,0.6666666666666666
brushing_teeth+chirping_birds+insects,0.7291666666666666
brushing_teeth+chirping_birds+keyboard_typing,0.75
brushing_teeth+chirping_birds+laughing,0.6666666666666666
brushing_teeth+chirping_birds+mouse_click,0.7708333333333334
brushing_teeth+chirping_birds+pig,0.7291666666666666
brushing_teeth+chirping_birds+pouring_water,0.6875
brushing_teeth+chirping_birds+rain,0.6666666666666666
brushing_teeth+chirping_birds+rooster,0.7916666666666666
brushing_teeth+chirping_birds+sea_waves,0.7916666666666666
brushing_teeth+chirping_birds+sheep,0.7291666666666666
brushing_teeth+chirping_birds+siren,0.7916666666666666
brushing_teeth+chirping_birds+sneezing,0.7916666666666666
brushing_teeth+chirping_birds+snoring,0.8541666666666666
brushing_teeth+chirping_birds+thunderstorm,0.8333333333333334
brushing_teeth+chirping_birds+toilet_flush,0.7916666666666666
brushing_teeth+chirping_birds+train,0.8541666666666666
brushing_teeth+chirping_birds+vacuum_cleaner,0.9166666666666666
brushing_teeth+chirping_birds+washing_machine,0.8125
brushing_teeth+chirping_birds+water_drops,0.7916666666666666
brushing_teeth+chirping_birds+wind,0.8541666666666666
brushing_teeth+church_bells+clapping,0.7708333333333334
brushing_teeth+church_bells+clock_alarm,0.75
brushing_teeth+church_bells+clock_tick,0.8333333333333334
brushing_teeth+church_bells+coughing,0.8333333333333334
brushing_teeth+church_bells+cow,0.7916666666666666
brushing_teeth+church_bells+crackling_fire,0.8333333333333334
brushing_teeth+church_bells+crickets,0.8333333333333334
brushing_teeth+church_bells+crow,0.7291666666666666
brushing_teeth+church_bells+crying_baby,0.8125
brushing_teeth+church_bells+dog,0.7083333333333334
brushing_teeth+church_bells+door_wood_creaks,0.8125
brushing_teeth+church_bells+door_wood_knock,0.8541666666666666
brushing_teeth+church_bells+drinking_sipping,0.8333333333333334
brushing_teeth+church_bells+engine,0.9166666666666666
brushing_teeth+church_bells+fireworks,0.7708333333333334
brushing_teeth+church_bells+footsteps,0.8333333333333334
brushing_teeth+church_bells+frog,0.75
brushing_teeth+church_bells+glass_breaking,0.8333333333333334
brushing_teeth+church_bells+hand_saw,0.875
brushing_teeth+church_bells+helicopter,0.7916666666666666
brushing_teeth+church_bells+hen,0.7916666666666666
brushing_teeth+church_bells+insects,0.7083333333333334
brushing_teeth+church_bells+keyboard_typing,0.7916666666666666
brushing_teeth+church_bells+laughing,0.6875
brushing_teeth+church_bells+mouse_click,0.8125
brushing_teeth+church_bells+pig,0.8125
brushing_teeth+church_bells+pouring_water,0.75
brushing_teeth+church_bells+rain,0.7916666666666666
brushing_teeth+church_bells+rooster,0.8333333333333334
brushing_teeth+church_bells+sea_waves,0.8125
brushing_teeth+church_bells+sheep,0.7291666666666666
brushing_teeth+church_bells+siren,0.6875
brushing_teeth+church_bells+sneezing,0.8333333333333334
brushing_teeth+church_bells+snoring,0.875
brushing_teeth+church_bells+thunderstorm,0.875
brushing_teeth+church_bells+toilet_flush,0.875
brushing_teeth+church_bells+train,0.8958333333333334
brushing_teeth+church_bells+vacuum_cleaner,0.9166666666666666
brushing_teeth+church_bells+washing_machine,0.8125
brushing_teeth+church_bells+water_drops,0.8125
brushing_teeth+church_bells+wind,0.875
brushing_teeth+clapping+clock_alarm,0.6875
brushing_teeth+clapping+clock_tick,0.7291666666666666
brushing_teeth+clapping+coughing,0.75
brushing_teeth+clapping+cow,0.7083333333333334
brushing_teeth+clapping+crackling_fire,0.7916666666666666
brushing_teeth+clapping+crickets,0.7916666666666666
brushing_teeth+clapping+crow,0.625
brushing_teeth+clapping+crying_baby,0.6666666666666666
brushing_teeth+clapping+dog,0.7083333333333334
brushing_teeth+clapping+door_wood_creaks,0.6875
brushing_teeth+clapping+door_wood_knock,0.7708333333333334
brushing_teeth+clapping+drinking_sipping,0.7291666666666666
brushing_teeth+clapping+engine,0.7708333333333334
brushing_teeth+clapping+fireworks,0.7083333333333334
brushing_teeth+clapping+footsteps,0.75
brushing_teeth+clapping+frog,0.6666666666666666
brushing_teeth+clapping+glass_breaking,0.7083333333333334
brushing_teeth+clapping+hand_saw,0.7083333333333334
brushing_teeth+clapping+helicopter,0.8333333333333334
brushing_teeth+clapping+hen,0.625
brushing_teeth+clapping+insects,0.7708333333333334
brushing_teeth+clapping+keyboard_typing,0.7291666666666666
brushing_teeth+clapping+laughing,0.5833333333333334
brushing_teeth+clapping+mouse_click,0.75
brushing_teeth+clapping+pig,0.6666666666666666
brushing_teeth+clapping+pouring_water,0.6041666666666666
brushing_teeth+clapping+rain,0.75
brushing_teeth+clapping+rooster,0.7291666666666666
brushing_teeth+clapping+sea_waves,0.75
brushing_teeth+clapping+sheep,0.7083333333333334
brushing_teeth+clapping+siren,0.75
brushing_teeth+clapping+sneezing,0.7291666666666666
brushing_teeth+clapping+snoring,0.7916666666666666
brushing_teeth+clapping+thunderstorm,0.8333333333333334
brushing_teeth+clapping+toilet_flush,0.7083333333333334
brushing_teeth+clapping+train,0.8333333333333334
brushing_teeth+clapping+vacuum_cleaner,0.7291666666666666
brushing_teeth+clapping+washing_machine,0.75
brushing_teeth+clapping+water_drops,0.7708333333333334
brushing_teeth+clapping+wind,0.8333333333333334
brushing_teeth+clock_alarm+clock_tick,0.6666666666666666
brushing_teeth+clock_alarm+coughing,0.7708333333333334
brushing_teeth+clock_alarm+cow,0.7083333333333334
brushing_teeth+clock_alarm+crackling_fire,0.75
brushing_teeth+clock_alarm+crickets,0.7083333333333334
brushing_teeth+clock_alarm+crow,0.625
brushing_teeth+clock_alarm+crying_baby,0.7708333333333334
brushing_teeth+clock_alarm+dog,0.6458333333333334
brushing_teeth+clock_alarm+door_wood_creaks,0.7083333333333334
brushing_teeth+clock_alarm+door_wood_knock,0.75
brushing_teeth+clock_alarm+drinking_sipping,0.7291666666666666
brushing_teeth+clock_alarm+engine,0.75
brushing_teeth+clock_alarm+fireworks,0.6875
brushing_teeth+clock_alarm+footsteps,0.7291666666666666
brushing_teeth+clock_alarm+frog,0.625
brushing_teeth+clock_alarm+glass_breaking,0.7291666666666666
brushing_teeth+clock_alarm+hand_saw,0.7291666666666666
brushing_teeth+clock_alarm+helicopter,0.7083333333333334
brushing_teeth+clock_alarm+hen,0.7083333333333334
brushing_teeth+clock_alarm+insects,0.7291666666666666
brushing_teeth+clock_alarm+keyboard_typing,0.6875
brushing_teeth+clock_alarm+laughing,0.6666666666666666
brushing_teeth+clock_alarm+mouse_click,0.7291666666666666
brushing_teeth+clock_alarm+pig,0.5833333333333334
brushing_teeth+clock_alarm+pouring_water,0.6458333333333334
brushing_teeth+clock_alarm+rain,0.7083333333333334
brushing_teeth+clock_alarm+rooster,0.7708333333333334
brushing_teeth+clock_alarm+sea_waves,0.7083333333333334
brushing_teeth+clock_alarm+sheep,0.6666666666666666
brushing_teeth+clock_alarm+siren,0.75
brushing_teeth+clock_alarm+sneezing,0.7708333333333334
brushing_teeth+clock_alarm+snoring,0.7708333333333334
brushing_teeth+clock_alarm+thunderstorm,0.7291666666666666
brushing_teeth+clock_alarm+toilet_flush,0.7083333333333334
brushing_teeth+clock_alarm+train,0.75
brushing_teeth+clock_alarm+vacuum_cleaner,0.8125
brushing_teeth+clock_alarm+washing_machine,0.7291666666666666
brushing_teeth+clock_alarm+water_drops,0.7291666666666666
brushing_teeth+clock_alarm+wind,0.7708333333333334
brushing_teeth+clock_tick+coughing,0.625
brushing_teeth+clock_tick+cow,0.7708333333333334
brushing_teeth+clock_tick+crackling_fire,0.75
brushing_teeth+clock_tick+crickets,0.7916666666666666
brushing_teeth+clock_tick+crow,0.6458333333333334
brushing_teeth+clock_tick+crying_baby,0.6875
brushing_teeth+clock_tick+dog,0.5833333333333334
brushing_teeth+clock_tick+door_wood_creaks,0.6041666666666666
brushing_teeth+clock_tick+door_wood_knock,0.6875
brushing_teeth+clock_tick+drinking_sipping,0.6041666666666666
brushing_teeth+clock_tick+engine,0.8541666666666666
brushing_teeth+clock_tick+fireworks,0.6666666666666666
brushing_teeth+clock_tick+footsteps,0.6041666666666666
brushing_teeth+clock_tick+frog,0.6458333333333334
brushing_teeth+clock_tick+glass_breaking,0.7916666666666666
brushing_teeth+clock_tick+hand_saw,0.8125
brushing_teeth+clock_tick+helicopter,0.7708333333333334
brushing_teeth+clock_tick+hen,0.5625
brushing_teeth+clock_tick+insects,0.5625
brushing_teeth+clock_tick+keyboard_typing,0.5
brushing_teeth+clock_tick+laughing,0.5
brushing_teeth+clock_tick+mouse_click,0.5833333333333334
brushing_teeth+clock_tick+pig,0.625
brushing_teeth+clock_tick+pouring_water,0.5416666666666666
brushing_teeth+clock_tick+rain,0.7916666666666666
brushing_teeth+clock_tick+rooster,0.7708333333333334
brushing_teeth+clock_tick+sea_waves,0.7708333333333334
brushing_teeth+clock_tick+sheep,0.6666666666666666
brushing_teeth+clock_tick+siren,0.7916666666666666
brushing_teeth+clock_tick+sneezing,0.6666666666666666
brushing_teeth+clock_tick+snoring,0.75
brushing_teeth+clock_tick+thunderstorm,0.7916666666666666
brushing_teeth+clock_tick+toilet_flush,0.7708333333333334
brushing_teeth+clock_tick+train,0.8541666666666666
brushing_teeth+clock_tick+vacuum_cleaner,0.875
brushing_teeth+clock_tick+washing_machine,0.75
brushing_teeth+clock_tick+water_drops,0.5625
brushing_teeth+clock_tick+wind,0.8541666666666666
brushing_teeth+coughing+cow,0.7291666666666666
brushing_teeth+coughing+crackling_fire,0.8541666666666666
brushing_teeth+coughing+crickets,0.8125
brushing_teeth+coughing+crow,0.7291666666666666
brushing_teeth+coughing+crying_baby,0.7916666666666666
brushing_teeth+coughing+dog,0.7083333333333334
brushing_teeth+coughing+door_wood_creaks,0.7916666666666666
brushing_teeth+coughing+door_wood_knock,0.7916666666666666
brushing_teeth+coughing+drinking_sipping,0.5833333333333334
brushing_teeth+coughing+engine,0.7916666666666666
brushing_teeth+coughing+fireworks,0.7708333333333334
brushing_teeth+coughing+footsteps,0.75
brushing_teeth+coughing+frog,0.6875
brushing_teeth+coughing+glass_breaking,0.7916666666666666
brushing_teeth+coughing+hand_saw,0.7708333333333334
brushing_teeth+coughing+helicopter,0.8125
brushing_teeth+coughing+hen,0.7708333333333334
brushing_teeth+coughing+insects,0.7916666666666666
brushing_teeth+coughing+keyboard_typing,0.75
brushing_teeth+coughing+laughing,0.6875
brushing_teeth+coughing+mouse_click,0.7291666666666666
brushing_teeth+coughing+pig,0.7083333333333334
brushing_teeth+coughing+pouring_water,0.6458333333333334
brushing_teeth+coughing+rain,0.7916666666666666
brushing_teeth+coughing+rooster,0.8333333333333334
brushing_teeth+coughing+sea_waves,0.7916666666666666
brushing_teeth+coughing+sheep,0.7708333333333334
brushing_teeth+coughing+siren,0.8333333333333334
brushing_teeth+coughing+sneezing,0.6666666666666666
brushing_teeth+coughing+snoring,0.8333333333333334
brushing_teeth+coughing+thunderstorm,0.8125
brushing_teeth+coughing+toilet_flush,0.7708333333333334
brushing_teeth+coughing+train,0.8333333333333334
brushing_teeth+coughing+vacuum_cleaner,0.8958333333333334
brushing_teeth+coughing+washing_machine,0.8125
brushing_teeth+coughing+water_drops,0.7916666666666666
brushing_teeth+coughing+wind,0.8541666666666666
brushing_teeth+cow+crackling_fire,0.8125
brushing_teeth+cow+crickets,0.8125
brushing_teeth+cow+crow,0.7083333333333334
brushing_teeth+cow+crying_baby,0.75
brushing_teeth+cow+dog,0.7083333333333334
brushing_teeth+cow+door_wood_creaks,0.6875
brushing_teeth+cow+door_wood_knock,0.7916666666666666
brushing_teeth+cow+drinking_sipping,0.75
brushing_teeth+cow+engine,0.8541666666666666
brushing_teeth+cow+fireworks,0.75
brushing_teeth+cow+footsteps,0.75
brushing_teeth+cow+frog,0.7083333333333334
brushing_teeth+cow+glass_breaking,0.8125
brushing_teeth+cow+hand_saw,0.8333333333333334
brushing_teeth+cow+helicopter,0.8333333333333334
brushing_teeth+cow+hen,0.6666666666666666
brushing_teeth+cow+insects,0.6666666666666666
brushing_teeth+cow+keyboard_typing,0.6666666666666666
brushing_teeth+cow+laughing,0.6041666666666666
brushing_teeth+cow+mouse_click,0.7916666666666666
brushing_teeth+cow+pig,0.6666666666666666
brushing_teeth+cow+pouring_water,0.6875
brushing_teeth+cow+rain,0.8125
brushing_teeth+cow+rooster,0.75
brushing_teeth+cow+sea_waves,0.8125
brushing_teeth+cow+sheep,0.6458333333333334
brushing_teeth+cow+siren,0.6666666666666666
brushing_teeth+cow+sneezing,0.7708333333333334
brushing_teeth+cow+snoring,0.8333333333333334
brushing_teeth+cow+thunderstorm,0.8333333333333334
brushing_teeth+cow+toilet_flush,0.7916666666666666
brushing_teeth+cow+train,0.875
brushing_teeth+cow+vacuum_cleaner,0.875
brushing_teeth+cow+washing_machine,0.7708333333333334
brushing_teeth+cow+water_drops,0.7708333333333334
brushing_teeth+cow+wind,0.8958333333333334
brushing_teeth+crackling_fire+crickets,0.7916666666666666
brushing_teeth+crackling_fire+crow,0.7083333333333334
brushing_teeth+crackling_fire+crying_baby,0.8333333333333334
brushing_teeth+crackling_fire+dog,0.75
brushing_teeth+crackling_fire+door_wood_creaks,0.8125
brushing_teeth+crackling_fire+door_wood_knock,0.8125
brushing_teeth+crackling_fire+drinking_sipping,0.75
brushing_teeth+crackling_fire+engine,0.8333333333333334
brushing_teeth+crackling_fire+fireworks,0.75
brushing_teeth+crackling_fire+footsteps,0.75
brushing_teeth+crackling_fire+frog,0.6875
brushing_teeth+crackling_fire+glass_breaking,0.8333333333333334
brushing_teeth+crackling_fire+hand_saw,0.8333333333333334
brushing_teeth+crackling_fire+helicopter,0.8125
brushing_teeth+crackling_fire+hen,0.75
brushing_teeth+crackling_fire+insects,0.6875
brushing_teeth+crackling_fire+keyboard_typing,0.7916666666666666
brushing_teeth+crackling_fire+laughing,0.7291666666666666
brushing_teeth+crackling_fire+mouse_click,0.5625
brushing_teeth+crackling_fire+pig,0.7083333333333334
brushing_teeth+crackling_fire+pouring_water,0.75
brushing_teeth+crackling_fire+rain,0.75
brushing_teeth+crackling_fire+rooster,0.875
brushing_teeth+crackling_fire+sea_waves,0.7916666666666666
brushing_teeth+crackling_fire+sheep,0.75
brushing_teeth+crackling_fire+siren,0.8333333333333334
brushing_teeth+crackling_fire+sneezing,0.8125
brushing_teeth+crackling_fire+snoring,0.7083333333333334
brushing_teeth+crackling_fire+thunderstorm,0.6875
brushing_teeth+crackling_fire+toilet_flush,0.7916666666666666
brushing_teeth+crackling_fire+train,0.8333333333333334
brushing_teeth+crackling_fire+vacuum_cleaner,0.8958333333333334
brushing_teeth+crackling_fire+washing_machine,0.8125
brushing_teeth+crackling_fire+water_drops,0.5416666666666666
brushing_teeth+crackling_fire+wind,0.8333333333333334
brushing_teeth+crickets+crow,0.6875
brushing_teeth+crickets+crying_baby,0.8125
brushing_teeth+crickets+dog,0.7291666666666666
brushing_teeth+crickets+door_wood_creaks,0.8125
brushing_teeth+crickets+door_wood_knock,0.8333333333333334
brushing_teeth+crickets+drinking_sipping,0.7916666666666666
brushing_teeth+crickets+engine,0.8541666666666666
brushing_teeth+crickets+fireworks,0.7916666666666666
brushing_teeth+crickets+footsteps,0.8333333333333334
brushing_teeth+crickets+frog,0.7291666666666666
brushing_teeth+crickets+glass_breaking,0.8125
brushing_teeth+crickets+hand_saw,0.8125
brushing_teeth+crickets+helicopter,0.7083333333333334
brushing_teeth+crickets+hen,0.7083333333333334
brushing_teeth+crickets+insects,0.75
brushing_teeth+crickets+keyboard_typing,0.7916666666666666
brushing_teeth+crickets+laughing,0.7083333333333334
brushing_teeth+crickets+mouse_click,0.8125
brushing_teeth+crickets+pig,0.75
brushing_teeth+crickets+pouring_water,0.7291666666666666
brushing_teeth+crickets+rain,0.7916666666666666
brushing_teeth+crickets+rooster,0.8125
brushing_teeth+crickets+sea_waves,0.7916666666666666
brushing_teeth+crickets+sheep,0.75
brushing_teeth+crickets+siren,0.8541666666666666
brushing_teeth+crickets+sneezing,0.8125
brushing_teeth+crickets+snoring,0.875
brushing_teeth+crickets+thunderstorm,0.8333333333333334
brushing_teeth+crickets+toilet_flush,0.8333333333333334
brushing_teeth+crickets+train,0.8125
brushing_teeth+crickets+vacuum_cleaner,0.8958333333333334
brushing_teeth+crickets+washing_machine,0.75
brushing_teeth+crickets+water_drops,0.7708333333333334
brushing_teeth+crickets+wind,0.8333333333333334
brushing_teeth+crow+crying_baby,0.6458333333333334
brushing_teeth+crow+dog,0.6458333333333334
brushing_teeth+crow+door_wood_creaks,0.5833333333333334
brushing_teeth+crow+door_wood_knock,0.7291666666666666
brushing_teeth+crow+drinking_sipping,0.7083333333333334
brushing_teeth+crow+engine,0.6666666666666666
brushing_teeth+crow+fireworks,0.6458333333333334
brushing_teeth+crow+footsteps,0.6875
brushing_teeth+crow+frog,0.5833333333333334
brushing_teeth+crow+glass_breaking,0.7291666666666666
brushing_teeth+crow+hand_saw,0.6666666666666666
brushing_teeth+crow+helicopter,0.7291666666666666
brushing_teeth+crow+hen,0.6875
brushing_teeth+crow+insects,0.6666666666666666
brushing_teeth+crow+keyboard_typing,0.6458333333333334
brushing_teeth+crow+laughing,0.6041666666666666
brushing_teeth+crow+mouse_click,0.6875
brushing_teeth+crow+pig,0.5833333333333334
brushing_teeth+crow+pouring_water,0.6041666666666666
brushing_teeth+crow+rain,0.6666666666666666
brushing_teeth+crow+rooster,0.6458333333333334
brushing_teeth+crow+sea_waves,0.6666666666666666
brushing_teeth+crow+sheep,0.6458333333333334
brushing_teeth+crow+siren,0.6458333333333334
brushing_teeth+crow+sneezing,0.7291666666666666
brushing_teeth+crow+snoring,0.7291666666666666
brushing_teeth+crow+thunderstorm,0.7083333333333334
brushing_teeth+crow+toilet_flush,0.625
brushing_teeth+crow+train,0.7291666666666666
brushing_teeth+crow+vacuum_cleaner,0.6875
brushing_teeth+crow+washing_machine,0.6458333333333334
brushing_teeth+crow+water_drops,0.6666666666666666
brushing_teeth+crow+wind,0.7291666666666666
brushing_teeth+crying_baby+dog,0.6458333333333334
brushing_teeth+crying_baby+door_wood_creaks,0.7083333333333334
brushing_teeth+crying_baby+door_wood_knock,0.8333333333333334
brushing_teeth+crying_baby+drinking_sipping,0.7291666666666666
brushing_teeth+crying_baby+engine,0.8333333333333334
brushing_teeth+crying_baby+fireworks,0.7291666666666666
brushing_teeth+crying_baby+footsteps,0.7083333333333334
brushing_teeth+crying_baby+frog,0.6875
brushing_teeth+crying_baby+glass_breaking,0.8125
brushing_teeth+crying_baby+hand_saw,0.7291666666666666
brushing_teeth+crying_baby+helicopter,0.7916666666666666
brushing_teeth+crying_baby+hen,0.6666666666666666
brushing_teeth+crying_baby+insects,0.7708333333333334
brushing_teeth+crying_baby+keyboard_typing,0.75
brushing_teeth+crying_baby+laughing,0.5625
brushing_teeth+crying_baby+mouse_click,0.7916666666666666
brushing_teeth+crying_baby+pig,0.6666666666666666
brushing_teeth+crying_baby+pouring_water,0.5833333333333334
brushing_teeth+crying_baby+rain,0.7916666666666666
brushing_teeth+crying_baby+rooster,0.7916666666666666
brushing_teeth+crying_baby+sea_waves,0.7916666666666666
brushing_teeth+crying_baby+sheep,0.6458333333333334
brushing_teeth+crying_baby+siren,0.7916666666666666
brushing_teeth+crying_baby+sneezing,0.8333333333333334
brushing_teeth+crying_baby+snoring,0.8125
brushing_teeth+crying_baby+thunderstorm,0.7916666666666666
brushing_teeth+crying_baby+toilet_flush,0.7708333333333334
brushing_teeth+crying_baby+train,0.8125
brushing_teeth+crying_baby+vacuum_cleaner,0.8958333333333334
brushing_teeth+crying_baby+washing_machine,0.8125
brushing_teeth+crying_baby+water_drops,0.8125
brushing_teeth+crying_baby+wind,0.8541666666666666
brushing_teeth+dog+door_wood_creaks,0.6041666666666666
brushing_teeth+dog+door_wood_knock,0.7083333333333334
brushing_teeth+dog+drinking_sipping,0.6458333333333334
brushing_teeth+dog+engine,0.7291666666666666
brushing_teeth+dog+fireworks,0.6875
brushing_teeth+dog+footsteps,0.7083333333333334
brushing_teeth+dog+frog,0.5833333333333334
brushing_teeth+dog+glass_breaking,0.7708333333333334
brushing_teeth+dog+hand_saw,0.7708333333333334
brushing_teeth+dog+helicopter,0.75
brushing_teeth+dog+hen,0.6458333333333334
brushing_teeth+dog+insects,0.7083333333333334
brushing_teeth+dog+keyboard_typing,0.6458333333333334
brushing_teeth+dog+laughing,0.4375
brushing_teeth+dog+mouse_click,0.75
brushing_teeth+dog+pig,0.6458333333333334
brushing_teeth+dog+pouring_water,0.5833333333333334
brushing_teeth+dog+rain,0.7083333333333334
brushing_teeth+dog+rooster,0.6875
brushing_teeth+dog+sea_waves,0.7083333333333334
brushing_teeth+dog+sheep,0.6666666666666666
brushing_teeth+dog+siren,0.6666666666666666
brushing_teeth+dog+sneezing,0.7291666666666666
brushing_teeth+dog+snoring,0.7708333333333334
brushing_teeth+dog+thunderstorm,0.7708333333333334
brushing_teeth+dog+toilet_flush,0.6875
brushing_teeth+dog+train,0.7708333333333334
brushing_teeth+dog+vacuum_cleaner,0.7083333333333334
brushing_teeth+dog+washing_machine,0.6875
brushing_teeth+dog+water_drops,0.625
brushing_teeth+dog+wind,0.7708333333333334
brushing_teeth+door_wood_creaks+door_wood_knock,0.7083333333333334
brushing_teeth+door_wood_creaks+drinking_sipping,0.7083333333333334
brushing_teeth+door_wood_creaks+engine,0.75
brushing_teeth+door_wood_creaks+fireworks,0.625
brushing_teeth+door_wood_creaks+footsteps,0.6458333333333334
brushing_teeth+door_wood_creaks+frog,0.5833333333333334
brushing_teeth+door_wood_creaks+glass_breaking,0.6666666666666666
brushing_teeth+door_wood_creaks+hand_saw,0.6666666666666666
brushing_teeth+door_wood_creaks+helicopter,0.7083333333333334
brushing_teeth+door_wood_creaks+hen,0.6666666666666666
brushing_teeth+door_wood_creaks+insects,0.6875
brushing_teeth+door_wood_creaks+keyboard_typing,0.6458333333333334
brushing_teeth+door_wood_creaks+laughing,0.5625
brushing_teeth+door_wood_creaks+mouse_click,0.75
brushing_teeth+door_wood_creaks+pig,0.6041666666666666
brushing_teeth+door_wood_creaks+pouring_water,0.6666666666666666
brushing_teeth+door_wood_creaks+rain,0.6875
brushing_teeth+door_wood_creaks+rooster,0.8333333333333334
brushing_teeth+door_wood_creaks+sea_waves,0.7083333333333334
brushing_teeth+door_wood_creaks+sheep,0.6041666666666666
brushing_teeth+door_wood_creaks+siren,0.7291666666666666
brushing_teeth+door_wood_creaks+sneezing,0.8125
brushing_teeth+door_wood_creaks+snoring,0.7291666666666666
brushing_teeth+door_wood_creaks+thunderstorm,0.7291666666666666
brushing_teeth+door_wood_creaks+toilet_flush,0.6458333333333334
brushing_teeth+door_wood_creaks+train,0.7708333333333334
brushing_teeth+door_wood_creaks+vacuum_cleaner,0.8125
brushing_teeth+door_wood_creaks+washing_machine,0.7083333333333334
brushing_teeth+door_wood_creaks+water_drops,0.7083333333333334
brushing_teeth+door_wood_creaks+wind,0.7916666666666666
brushing_teeth+door_wood_knock+drinking_sipping,0.7083333333333334
brushing_teeth+door_wood_knock+engine,0.8541666666666666
brushing_teeth+door_wood_knock+fireworks,0.6875
brushing_teeth+door_wood_knock+footsteps,0.7291666666666666
brushing_teeth+door_wood_knock+frog,0.6875
brushing_teeth+door_wood_knock+glass_breaking,0.8541666666666666
brushing_teeth+door_wood_knock+hand_saw,0.8125
brushing_teeth+door_wood_knock+helicopter,0.8333333333333334
brushing_teeth+door_wood_knock+hen,0.7916666666666666
brushing_teeth+door_wood_knock+insects,0.8333333333333334
brushing_teeth+door_wood_knock+keyboard_typing,0.75
brushing_teeth+door_wood_knock+laughing,0.7708333333333334
brushing_teeth+door_wood_knock+mouse_click,0.7291666666666666
brushing_teeth+door_wood_knock+pig,0.6666666666666666
brushing_teeth+door_wood_knock+pouring_water,0.7291666666666666
brushing_teeth+door_wood_knock+rain,0.8125
brushing_teeth+door_wood_knock+rooster,0.8333333333333334
brushing_teeth+door_wood_knock+sea_waves,0.8125
brushing_teeth+door_wood_knock+sheep,0.7708333333333334
brushing_teeth+door_wood_knock+siren,0.8541666666666666
brushing_teeth+door_wood_knock+sneezing,0.8541666666666666
brushing_teeth+door_wood_knock+snoring,0.75
brushing_teeth+door_wood_knock+thunderstorm,0.8125
brushing_teeth+door_wood_knock+toilet_flush,0.8125
brushing_teeth+door_wood_knock+train,0.8541666666666666
brushing_teeth+door_wood_knock+vacuum_cleaner,0.8541666666666666
brushing_teeth+door_wood_knock+washing_machine,0.7708333333333334
brushing_teeth+door_wood_knock+water_drops,0.75
brushing_teeth+door_wood_knock+wind,0.875
brushing_teeth+drinking_sipping+engine,0.8333333333333334
brushing_teeth+drinking_sipping+fireworks,0.625
brushing_teeth+drinking_sipping+footsteps,0.6875
brushing_teeth+drinking_sipping+frog,0.6666666666666666
brushing_teeth+drinking_sipping+glass_breaking,0.8125
brushing_teeth+drinking_sipping+hand_saw,0.8125
brushing_teeth+drinking_sipping+helicopter,0.8125
brushing_teeth+drinking_sipping+hen,0.7083333333333334
brushing_teeth+drinking_sipping+insects,0.6875
brushing_teeth+drinking_sipping+keyboard_typing,0.6041666666666666
brushing_teeth+drinking_sipping+laughing,0.5416666666666666
brushing_teeth+drinking_sipping+mouse_click,0.6875
brushing_teeth+drinking_sipping+pig,0.6875
brushing_teeth+drinking_sipping+pouring_water,0.6458333333333334
brushing_teeth+drinking_sipping+rain,0.7916666666666666
brushing_teeth+drinking_sipping+rooster,0.7083333333333334
brushing_teeth+drinking_sipping+sea_waves,0.7916666666666666
brushing_teeth+drinking_sipping+sheep,0.7083333333333334
brushing_teeth+drinking_sipping+siren,0.75
brushing_teeth+drinking_sipping+sneezing,0.7083333333333334
brushing_teeth+drinking_sipping+snoring,0.75
brushing_teeth+drinking_sipping+thunderstorm,0.8333333333333334
brushing_teeth+drinking_sipping+toilet_flush,0.7916666666666666
brushing_teeth+drinking_sipping+train,0.8541666666666666
brushing_teeth+drinking_sipping+vacuum_cleaner,0.8541666666666666
brushing_teeth+drinking_sipping+washing_machine,0.75
brushing_teeth+drinking_sipping+water_drops,0.6041666666666666
brushing_teeth+drinking_sipping+wind,0.8333333333333334
brushing_teeth+engine+fireworks,0.7708333333333334
brushing_teeth+engine+footsteps,0.8541666666666666
brushing_teeth+engine+frog,0.75
brushing_teeth+engine+glass_breaking,0.8333333333333334
brushing_teeth+engine+hand_saw,0.8333333333333334
brushing_teeth+engine+helicopter,0.7083333333333334
brushing_teeth+engine+hen,0.7916666666666666
brushing_teeth+engine+insects,0.8125
brushing_teeth+engine+keyboard_typing,0.8333333333333334
brushing_teeth+engine+laughing,0.75
brushing_teeth+engine+mouse_click,0.8125
brushing_teeth+engine+pig,0.8125
brushing_teeth+engine+pouring_water,0.75
brushing_teeth+engine+rain,0.75
brushing_teeth+engine+rooster,0.8333333333333334
brushing_teeth+engine+sea_waves,0.7708333333333334
brushing_teeth+engine+sheep,0.7708333333333334
brushing_teeth+engine+siren,0.875
brushing_teeth+engine+sneezing,0.8333333333333334
brushing_teeth+engine+snoring,0.875
brushing_teeth+engine+thunderstorm,0.8958333333333334
brushing_teeth+engine+toilet_flush,0.8333333333333334
brushing_teeth+engine+train,0.875
brushing_teeth+engine+vacuum_cleaner,0.8541666666666666
brushing_teeth+engine+washing_machine,0.8333333333333334
brushing_teeth+engine+water_drops,0.8125
brushing_teeth+engine+wind,0.8333333333333334
brushing_teeth+fireworks+footsteps,0.5416666666666666
brushing_teeth+fireworks+frog,0.625
brushing_teeth+fireworks+glass_breaking,0.75
brushing_teeth+fireworks+hand_saw,0.75
brushing_teeth+fireworks+helicopter,0.7708333333333334
brushing_teeth+fireworks+hen,0.6666666666666666
brushing_teeth+fireworks+insects,0.75
brushing_teeth+fireworks+keyboard_typing,0.6458333333333334
brushing_teeth+fireworks+laughing,0.625
brushing_teeth+fireworks+mouse_click,0.6875
brushing_teeth+fireworks+pig,0.7083333333333334
brushing_teeth+fireworks+pouring_water,0.6875
brushing_teeth+fireworks+rain,0.7708333333333334
brushing_teeth+fireworks+rooster,0.7708333333333334
brushing_teeth+fireworks+sea_waves,0.7708333333333334
brushing_teeth+fireworks+sheep,0.5625
brushing_teeth+fireworks+siren,0.7916666666666666
brushing_teeth+fireworks+sneezing,0.7708333333333334
brushing_teeth+fireworks+snoring,0.7916666666666666
brushing_teeth+fireworks+thunderstorm,0.8125
brushing_teeth+fireworks+toilet_flush,0.75
brushing_teeth+fireworks+train,0.8125
brushing_teeth+fireworks+vacuum_cleaner,0.8125
brushing_teeth+fireworks+washing_machine,0.75
brushing_teeth+fireworks+water_drops,0.7291666666666666
brushing_teeth+fireworks+wind,0.8333333333333334
brushing_teeth+footsteps+frog,0.6666666666666666
brushing_teeth+footsteps+glass_breaking,0.8333333333333334
brushing_teeth+footsteps+hand_saw,0.8125
brushing_teeth+footsteps+helicopter,0.7916666666666666
brushing_teeth+footsteps+hen,0.6875
brushing_teeth+footsteps+insects,0.7083333333333334
brushing_teeth+footsteps+keyboard_typing,0.625
brushing_teeth+footsteps+laughing,0.6041666666666666
brushing_teeth+footsteps+mouse_click,0.6875
brushing_teeth+footsteps+pig,0.6875
brushing_teeth+footsteps+pouring_water,0.6666666666666666
brushing_teeth+footsteps+rain,0.7916666666666666
brushing_teeth+footsteps+rooster,0.8125
brushing_teeth+footsteps+sea_waves,0.7708333333333334
brushing_teeth+footsteps+sheep,0.7083333333333334
brushing_teeth+footsteps+siren,0.8333333333333334
brushing_teeth+footsteps+sneezing,0.8125
brushing_teeth+footsteps+snoring,0.7083333333333334
brushing_teeth+footsteps+thunderstorm,0.75
brushing_teeth+footsteps+toilet_flush,0.7708333333333334
brushing_teeth+footsteps+train,0.8541666666666666
brushing_teeth+footsteps+vacuum_cleaner,0.8541666666666666
brushing_teeth+footsteps+washing_machine,0.7708333333333334
brushing_teeth+footsteps+water_drops,0.7291666666666666
brushing_teeth+footsteps+wind,0.875
brushing_teeth+frog+glass_breaking,0.7083333333333334
brushing_teeth+frog+hand_saw,0.7083333333333334
brushing_teeth+frog+helicopter,0.7291666666666666
brushing_teeth+frog+hen,0.6458333333333334
brushing_teeth+frog+insects,0.6666666666666666
brushing_teeth+frog+keyboard_typing,0.625
brushing_teeth+frog+laughing,0.5833333333333334
brushing_teeth+frog+mouse_click,0.6458333333333334
brushing_teeth+frog+pig,0.625
brushing_teeth+frog+pouring_water,0.625
brushing_teeth+frog+rain,0.7291666666666666
brushing_teeth+frog+rooster,0.7083333333333334
brushing_teeth+frog+sea_waves,0.6875
brushing_teeth+frog+sheep,0.5416666666666666
brushing_teeth+frog+siren,0.7291666666666666
brushing_teeth+frog+sneezing,0.7083333333333334
brushing_teeth+frog+snoring,0.7291666666666666
brushing_teeth+frog+thunderstorm,0.7083333333333334
brushing_teeth+frog+toilet_flush,0.7291666666666666
brushing_teeth+frog+train,0.75
brushing_teeth+frog+vacuum_cleaner,0.75
brushing_teeth+frog+washing_machine,0.7083333333333334
brushing_teeth+frog+water_drops,0.6666666666666666
brushing_teeth+frog+wind,0.7708333333333334
brushing_teeth+glass_breaking+hand_saw,0.7916666666666666
brushing_teeth+glass_breaking+helicopter,0.8125
brushing_teeth+glass_breaking+hen,0.8125
brushing_teeth+glass_breaking+insects,0.7916666666666666
brushing_teeth+glass_breaking+keyboard_typing,0.75
brushing_teeth+glass_breaking+laughing,0.75
brushing_teeth+glass_breaking+mouse_click,0.6666666666666666
brushing_teeth+glass_breaking+pig,0.7083333333333334
brushing_teeth+glass_breaking+pouring_water,0.7083333333333334
brushing_teeth+glass_breaking+rain,0.7916666666666666
brushing_teeth+glass_breaking+rooster,0.8541666666666666
brushing_teeth+glass_breaking+sea_waves,0.7916666666666666
brushing_teeth+glass_breaking+sheep,0.7708333333333334
brushing_teeth+glass_breaking+siren,0.8333333333333334
brushing_teeth+glass_breaking+sneezing,0.7291666666666666
brushing_teeth+glass_breaking+snoring,0.8541666666666666
brushing_teeth+glass_breaking+thunderstorm,0.8125
brushing_teeth+glass_breaking+toilet_flush,0.7708333333333334
brushing_teeth+glass_breaking+train,0.8333333333333334
brushing_teeth+glass_breaking+vacuum_cleaner,0.875
brushing_teeth+glass_breaking+washing_machine,0.8125
brushing_teeth+glass_breaking+water_drops,0.7291666666666666
brushing_teeth+glass_breaking+wind,0.8541666666666666
brushing_teeth+hand_saw+helicopter,0.875
brushing_teeth+hand_saw+hen,0.7708333333333334
brushing_teeth+hand_saw+insects,0.7708333333333334
brushing_teeth+hand_saw+keyboard_typing,0.7708333333333334
brushing_teeth+hand_saw+laughing,0.6666666666666666
brushing_teeth+hand_saw+mouse_click,0.8333333333333334
brushing_teeth+hand_saw+pig,0.6666666666666666
brushing_teeth+hand_saw+pouring_water,0.6666666666666666
brushing_teeth+hand_saw+rain,0.8125
brushing_teeth+hand_saw+rooster,0.7916666666666666
brushing_teeth+hand_saw+sea_waves,0.7708333333333334
brushing_teeth+hand_saw+sheep,0.7916666666666666
brushing_teeth+hand_saw+siren,0.7916666666666666
brushing_teeth+hand_saw+sneezing,0.8125
brushing_teeth+hand_saw+snoring,0.8541666666666666
brushing_teeth+hand_saw+thunderstorm,0.875
brushing_teeth+hand_saw+toilet_flush,0.6875
brushing_teeth+hand_saw+train,0.875
brushing_teeth+hand_saw+vacuum_cleaner,0.8125
brushing_teeth+hand_saw+washing_machine,0.8125
brushing_teeth+hand_saw+water_drops,0.7916666666666666
brushing_teeth+hand_saw+wind,0.8958333333333334
brushing_teeth+helicopter+hen,0.7708333333333334
brushing_teeth+helicopter+insects,0.6875
brushing_teeth+helicopter+keyboard_typing,0.7916666666666666
brushing_teeth+helicopter+laughing,0.7291666666666666
brushing_teeth+helicopter+mouse_click,0.7083333333333334
brushing_teeth+helicopter+pig,0.7916666666666666
brushing_teeth+helicopter+pouring_water,0.7291666666666666
brushing_teeth+helicopter+rain,0.75
brushing_teeth+helicopter+rooster,0.7916666666666666
brushing_teeth+helicopter+sea_waves,0.7916666666666666
brushing_teeth+helicopter+sheep,0.8125
brushing_teeth+helicopter+siren,0.7708333333333334
brushing_teeth+helicopter+sneezing,0.8125
brushing_teeth+helicopter+snoring,0.8541666666666666
brushing_teeth+helicopter+thunderstorm,0.75
brushing_teeth+helicopter+toilet_flush,0.875
brushing_teeth+helicopter+train,0.7291666666666666
brushing_teeth+helicopter+vacuum_cleaner,0.8541666666666666
brushing_teeth+helicopter+washing_machine,0.625
brushing_teeth+helicopter+water_drops,0.7916666666666666
brushing_teeth+helicopter+wind,0.6041666666666666
brushing_teeth+hen+insects,0.625
brushing_teeth+hen+keyboard_typing,0.6458333333333334
brushing_teeth+hen+laughing,0.5208333333333334
brushing_teeth+hen+mouse_click,0.7708333333333334
brushing_teeth+hen+pig,0.5833333333333334
brushing_teeth+hen+pouring_water,0.6041666666666666
brushing_teeth+hen+rain,0.6875
brushing_teeth+hen+rooster,0.75
brushing_teeth+hen+sea_waves,0.7291666666666666
brushing_teeth+hen+sheep,0.625
brushing_teeth+hen+siren,0.7083333333333334
brushing_teeth+hen+sneezing,0.75
brushing_teeth+hen+snoring,0.7916666666666666
brushing_teeth+hen+thunderstorm,0.7708333333333334
brushing_teeth+hen+toilet_flush,0.7291666666666666
brushing_teeth+hen+train,0.7708333333333334
brushing_teeth+hen+vacuum_cleaner,0.7916666666666666
brushing_teeth+hen+washing_machine,0.7083333333333334
brushing_teeth+hen+water_drops,0.75
brushing_teeth+hen+wind,0.8125
brushing_teeth+insects+keyboard_typing,0.7291666666666666
brushing_teeth+insects+laughing,0.6458333333333334
brushing_teeth+insects+mouse_click,0.6875
brushing_teeth+insects+pig,0.6041666666666666
brushing_teeth+insects+pouring_water,0.7083333333333334
brushing_teeth+insects+rain,0.6041666666666666
brushing_teeth+insects+rooster,0.8125
brushing_teeth+insects+sea_waves,0.7083333333333334
brushing_teeth+insects+sheep,0.7291666666666666
brushing_teeth+insects+siren,0.8125
brushing_teeth+insects+sneezing,0.7916666666666666
brushing_teeth+insects+snoring,0.8125
brushing_teeth+insects+thunderstorm,0.75
brushing_teeth+insects+toilet_flush,0.7916666666666666
brushing_teeth+insects+train,0.7291666666666666
brushing_teeth+insects+vacuum_cleaner,0.8125
brushing_teeth+insects+washing_machine,0.625
brushing_teeth+insects+water_drops,0.75
brushing_teeth+insects+wind,0.75
brushing_teeth+keyboard_typing+laughing,0.5208333333333334
brushing_teeth+keyboard_typing+mouse_click,0.7083333333333334
brushing_teeth+keyboard_typing+pig,0.6666666666666666
brushing_teeth+keyboard_typing+pouring_water,0.5833333333333334
brushing_teeth+keyboard_typing+rain,0.7708333333333334
brushing_teeth+keyboard_typing+rooster,0.75
brushing_teeth+keyboard_typing+sea_waves,0.7916666666666666
brushing_teeth+keyboard_typing+sheep,0.6666666666666666
brushing_teeth+keyboard_typing+siren,0.7916666666666666
brushing_teeth+keyboard_typing+sneezing,0.7291666666666666
brushing_teeth+keyboard_typing+snoring,0.7291666666666666
brushing_teeth+keyboard_typing+thunderstorm,0.7916666666666666
brushing_teeth+keyboard_typing+toilet_flush,0.7708333333333334
brushing_teeth+keyboard_typing+train,0.8125
brushing_teeth+keyboard_typing+vacuum_cleaner,0.8541666666666666
brushing_teeth+keyboard_typing+washing_machine,0.7916666666666666
brushing_teeth+keyboard_typing+water_drops,0.7291666666666666
brushing_teeth+keyboard_typing+wind,0.8333333333333334
brushing_teeth+laughing+mouse_click,0.7083333333333334
brushing_teeth+laughing+pig,0.625
brushing_teeth+laughing+pouring_water,0.5833333333333334
brushing_teeth+laughing+rain,0.6666666666666666
brushing_teeth+laughing+rooster,0.5833333333333334
brushing_teeth+laughing+sea_waves,0.6458333333333334
brushing_teeth+laughing+sheep,0.5208333333333334
brushing_teeth+laughing+siren,0.6458333333333334
brushing_teeth+laughing+sneezing,0.6666666666666666
brushing_teeth+laughing+snoring,0.7291666666666666
brushing_teeth+laughing+thunderstorm,0.75
brushing_teeth+laughing+toilet_flush,0.6458333333333334
brushing_teeth+laughing+train,0.7291666666666666
brushing_teeth+laughing+vacuum_cleaner,0.7291666666666666
brushing_teeth+laughing+washing_machine,0.6875
brushing_teeth+laughing+water_drops,0.7291666666666666
brushing_teeth+laughing+wind,0.7708333333333334
brushing_teeth+mouse_click+pig,0.7083333333333334
brushing_teeth+mouse_click+pouring_water,0.6875
brushing_teeth+mouse_click+rain,0.7291666666666666
brushing_teeth+mouse_click+rooster,0.8541666666666666
brushing_teeth+mouse_click+sea_waves,0.7916666666666666
brushing_teeth+mouse_click+sheep,0.75
brushing_teeth+mouse_click+siren,0.8125
brushing_teeth+mouse_click+sneezing,0.7291666666666666
brushing_teeth+mouse_click+snoring,0.7291666666666666
brushing_teeth+mouse_click+thunderstorm,0.75
brushing_teeth+mouse_click+toilet_flush,0.7916666666666666
brushing_teeth+mouse_click+train,0.8125
brushing_teeth+mouse_click+vacuum_cleaner,0.8541666666666666
brushing_teeth+mouse_click+washing_machine,0.8125
brushing_teeth+mouse_click+water_drops,0.5625
brushing_teeth+mouse_click+wind,0.8333333333333334
brushing_teeth+pig+pouring_water,0.5625
brushing_teeth+pig+rain,0.75
brushing_teeth+pig+rooster,0.7083333333333334
brushing_teeth+pig+sea_waves,0.75
brushing_teeth+pig+sheep,0.5833333333333334
brushing_teeth+pig+siren,0.7083333333333334
brushing_teeth+pig+sneezing,0.7083333333333334
brushing_teeth+pig+snoring,0.6875
brushing_teeth+pig+thunderstorm,0.7916666666666666
brushing_teeth+pig+toilet_flush,0.8125
brushing_teeth+pig+train,0.7916666666666666
brushing_teeth+pig+vacuum_cleaner,0.7708333333333334
brushing_teeth+pig+washing_machine,0.7291666666666666
brushing_teeth+pig+water_drops,0.7083333333333334
brushing_teeth+pig+wind,0.8333333333333334
brushing_teeth+pouring_water+rain,0.7083333333333334
brushing_teeth+pouring_water+rooster,0.625
brushing_teeth+pouring_water+sea_waves,0.7083333333333334
brushing_teeth+pouring_water+sheep,0.5833333333333334
brushing_teeth+pouring_water+siren,0.7083333333333334
brushing_teeth+pouring_water+sneezing,0.7083333333333334
brushing_teeth+pouring_water+snoring,0.75
brushing_teeth+pouring_water+thunderstorm,0.7291666666666666
brushing_teeth+pouring_water+toilet_flush,0.6458333333333334
brushing_teeth+pouring_water+train,0.75
brushing_teeth+pouring_water+vacuum_cleaner,0.7916666666666666
brushing_teeth+pouring_water+washing_machine,0.7083333333333334
brushing_teeth+pouring_water+water_drops,0.6875
brushing_teeth+pouring_water+wind,0.7708333333333334
brushing_teeth+rain+rooster,0.7916666666666666
brushing_teeth+rain+sea_waves,0.7083333333333334
brushing_teeth+rain+sheep,0.7083333333333334
brushing_teeth+rain+siren,0.75
brushing_teeth+rain+sneezing,0.7916666666666666
brushing_teeth+rain+snoring,0.7916666666666666
brushing_teeth+rain+thunderstorm,0.8125
brushing_teeth+rain+toilet_flush,0.7708333333333334
brushing_teeth+rain+train,0.6875
brushing_teeth+rain+vacuum_cleaner,0.7708333333333334
brushing_teeth+rain+washing_machine,0.6666666666666666
brushing_teeth+rain+water_drops,0.7708333333333334
brushing_teeth+rain+wind,0.6875
brushing_teeth+rooster+sea_waves,0.7916666666666666
brushing_teeth+rooster+sheep,0.7708333333333334
brushing_teeth+rooster+siren,0.8125
brushing_teeth+rooster+sneezing,0.7916666666666666
brushing_teeth+rooster+snoring,0.8541666666666666
brushing_teeth+rooster+thunderstorm,0.8125
brushing_teeth+rooster+toilet_flush,0.7708333333333334
brushing_teeth+rooster+train,0.8333333333333334
brushing_teeth+rooster+vacuum_cleaner,0.8958333333333334
brushing_teeth+rooster+washing_machine,0.8125
brushing_teeth+rooster+water_drops,0.8333333333333334
brushing_teeth+rooster+wind,0.8541666666666666
brushing_teeth+sea_waves+sheep,0.75
brushing_teeth+sea_waves+siren,0.7708333333333334
brushing_teeth+sea_waves+sneezing,0.7916666666666666
brushing_teeth+sea_waves+snoring,0.8333333333333334
brushing_teeth+sea_waves+thunderstorm,0.8541666666666666
brushing_teeth+sea_waves+toilet_flush,0.8333333333333334
brushing_teeth+sea_waves+train,0.8541666666666666
brushing_teeth+sea_waves+vacuum_cleaner,0.75
brushing_teeth+sea_waves+washing_machine,0.7291666666666666
brushing_teeth+sea_waves+water_drops,0.8125
brushing_teeth+sea_waves+wind,0.8541666666666666
brushing_teeth+sheep+siren,0.6875
brushing_teeth+sheep+sneezing,0.7083333333333334
brushing_teeth+sheep+snoring,0.75
brushing_teeth+sheep+thunderstorm,0.7083333333333334
brushing_teeth+sheep+toilet_flush,0.75
brushing_teeth+sheep+train,0.75
brushing_teeth+sheep+vacuum_cleaner,0.7916666666666666
brushing_teeth+sheep+washing_machine,0.7291666666666666
brushing_teeth+sheep+water_drops,0.7291666666666666
brushing_teeth+sheep+wind,0.8125
brushing_teeth+siren+sneezing,0.8333333333333334
brushing_teeth+siren+snoring,0.8541666666666666
brushing_teeth+siren+thunderstorm,0.8125
brushing_teeth+siren+toilet_flush,0.7916666666666666
brushing_teeth+siren+train,0.75
brushing_teeth+siren+vacuum_cleaner,0.875
brushing_teeth+siren+washing_machine,0.8333333333333334
brushing_teeth+siren+water_drops,0.8125
brushing_teeth+siren+wind,0.875
brushing_teeth+sneezing+snoring,0.8541666666666666
brushing_teeth+sneezing+thunderstorm,0.8125
brushing_teeth+sneezing+toilet_flush,0.7708333333333334
brushing_teeth+sneezing+train,0.8333333333333334
brushing_teeth+sneezing+vacuum_cleaner,0.8958333333333334
brushing_teeth+sneezing+washing_machine,0.8125
brushing_teeth+sneezing+water_drops,0.7291666666666666
brushing_teeth+sneezing+wind,0.8541666666666666
brushing_teeth+snoring+thunderstorm,0.8125
brushing_teeth+snoring+toilet_flush,0.8333333333333334
brushing_teeth+snoring+train,0.875
brushing_teeth+snoring+vacuum_cleaner,0.8958333333333334
brushing_teeth+snoring+washing_machine,0.7708333333333334
brushing_teeth+snoring+water_drops,0.7708333333333334
brushing_teeth+snoring+wind,0.8958333333333334
brushing_teeth+thunderstorm+toilet_flush,0.8958333333333334
brushing_teeth+thunderstorm+train,0.875
brushing_teeth+thunderstorm+vacuum_cleaner,0.9166666666666666
brushing_teeth+thunderstorm+washing_machine,0.75
brushing_teeth+thunderstorm+water_drops,0.7708333333333334
brushing_teeth+thunderstorm+wind,0.8958333333333334
brushing_teeth+toilet_flush+train,0.8958333333333334
brushing_teeth+toilet_flush+vacuum_cleaner,0.7708333333333334
brushing_teeth+toilet_flush+washing_machine,0.8125
brushing_teeth+toilet_flush+water_drops,0.7916666666666666
brushing_teeth+toilet_flush+wind,0.8958333333333334
brushing_teeth+train+vacuum_cleaner,0.9166666666666666
brushing_teeth+train+washing_machine,0.75
brushing_teeth+train+water_drops,0.8333333333333334
brushing_teeth+train+wind,0.7708333333333334
brushing_teeth+vacuum_cleaner+washing_machine,0.8541666666666666
brushing_teeth+vacuum_cleaner+water_drops,0.8958333333333334
brushing_teeth+vacuum_cleaner+wind,0.8541666666666666
brushing_teeth+washing_machine+water_drops,0.8125
brushing_teeth+washing_machine+wind,0.7291666666666666
brushing_teeth+water_drops+wind,0.8333333333333334
can_opening+car_horn+cat,0.7083333333333334
can_opening+car_horn+chainsaw,0.7916666666666666
can_opening+car_horn+chirping_birds,0.7708333333333334
can_opening+car_horn+church_bells,0.8125
can_opening+car_horn+clapping,0.8125
can_opening+car_horn+clock_alarm,0.7708333333333334
can_opening+car_horn+clock_tick,0.5625
can_opening+car_horn+coughing,0.7083333333333334
can_opening+car_horn+cow,0.7291666666666666
can_opening+car_horn+crackling_fire,0.75
can_opening+car_horn+crickets,0.7291666666666666
can_opening+car_horn+crow,0.7916666666666666
can_opening+car_horn+crying_baby,0.7708333333333334
can_opening+car_horn+dog,0.7708333333333334
can_opening+car_horn+door_wood_creaks,0.6041666666666666
can_opening+car_horn+door_wood_knock,0.7291666666666666
can_opening+car_horn+drinking_sipping,0.6458333333333334
can_opening+car_horn+engine,0.7291666666666666
can_opening+car_horn+fireworks,0.8125
can_opening+car_horn+footsteps,0.6666666666666666
can_opening+car_horn+frog,0.7291666666666666
can_opening+car_horn+glass_breaking,0.6458333333333334
can_opening+car_horn+hand_saw,0.75
can_opening+car_horn+helicopter,0.6666666666666666
can_opening+car_horn+hen,0.6875
can_opening+car_horn+insects,0.5833333333333334
can_opening+car_horn+keyboard_typing,0.6875
can_opening+car_horn+laughing,0.75
can_opening+car_horn+mouse_click,0.625
can_opening+car_horn+pig,0.6458333333333334
can_opening+car_horn+pouring_water,0.7916666666666666
can_opening+car_horn+rain,0.5833333333333334
can_opening+car_horn+rooster,0.75
can_opening+car_horn+sea_waves,0.7708333333333334
can_opening+car_horn+sheep,0.7291666666666666
can_opening+car_horn+siren,0.7916666666666666
can_opening+car_horn+sneezing,0.75
can_opening+car_horn+snoring,0.7708333333333334
can_opening+car_horn+thunderstorm,0.75
can_opening+car_horn+toilet_flush,0.8125
can_opening+car_horn+train,0.7291666666666666
can_opening+car_horn+vacuum_cleaner,0.8541666666666666
can_opening+car_horn+washing_machine,0.6875
can_opening+car_horn+water_drops,0.6041666666666666
can_opening+car_horn+wind,0.7708333333333334
can_opening+cat+chainsaw,0.875
can_opening+cat+chirping_birds,0.8125
can_opening+cat+church_bells,0.875
can_opening+cat+clapping,0.8125
can_opening+cat+clock_alarm,0.7916666666666666
can_opening+cat+clock_tick,0.5
can_opening+cat+coughing,0.75
can_opening+cat+cow,0.8125
can_opening+cat+crackling_fire,0.7916666666666666
can_opening+cat+crickets,0.75
can_opening+cat+crow,0.8125
can_opening+cat+crying_baby,0.7708333333333334
can_opening+cat+dog,0.7708333333333334
can_opening+cat+door_wood_creaks,0.6458333333333334
can_opening+cat+door_wood_knock,0.7916666666666666
can_opening+cat+drinking_sipping,0.75
can_opening+cat+engine,0.8541666666666666
can_opening+cat+fireworks,0.75
can_opening+cat+footsteps,0.7708333333333334
can_opening+cat+frog,0.7291666666666666
can_opening+cat+glass_breaking,0.7291666666666666
can_opening+cat+hand_saw,0.875
can_opening+cat+helicopter,0.8541666666666666
can_opening+cat+hen,0.6875
can_opening+cat+insects,0.7916666666666666
can_opening+cat+keyboard_typing,0.7083333333333334
can_opening+cat+laughing,0.6458333333333334
can_opening+cat+mouse_click,0.7291666666666666
can_opening+cat+pig,0.7291666666666666
can_opening+cat+pouring_water,0.7916666666666666
can_opening+cat+rain,0.7916666666666666
can_opening+cat+rooster,0.6875
can_opening+cat+sea_waves,0.8541666666666666
can_opening+cat+sheep,0.7916666666666666
can_opening+cat+siren,0.7916666666666666
can_opening+cat+sneezing,0.6875
can_opening+cat+snoring,0.8333333333333334
can_opening+cat+thunderstorm,0.8541666666666666
can_opening+cat+toilet_flush,0.8541666666666666
can_opening+cat+train,0.8541666666666666
can_opening+cat+vacuum_cleaner,0.875
can_opening+cat+washing_machine,0.7916666666666666
can_opening+cat+water_drops,0.6041666666666666
can_opening+cat+wind,0.8541666666666666
can_opening+chainsaw+chirping_birds,0.9166666666666666
can_opening+chainsaw+church_bells,0.9791666666666666
can_opening+chainsaw+clapping,0.875
can_opening+chainsaw+clock_alarm,0.9375
can_opening+chainsaw+clock_tick,0.75
can_opening+chainsaw+coughing,0.875
can_opening+chainsaw+cow,0.9375
can_opening+chainsaw+crackling_fire,0.8958333333333334
can_opening+chainsaw+crickets,0.9166666666666666
can_opening+chainsaw+crow,0.9375
can_opening+chainsaw+crying_baby,0.9166666666666666
can_opening+chainsaw+dog,0.8958333333333334
can_opening+chainsaw+door_wood_creaks,0.7708333333333334
can_opening+chainsaw+door_wood_knock,0.8958333333333334
can_opening+chainsaw+drinking_sipping,0.875
can_opening+chainsaw+engine,0.9166666666666666
can_opening+chainsaw+fireworks,0.9166666666666666
can_opening+chainsaw+footsteps,0.875
can_opening+chainsaw+frog,0.8958333333333334
can_opening+chainsaw+glass_breaking,0.8125
can_opening+chainsaw+hand_saw,0.75
can_opening+chainsaw+helicopter,0.8958333333333334
can_opening+chainsaw+hen,0.9375
can_opening+chainsaw+insects,0.8958333333333334
can_opening+chainsaw+keyboard_typing,0.8541666666666666
can_opening+chainsaw+laughing,0.8958333333333334
can_opening+chainsaw+mouse_click,0.8541666666666666
can_opening+chainsaw+pig,0.75
can_opening+chainsaw+pouring_water,0.8958333333333334
can_opening+chainsaw+rain,0.7708333333333334
can_opening+chainsaw+rooster,0.9375
can_opening+chainsaw+sea_waves,0.7708333333333334
can_opening+chainsaw+sheep,0.8958333333333334
can_opening+chainsaw+siren,0.9583333333333334
can_opening+chainsaw+sneezing,0.9166666666666666
can_opening+chainsaw+snoring,0.9583333333333334
can_opening+chainsaw+thunderstorm,1.0
can_opening+chainsaw+toilet_flush,0.8958333333333334
can_opening+chainsaw+train,0.8541666666666666
can_opening+chainsaw+vacuum_cleaner,0.7291666666666666
can_opening+chainsaw+washing_machine,0.8333333333333334
can_opening+chainsaw+water_drops,0.7916666666666666
can_opening+chainsaw+wind,0.9583333333333334
can_opening+chirping_birds+church_bells,0.9583333333333334
can_opening+chirping_birds+clapping,0.875
can_opening+chirping_birds+clock_alarm,0.875
can_opening+chirping_birds+clock_tick,0.7291666666666666
can_opening+chirping_birds+coughing,0.875
can_opening+chirping_birds+cow,0.875
can_opening+chirping_birds+crackling_fire,0.875
can_opening+chirping_birds+crickets,0.8125
can_opening+chirping_birds+crow,0.875
can_opening+chirping_birds+crying_baby,0.8333333333333334
can_opening+chirping_birds+dog,0.8541666666666666
can_opening+chirping_birds+door_wood_creaks,0.8541666666666666
can_opening+chirping_birds+door_wood_knock,0.875
can_opening+chirping_birds+drinking_sipping,0.8125
can_opening+chirping_birds+engine,0.9166666666666666
can_opening+chirping_birds+fireworks,0.8958333333333334
can_opening+chirping_birds+footsteps,0.875
can_opening+chirping_birds+frog,0.7291666666666666
can_opening+chirping_birds+glass_breaking,0.7916666666666666
can_opening+chirping_birds+hand_saw,0.8958333333333334
can_opening+chirping_birds+helicopter,0.9583333333333334
can_opening+chirping_birds+hen,0.7916666666666666
can_opening+chirping_birds+insects,0.7708333333333334
can_opening+chirping_birds+keyboard_typing,0.7708333333333334
can_opening+chirping_birds+laughing,0.8125
can_opening+chirping_birds+mouse_click,0.8125
can_opening+chirping_birds+pig,0.7708333333333334
can_opening+chirping_birds+pouring_water,0.8125
can_opening+chirping_birds+rain,0.7916666666666666
can_opening+chirping_birds+rooster,0.8958333333333334
can_opening+chirping_birds+sea_waves,0.8541666666666666
can_opening+chirping_birds+sheep,0.8333333333333334
can_opening+chirping_birds+siren,0.8958333333333334
can_opening+chirping_birds+sneezing,0.875
can_opening+chirping_birds+snoring,0.9375
can_opening+chirping_birds+thunderstorm,0.9583333333333334
can_opening+chirping_birds+toilet_flush,0.875
can_opening+chirping_birds+train,0.9583333333333334
can_opening+chirping_birds+vacuum_cleaner,0.9583333333333334
can_opening+chirping_birds+washing_machine,0.875
can_opening+chirping_birds+water_drops,0.75
can_opening+chirping_birds+wind,0.9375
can_opening+church_bells+clapping,0.875
can_opening+church_bells+clock_alarm,0.9166666666666666
can_opening+church_bells+clock_tick,0.75
can_opening+church_bells+coughing,0.9166666666666666
can_opening+church_bells+cow,0.875
can_opening+church_bells+crackling_fire,0.8958333333333334
can_opening+church_bells+crickets,0.875
can_opening+church_bells+crow,0.9583333333333334
can_opening+church_bells+crying_baby,0.9375
can_opening+church_bells+dog,0.875
can_opening+church_bells+door_wood_creaks,0.875
can_opening+church_bells+door_wood_knock,0.8958333333333334
can_opening+church_bells+drinking_sipping,0.8541666666666666
can_opening+church_bells+engine,0.9791666666666666
can_opening+church_bells+fireworks,0.9166666666666666
can_opening+church_bells+footsteps,0.8958333333333334
can_opening+church_bells+frog,0.8958333333333334
can_opening+church_bells+glass_breaking,0.8333333333333334
can_opening+church_bells+hand_saw,0.9791666666666666
can_opening+church_bells+helicopter,0.8958333333333334
can_opening+church_bells+hen,0.9375
can_opening+church_bells+insects,0.7916666666666666
can_opening+church_bells+keyboard_typing,0.8333333333333334
can_opening+church_bells+laughing,0.875
can_opening+church_bells+mouse_click,0.8333333333333334
can_opening+church_bells+pig,0.875
can_opening+church_bells+pouring_water,0.9375
can_opening+church_bells+rain,0.8958333333333334
can_opening+church_bells+rooster,0.9375
can_opening+church_bells+sea_waves,0.8958333333333334
can_opening+church_bells+sheep,0.875
can_opening+church_bells+siren,0.8125
can_opening+church_bells+sneezing,0.9166666666666666
can_opening+church_bells+snoring,0.9583333333333334
can_opening+church_bells+thunderstorm,0.9583333333333334
can_opening+church_bells+toilet_flush,0.9791666666666666
can_opening+church_bells+train,0.9583333333333334
can_opening+church_bells+vacuum_cleaner,0.9791666666666666
can_opening+church_bells+washing_machine,0.875
can_opening+church_bells+water_drops,0.75
can_opening+church_bells+wind,0.9375
can_opening+clapping+clock_alarm,0.875
can_opening+clapping+clock_tick,0.7083333333333334
can_opening+clapping+coughing,0.875
can_opening+clapping+cow,0.8333333333333334
can_opening+clapping+crackling_fire,0.8958333333333334
can_opening+clapping+crickets,0.875
can_opening+clapping+crow,0.8541666666666666
can_opening+clapping+crying_baby,0.8125
can_opening+clapping+dog,0.875
can_opening+clapping+door_wood_creaks,0.7916666666666666
can_opening+clapping+door_wood_knock,0.875
can_opening+clapping+drinking_sipping,0.8125
can_opening+clapping+engine,0.8958333333333334
can_opening+clapping+fireworks,0.8958333333333334
can_opening+clapping+footsteps,0.8541666666666666
can_opening+clapping+frog,0.8541666666666666
can_opening+clapping+glass_breaking,0.75
can_opening+clapping+hand_saw,0.8333333333333334
can_opening+clapping+helicopter,0.9583333333333334
can_opening+clapping+hen,0.7916666666666666
can_opening+clapping+insects,0.875
can_opening+clapping+keyboard_typing,0.8333333333333334
can_opening+clapping+laughing,0.7916666666666666
can_opening+clapping+mouse_click,0.8125
can_opening+clapping+pig,0.7916666666666666
can_opening+clapping+pouring_water,0.8125
can_opening+clapping+rain,0.875
can_opening+clapping+rooster,0.875
can_opening+clapping+sea_waves,0.875
can_opening+clapping+sheep,0.8541666666666666
can_opening+clapping+siren,0.9166666666666666
can_opening+clapping+sneezing,0.8541666666666666
can_opening+clapping+snoring,0.9375
can_opening+clapping+thunderstorm,0.9375
can_opening+clapping+toilet_flush,0.8125
can_opening+clapping+train,0.9375
can_opening+clapping+vacuum_cleaner,0.8333333333333334
can_opening+clapping+washing_machine,0.875
can_opening+clapping+water_drops,0.75
can_opening+clapping+wind,0.9375
can_opening+clock_alarm+clock_tick,0.7083333333333334
can_opening+clock_alarm+coughing,0.8333333333333334
can_opening+clock_alarm+cow,0.9583333333333334
can_opening+clock_alarm+crackling_fire,0.8541666666666666
can_opening+clock_alarm+crickets,0.8333333333333334
can_opening+clock_alarm+crow,0.8958333333333334
can_opening+clock_alarm+crying_baby,0.8541666666666666
can_opening+clock_alarm+dog,0.8541666666666666
can_opening+clock_alarm+door_wood_creaks,0.8125
can_opening+clock_alarm+door_wood_knock,0.875
can_opening+clock_alarm+drinking_sipping,0.8541666666666666
can_opening+clock_alarm+engine,0.9583333333333334
can_opening+clock_alarm+fireworks,0.9166666666666666
can_opening+clock_alarm+footsteps,0.875
can_opening+clock_alarm+frog,0.8125
can_opening+clock_alarm+glass_breaking,0.7291666666666666
can_opening+clock_alarm+hand_saw,0.8958333333333334
can_opening+clock_alarm+helicopter,0.9583333333333334
can_opening+clock_alarm+hen,0.875
can_opening+clock_alarm+insects,0.8541666666666666
can_opening+clock_alarm+keyboard_typing,0.7708333333333334
can_opening+clock_alarm+laughing,0.8958333333333334
can_opening+clock_alarm+mouse_click,0.7916666666666666
can_opening+clock_alarm+pig,0.7708333333333334
can_opening+clock_alarm+pouring_water,0.8125
can_opening+clock_alarm+rain,0.9166666666666666
can_opening+clock_alarm+rooster,0.8541666666666666
can_opening+clock_alarm+sea_waves,0.9375
can_opening+clock_alarm+sheep,0.9166666666666666
can_opening+clock_alarm+siren,0.9375
can_opening+clock_alarm+sneezing,0.8541666666666666
can_opening+clock_alarm+snoring,0.9375
can_opening+clock_alarm+thunderstorm,0.9583333333333334
can_opening+clock_alarm+toilet_flush,0.8958333333333334
can_opening+clock_alarm+train,0.9583333333333334
can_opening+clock_alarm+vacuum_cleaner,0.9583333333333334
can_opening+clock_alarm+washing_machine,0.9375
can_opening+clock_alarm+water_drops,0.7083333333333334
can_opening+clock_alarm+wind,0.9583333333333334
can_opening+clock_tick+coughing,0.6458333333333334
can_opening+clock_tick+cow,0.7291666666666666
can_opening+clock_tick+crackling_fire,0.6666666666666666
can_opening+clock_tick+crickets,0.6875
can_opening+clock_tick+crow,0.7291666666666666
can_opening+clock_tick+crying_baby,0.625
can_opening+clock_tick+dog,0.6666666666666666
can_opening+clock_tick+door_wood_creaks,0.6041666666666666
can_opening+clock_tick+door_wood_knock,0.7083333333333334
can_opening+clock_tick+drinking_sipping,0.625
can_opening+clock_tick+engine,0.7708333333333334
can_opening+clock_tick+fireworks,0.6666666666666666
can_opening+clock_tick+footsteps,0.6041666666666666
can_opening+clock_tick+frog,0.6041666666666666
can_opening+clock_tick+glass_breaking,0.625
can_opening+clock_tick+hand_saw,0.7708333333333334
can_opening+clock_tick+helicopter,0.7083333333333334
can_opening+clock_tick+hen,0.625
can_opening+clock_tick+insects,0.5625
can_opening+clock_tick+keyboard_typing,0.5625
can_opening+clock_tick+laughing,0.625
can_opening+clock_tick+mouse_click,0.6041666666666666
can_opening+clock_tick+pig,0.6041666666666666
can_opening+clock_tick+pouring_water,0.5833333333333334
can_opening+clock_tick+rain,0.75
can_opening+clock_tick+rooster,0.6875
can_opening+clock_tick+sea_waves,0.7291666666666666
can_opening+clock_tick+sheep,0.6666666666666666
can_opening+clock_tick+siren,0.7291666666666666
can_opening+clock_tick+sneezing,0.6875
can_opening+clock_tick+snoring,0.7083333333333334
can_opening+clock_tick+thunderstorm,0.75
can_opening+clock_tick+toilet_flush,0.7083333333333334
can_opening+clock_tick+train,0.7708333333333334
can_opening+clock_tick+vacuum_cleaner,0.7708333333333334
can_opening+clock_tick+washing_machine,0.6666666666666666
can_opening+clock_tick+water_drops,0.4791666666666667
can_opening+clock_tick+wind,0.7708333333333334
can_opening+coughing+cow,0.8333333333333334
can_opening+coughing+crackling_fire,0.8541666666666666
can_opening+coughing+crickets,0.8541666666666666
can_opening+coughing+crow,0.875
can_opening+coughing+crying_baby,0.8125
can_opening+coughing+dog,0.8333333333333334
can_opening+coughing+door_wood_creaks,0.8125
can_opening+coughing+door_wood_knock,0.7916666666666666
can_opening+coughing+drinking_sipping,0.6875
can_opening+coughing+engine,0.875
can_opening+coughing+fireworks,0.8958333333333334
can_opening+coughing+footsteps,0.7916666666666666
can_opening+coughing+frog,0.8125
can_opening+coughing+glass_breaking,0.7291666666666666
can_opening+coughing+hand_saw,0.8541666666666666
can_opening+coughing+helicopter,0.9166666666666666
can_opening+coughing+hen,0.875
can_opening+coughing+insects,0.8125
can_opening+coughing+keyboard_typing,0.8125
can_opening+coughing+laughing,0.8125
can_opening+coughing+mouse_click,0.7083333333333334
can_opening+coughing+pig,0.8125
can_opening+coughing+pouring_water,0.7291666666666666
can_opening+coughing+rain,0.8958333333333334
can_opening+coughing+rooster,0.8541666666666666
can_opening+coughing+sea_waves,0.9166666666666666
can_opening+coughing+sheep,0.9166666666666666
can_opening+coughing+siren,0.9166666666666666
can_opening+coughing+sneezing,0.6666666666666666
can_opening+coughing+snoring,0.8958333333333334
can_opening+coughing+thunderstorm,0.9166666666666666
can_opening+coughing+toilet_flush,0.875
can_opening+coughing+train,0.9166666666666666
can_opening+coughing+vacuum_cleaner,0.9166666666666666
can_opening+coughing+washing_machine,0.8958333333333334
can_opening+coughing+water_drops,0.6875
can_opening+coughing+wind,0.9166666666666666
can_opening+cow+crackling_fire,0.8958333333333334
can_opening+cow+crickets,0.875
can_opening+cow+crow,0.9166666666666666
can_opening+cow+crying_baby,0.8958333333333334
can_opening+cow+dog,0.875
can_opening+cow+door_wood_creaks,0.7916666666666666
can_opening+cow+door_wood_knock,0.875
can_opening+cow+drinking_sipping,0.8125
can_opening+cow+engine,0.9583333333333334
can_opening+cow+fireworks,0.9166666666666666
can_opening+cow+footsteps,0.8333333333333334
can_opening+cow+frog,0.875
can_opening+cow+glass_breaking,0.8333333333333334
can_opening+cow+hand_saw,0.9375
can_opening+cow+helicopter,0.9166666666666666
can_opening+cow+hen,0.8125
can_opening+cow+insects,0.75
can_opening+cow+keyboard_typing,0.7708333333333334
can_opening+cow+laughing,0.7916666666666666
can_opening+cow+mouse_click,0.8333333333333334
can_opening+cow+pig,0.7708333333333334
can_opening+cow+pouring_water,0.8958333333333334
can_opening+cow+rain,0.9166666666666666
can_opening+cow+rooster,0.875
can_opening+cow+sea_waves,0.9166666666666666
can_opening+cow+sheep,0.7916666666666666
can_opening+cow+siren,0.8125
can_opening+cow+sneezing,0.875
can_opening+cow+snoring,0.9583333333333334
can_opening+cow+thunderstorm,0.9166666666666666
can_opening+cow+toilet_flush,0.875
can_opening+cow+train,0.9583333333333334
can_opening+cow+vacuum_cleaner,0.9583333333333334
can_opening+cow+washing_machine,0.875
can_opening+cow+water_drops,0.75
can_opening+cow+wind,0.9791666666666666
can_opening+crackling_fire+crickets,0.8333333333333334
can_opening+crackling_fire+crow,0.875
can_opening+crackling_fire+crying_baby,0.8541666666666666
can_opening+crackling_fire+dog,0.875
can_opening+crackling_fire+door_wood_creaks,0.8333333333333334
can_opening+crackling_fire+door_wood_knock,0.8125
can_opening+crackling_fire+drinking_sipping,0.75
can_opening+crackling_fire+engine,0.8958333333333334
can_opening+crackling_fire+fireworks,0.8125
can_opening+crackling_fire+footsteps,0.75
can_opening+crackling_fire+frog,0.75
can_opening+crackling_fire+glass_breaking,0.7708333333333334
can_opening+crackling_fire+hand_saw,0.8958333333333334
can_opening+crackling_fire+helicopter,0.8958333333333334
can_opening+crackling_fire+hen,0.8541666666666666
can_opening+crackling_fire+insects,0.75
can_opening+crackling_fire+keyboard_typing,0.8333333333333334
can_opening+crackling_fire+laughing,0.8541666666666666
can_opening+crackling_fire+mouse_click,0.6041666666666666
can_opening+crackling_fire+pig,0.7916666666666666
can_opening+crackling_fire+pouring_water,0.8541666666666666
can_opening+crackling_fire+rain,0.8333333333333334
can_opening+crackling_fire+rooster,0.875
can_opening+crackling_fire+sea_waves,0.8958333333333334
can_opening+crackling_fire+sheep,0.875
can_opening+crackling_fire+siren,0.8958333333333334
can_opening+crackling_fire+sneezing,0.8333333333333334
can_opening+crackling_fire+snoring,0.7708333333333334
can_opening+crackling_fire+thunderstorm,0.7708333333333334
can_opening+crackling_fire+toilet_flush,0.8958333333333334
can_opening+crackling_fire+train,0.8958333333333334
can_opening+crackling_fire+vacuum_cleaner,0.9166666666666666
can_opening+crackling_fire+washing_machine,0.8541666666666666
can_opening+crackling_fire+water_drops,0.5208333333333334
can_opening+crackling_fire+wind,0.875
can_opening+crickets+crow,0.8958333333333334
can_opening+crickets+crying_baby,0.875
can_opening+crickets+dog,0.875
can_opening+crickets+door_wood_creaks,0.8333333333333334
can_opening+crickets+door_wood_knock,0.8333333333333334
can_opening+crickets+drinking_sipping,0.8125
can_opening+crickets+engine,0.875
can_opening+crickets+fireworks,0.8958333333333334
can_opening+crickets+footsteps,0.8541666666666666
can_opening+crickets+frog,0.8125
can_opening+crickets+glass_breaking,0.7708333333333334
can_opening+crickets+hand_saw,0.875
can_opening+crickets+helicopter,0.7916666666666666
can_opening+crickets+hen,0.8125
can_opening+crickets+insects,0.7916666666666666
can_opening+crickets+keyboard_typing,0.8333333333333334
can_opening+crickets+laughing,0.875
can_opening+crickets+mouse_click,0.7708333333333334
can_opening+crickets+pig,0.7916666666666666
can_opening+crickets+pouring_water,0.875
can_opening+crickets+rain,0.8541666666666666
can_opening+crickets+rooster,0.875
can_opening+crickets+sea_waves,0.8541666666666666
can_opening+crickets+sheep,0.875
can_opening+crickets+siren,0.9166666666666666
can_opening+crickets+sneezing,0.8541666666666666
can_opening+crickets+snoring,0.9166666666666666
can_opening+crickets+thunderstorm,0.9166666666666666
can_opening+crickets+toilet_flush,0.9166666666666666
can_opening+crickets+train,0.8541666666666666
can_opening+crickets+vacuum_cleaner,0.9375
can_opening+crickets+washing_machine,0.7708333333333334
can_opening+crickets+water_drops,0.6666666666666666
can_opening+crickets+wind,0.875
can_opening+crow+crying_baby,0.8541666666666666
can_opening+crow+dog,0.8958333333333334
can_opening+crow+door_wood_creaks,0.75
can_opening+crow+door_wood_knock,0.875
can_opening+crow+drinking_sipping,0.8541666666666666
can_opening+crow+engine,0.9166666666666666
can_opening+crow+fireworks,0.8958333333333334
can_opening+crow+footsteps,0.875
can_opening+crow+frog,0.8125
can_opening+crow+glass_breaking,0.8125
can_opening+crow+hand_saw,0.875
can_opening+crow+helicopter,0.9583333333333334
can_opening+crow+hen,0.8958333333333334
can_opening+crow+insects,0.8541666666666666
can_opening+crow+keyboard_typing,0.8541666666666666
can_opening+crow+laughing,0.8333333333333334
can_opening+crow+mouse_click,0.7708333333333334
can_opening+crow+pig,0.8125
can_opening+crow+pouring_water,0.8333333333333334
can_opening+crow+rain,0.9166666666666666
can_opening+crow+rooster,0.8125
can_opening+crow+sea_waves,0.9166666666666666
can_opening+crow+sheep,0.9166666666666666
can_opening+crow+siren,0.8958333333333334
can_opening+crow+sneezing,0.8958333333333334
can_opening+crow+snoring,0.9583333333333334
can_opening+crow+thunderstorm,0.9375
can_opening+crow+toilet_flush,0.8541666666666666
can_opening+crow+train,0.9583333333333334
can_opening+crow+vacuum_cleaner,0.9166666666666666
can_opening+crow+washing_machine,0.8958333333333334
can_opening+crow+water_drops,0.7291666666666666
can_opening+crow+wind,0.9583333333333334
can_opening+crying_baby+dog,0.8125
can_opening+crying_baby+door_wood_creaks,0.7916666666666666
can_opening+crying_baby+door_wood_knock,0.8541666666666666
can_opening+crying_baby+drinking_sipping,0.7708333333333334
can_opening+crying_baby+engine,0.9375
can_opening+crying_baby+fireworks,0.8958333333333334
can_opening+crying_baby+footsteps,0.8125
can_opening+crying_baby+frog,0.8541666666666666
can_opening+crying_baby+glass_breaking,0.75
can_opening+crying_baby+hand_saw,0.875
can_opening+crying_baby+helicopter,0.9583333333333334
can_opening+crying_baby+hen,0.8333333333333334
can_opening+crying_baby+insects,0.8541666666666666
can_opening+crying_baby+keyboard_typing,0.7916666666666666
can_opening+crying_baby+laughing,0.75
can_opening+crying_baby+mouse_click,0.7916666666666666
can_opening+crying_baby+pig,0.7916666666666666
can_opening+crying_baby+pouring_water,0.7083333333333334
can_opening+crying_baby+rain,0.9375
can_opening+crying_baby+rooster,0.8333333333333334
can_opening+crying_baby+sea_waves,0.9375
can_opening+crying_baby+sheep,0.8125
can_opening+crying_baby+siren,0.8958333333333334
can_opening+crying_baby+sneezing,0.8541666666666666
can_opening+crying_baby+snoring,0.9166666666666666
can_opening+crying_baby+thunderstorm,0.9375
can_opening+crying_baby+toilet_flush,0.9375
can_opening+crying_baby+train,0.9375
can_opening+crying_baby+vacuum_cleaner,0.9583333333333334
can_opening+crying_baby+washing_machine,0.9166666666666666
can_opening+crying_baby+water_drops,0.7291666666666666
can_opening+crying_baby+wind,0.9583333333333334
can_opening+dog+door_wood_creaks,0.75
can_opening+dog+door_wood_knock,0.8125
can_opening+dog+drinking_sipping,0.75
can_opening+dog+engine,0.9166666666666666
can_opening+dog+fireworks,0.9166666666666666
can_opening+dog+footsteps,0.8541666666666666
can_opening+dog+frog,0.7916666666666666
can_opening+dog+glass_breaking,0.7916666666666666
can_opening+dog+hand_saw,0.9375
can_opening+dog+helicopter,0.9166666666666666
can_opening+dog+hen,0.8125
can_opening+dog+insects,0.8333333333333334
can_opening+dog+keyboard_typing,0.7708333333333334
can_opening+dog+laughing,0.625
can_opening+dog+mouse_click,0.7916666666666666
can_opening+dog+pig,0.8125
can_opening+dog+pouring_water,0.7708333333333334
can_opening+dog+rain,0.8958333333333334
can_opening+dog+rooster,0.8125
can_opening+dog+sea_waves,0.8958333333333334
can_opening+dog+sheep,0.8333333333333334
can_opening+dog+siren,0.8541666666666666
can_opening+dog+sneezing,0.8541666666666666
can_opening+dog+snoring,0.9375
can_opening+dog+thunderstorm,0.9375
can_opening+dog+toilet_flush,0.875
can_opening+dog+train,0.9375
can_opening+dog+vacuum_cleaner,0.875
can_opening+dog+washing_machine,0.875
can_opening+dog+water_drops,0.6458333333333334
can_opening+dog+wind,0.9375
can_opening+door_wood_creaks+door_wood_knock,0.7291666666666666
can_opening+door_wood_creaks+drinking_sipping,0.7291666666666666
can_opening+door_wood_creaks+engine,0.8125
can_opening+door_wood_creaks+fireworks,0.75
can_opening+door_wood_creaks+footsteps,0.7083333333333334
can_opening+door_wood_creaks+frog,0.7291666666666666
can_opening+door_wood_creaks+glass_breaking,0.625
can_opening+door_wood_creaks+hand_saw,0.75
can_opening+door_wood_creaks+helicopter,0.7916666666666666
can_opening+door_wood_creaks+hen,0.7708333333333334
can_opening+door_wood_creaks+insects,0.7291666666666666
can_opening+door_wood_creaks+keyboard_typing,0.7083333333333334
can_opening+door_wood_creaks+laughing,0.6875
can_opening+door_wood_creaks+mouse_click,0.7291666666666666
can_opening+door_wood_creaks+pig,0.7083333333333334
can_opening+door_wood_creaks+pouring_water,0.7708333333333334
can_opening+door_wood_creaks+rain,0.7916666666666666
can_opening+door_wood_creaks+rooster,0.875
can_opening+door_wood_creaks+sea_waves,0.8125
can_opening+door_wood_creaks+sheep,0.7708333333333334
can_opening+door_wood_creaks+siren,0.8125
can_opening+door_wood_creaks+sneezing,0.8333333333333334
can_opening+door_wood_creaks+snoring,0.8125
can_opening+door_wood_creaks+thunderstorm,0.8333333333333334
can_opening+door_wood_creaks+toilet_flush,0.7291666666666666
can_opening+door_wood_creaks+train,0.8541666666666666
can_opening+door_wood_creaks+vacuum_cleaner,0.8541666666666666
can_opening+door_wood_creaks+washing_machine,0.7708333333333334
can_opening+door_wood_creaks+water_drops,0.625
can_opening+door_wood_creaks+wind,0.8541666666666666
can_opening+door_wood_knock+drinking_sipping,0.7083333333333334
can_opening+door_wood_knock+engine,0.8958333333333334
can_opening+door_wood_knock+fireworks,0.8125
can_opening+door_wood_knock+footsteps,0.7916666666666666
can_opening+door_wood_knock+frog,0.7916666666666666
can_opening+door_wood_knock+glass_breaking,0.75
can_opening+door_wood_knock+hand_saw,0.8958333333333334
can_opening+door_wood_knock+helicopter,0.8958333333333334
can_opening+door_wood_knock+hen,0.875
can_opening+door_wood_knock+insects,0.8333333333333334
can_opening+door_wood_knock+keyboard_typing,0.8125
can_opening+door_wood_knock+laughing,0.8958333333333334
can_opening+door_wood_knock+mouse_click,0.7083333333333334
can_opening+door_wood_knock+pig,0.7916666666666666
can_opening+door_wood_knock+pouring_water,0.8333333333333334
can_opening+door_wood_knock+rain,0.875
can_opening+door_wood_knock+rooster,0.8541666666666666
can_opening+door_wood_knock+sea_waves,0.8958333333333334
can_opening+door_wood_knock+sheep,0.8958333333333334
can_opening+door_wood_knock+siren,0.8958333333333334
can_opening+door_wood_knock+sneezing,0.8541666666666666
can_opening+door_wood_knock+snoring,0.8125
can_opening+door_wood_knock+thunderstorm,0.8958333333333334
can_opening+door_wood_knock+toilet_flush,0.875
can_opening+door_wood_knock+train,0.8958333333333334
can_opening+door_wood_knock+vacuum_cleaner,0.875
can_opening+door_wood_knock+washing_machine,0.8333333333333334
can_opening+door_wood_knock+water_drops,0.625
can_opening+door_wood_knock+wind,0.8958333333333334
can_opening+drinking_sipping+engine,0.875
can_opening+drinking_sipping+fireworks,0.6458333333333334
can_opening+drinking_sipping+footsteps,0.7083333333333334
can_opening+drinking_sipping+frog,0.7708333333333334
can_opening+drinking_sipping+glass_breaking,0.7291666666666666
can_opening+drinking_sipping+hand_saw,0.875
can_opening+drinking_sipping+helicopter,0.8541666666666666
can_opening+drinking_sipping+hen,0.8125
can_opening+drinking_sipping+insects,0.7083333333333334
can_opening+drinking_sipping+keyboard_typing,0.6458333333333334
can_opening+drinking_sipping+laughing,0.7291666666666666
can_opening+drinking_sipping+mouse_click,0.6875
can_opening+drinking_sipping+pig,0.75
can_opening+drinking_sipping+pouring_water,0.7291666666666666
can_opening+drinking_sipping+rain,0.8541666666666666
can_opening+drinking_sipping+rooster,0.7708333333333334
can_opening+drinking_sipping+sea_waves,0.8541666666666666
can_opening+drinking_sipping+sheep,0.8125
can_opening+drinking_sipping+siren,0.7916666666666666
can_opening+drinking_sipping+sneezing,0.7708333333333334
can_opening+drinking_sipping+snoring,0.7708333333333334
can_opening+drinking_sipping+thunderstorm,0.875
can_opening+drinking_sipping+toilet_flush,0.8333333333333334
can_opening+drinking_sipping+train,0.875
can_opening+drinking_sipping+vacuum_cleaner,0.875
can_opening+drinking_sipping+washing_machine,0.7916666666666666
can_opening+drinking_sipping+water_drops,0.5416666666666666
can_opening+drinking_sipping+wind,0.8541666666666666
can_opening+engine+fireworks,0.9166666666666666
can_opening+engine+footsteps,0.9166666666666666
can_opening+engine+frog,0.875
can_opening+engine+glass_breaking,0.8333333333333334
can_opening+engine+hand_saw,0.9375
can_opening+engine+helicopter,0.7916666666666666
can_opening+engine+hen,0.9583333333333334
can_opening+engine+insects,0.8541666666666666
can_opening+engine+keyboard_typing,0.8958333333333334
can_opening+engine+laughing,0.9583333333333334
can_opening+engine+mouse_click,0.8333333333333334
can_opening+engine+pig,0.8958333333333334
can_opening+engine+pouring_water,0.9375
can_opening+engine+rain,0.8125
can_opening+engine+rooster,0.9375
can_opening+engine+sea_waves,0.8541666666666666
can_opening+engine+sheep,0.9375
can_opening+engine+siren,0.9791666666666666
can_opening+engine+sneezing,0.9166666666666666
can_opening+engine+snoring,0.9583333333333334
can_opening+engine+thunderstorm,0.9791666666666666
can_opening+engine+toilet_flush,0.9166666666666666
can_opening+engine+train,0.9166666666666666
can_opening+engine+vacuum_cleaner,0.875
can_opening+engine+washing_machine,0.8541666666666666
can_opening+engine+water_drops,0.7291666666666666
can_opening+engine+wind,0.8541666666666666
can_opening+fireworks+footsteps,0.6041666666666666
can_opening+fireworks+frog,0.8125
can_opening+fireworks+glass_breaking,0.7916666666666666
can_opening+fireworks+hand_saw,0.9375
can_opening+fireworks+helicopter,0.9583333333333334
can_opening+fireworks+hen,0.875
can_opening+fireworks+insects,0.875
can_opening+fireworks+keyboard_typing,0.7291666666666666
can_opening+fireworks+laughing,0.7916666666666666
can_opening+fireworks+mouse_click,0.7708333333333334
can_opening+fireworks+pig,0.8541666666666666
can_opening+fireworks+pouring_water,0.875
can_opening+fireworks+rain,0.9583333333333334
can_opening+fireworks+rooster,0.9166666666666666
can_opening+fireworks+sea_waves,0.9375
can_opening+fireworks+sheep,0.7916666666666666
can_opening+fireworks+siren,0.9583333333333334
can_opening+fireworks+sneezing,0.8958333333333334
can_opening+fireworks+snoring,0.9166666666666666
can_opening+fireworks+thunderstorm,0.9791666666666666
can_opening+fireworks+toilet_flush,0.9375
can_opening+fireworks+train,0.9583333333333334
can_opening+fireworks+vacuum_cleaner,0.9583333333333334
can_opening+fireworks+washing_machine,0.8958333333333334
can_opening+fireworks+water_drops,0.6875
can_opening+fireworks+wind,0.9791666666666666
can_opening+footsteps+frog,0.75
can_opening+footsteps+glass_breaking,0.7708333333333334
can_opening+footsteps+hand_saw,0.875
can_opening+footsteps+helicopter,0.875
can_opening+footsteps+hen,0.8333333333333334
can_opening+footsteps+insects,0.75
can_opening+footsteps+keyboard_typing,0.7291666666666666
can_opening+footsteps+laughing,0.7708333333333334
can_opening+footsteps+mouse_click,0.6666666666666666
can_opening+footsteps+pig,0.75
can_opening+footsteps+pouring_water,0.7291666666666666
can_opening+footsteps+rain,0.875
can_opening+footsteps+rooster,0.8333333333333334
can_opening+footsteps+sea_waves,0.875
can_opening+footsteps+sheep,0.8333333333333334
can_opening+footsteps+siren,0.8958333333333334
can_opening+footsteps+sneezing,0.8541666666666666
can_opening+footsteps+snoring,0.7708333333333334
can_opening+footsteps+thunderstorm,0.8333333333333334
can_opening+footsteps+toilet_flush,0.8541666666666666
can_opening+footsteps+train,0.9166666666666666
can_opening+footsteps+vacuum_cleaner,0.8958333333333334
can_opening+footsteps+washing_machine,0.8333333333333334
can_opening+footsteps+water_drops,0.625
can_opening+footsteps+wind,0.9166666666666666
can_opening+frog+glass_breaking,0.7291666666666666
can_opening+frog+hand_saw,0.875
can_opening+frog+helicopter,0.8958333333333334
can_opening+frog+hen,0.8541666666666666
can_opening+frog+insects,0.8125
can_opening+frog+keyboard_typing,0.7083333333333334
can_opening+frog+laughing,0.7916666666666666
can_opening+frog+mouse_click,0.6875
can_opening+frog+pig,0.7708333333333334
can_opening+frog+pouring_water,0.8125
can_opening+frog+rain,0.875
can_opening+frog+rooster,0.8333333333333334
can_opening+frog+sea_waves,0.8333333333333334
can_opening+frog+sheep,0.7708333333333334
can_opening+frog+siren,0.875
can_opening+frog+sneezing,0.8125
can_opening+frog+snoring,0.875
can_opening+frog+thunderstorm,0.8958333333333334
can_opening+frog+toilet_flush,0.8958333333333334
can_opening+frog+train,0.8958333333333334
can_opening+frog+vacuum_cleaner,0.875
can_opening+frog+washing_machine,0.8333333333333334
can_opening+frog+water_drops,0.625
can_opening+frog+wind,0.8958333333333334
can_opening+glass_breaking+hand_saw,0.7916666666666666
can_opening+glass_breaking+helicopter,0.8333333333333334
can_opening+glass_breaking+hen,0.8125
can_opening+glass_breaking+insects,0.7291666666666666
can_opening+glass_breaking+keyboard_typing,0.7083333333333334
can_opening+glass_breaking+laughing,0.7916666666666666
can_opening+glass_breaking+mouse_click,0.6041666666666666
can_opening+glass_breaking+pig,0.7291666666666666
can_opening+glass_breaking+pouring_water,0.75
can_opening+glass_breaking+rain,0.8125
can_opening+glass_breaking+rooster,0.7708333333333334
can_opening+glass_breaking+sea_waves,0.8333333333333334
can_opening+glass_breaking+sheep,0.8333333333333334
can_opening+glass_breaking+siren,0.8333333333333334
can_opening+glass_breaking+sneezing,0.6875
can_opening+glass_breaking+snoring,0.8333333333333334
can_opening+glass_breaking+thunderstorm,0.8333333333333334
can_opening+glass_breaking+toilet_flush,0.7916666666666666
can_opening+glass_breaking+train,0.8333333333333334
can_opening+glass_breaking+vacuum_cleaner,0.8125
can_opening+glass_breaking+washing_machine,0.8125
can_opening+glass_breaking+water_drops,0.625
can_opening+glass_breaking+wind,0.8333333333333334
can_opening+hand_saw+helicopter,0.9791666666666666
can_opening+hand_saw+hen,0.9166666666666666
can_opening+hand_saw+insects,0.8541666666666666
can_opening+hand_saw+keyboard_typing,0.8541666666666666
can_opening+hand_saw+laughing,0.8541666666666666
can_opening+hand_saw+mouse_click,0.8541666666666666
can_opening+hand_saw+pig,0.7291666666666666
can_opening+hand_saw+pouring_water,0.8125
can_opening+hand_saw+rain,0.9166666666666666
can_opening+hand_saw+rooster,0.8958333333333334
can_opening+hand_saw+sea_waves,0.8958333333333334
can_opening+hand_saw+sheep,0.9166666666666666
can_opening+hand_saw+siren,0.9375
can_opening+hand_saw+sneezing,0.8958333333333334
can_opening+hand_saw+snoring,0.9791666666666666
can_opening+hand_saw+thunderstorm,0.9791666666666666
can_opening+hand_saw+toilet_flush,0.7916666666666666
can_opening+hand_saw+train,0.9791666666666666
can_opening+hand_saw+vacuum_cleaner,0.8958333333333334
can_opening+hand_saw+washing_machine,0.9166666666666666
can_opening+hand_saw+water_drops,0.75
can_opening+hand_saw+wind,0.9791666666666666
can_opening+helicopter+hen,0.9166666666666666
can_opening+helicopter+insects,0.8125
can_opening+helicopter+keyboard_typing,0.8958333333333334
can_opening+helicopter+laughing,0.9375
can_opening+helicopter+mouse_click,0.75
can_opening+helicopter+pig,0.875
can_opening+helicopter+pouring_water,0.9375
can_opening+helicopter+rain,0.8541666666666666
can_opening+helicopter+rooster,0.9166666666666666
can_opening+helicopter+sea_waves,0.8958333333333334
can_opening+helicopter+sheep,0.9583333333333334
can_opening+helicopter+siren,0.9375
can_opening+helicopter+sneezing,0.9166666666666666
can_opening+helicopter+snoring,0.9791666666666666
can_opening+helicopter+thunderstorm,0.8541666666666666
can_opening+helicopter+toilet_flush,1.0
can_opening+helicopter+train,0.8333333333333334
can_opening+helicopter+vacuum_cleaner,0.9583333333333334
can_opening+helicopter+washing_machine,0.7083333333333334
can_opening+helicopter+water_drops,0.7708333333333334
can_opening+helicopter+wind,0.7083333333333334
can_opening+hen+insects,0.75
can_opening+hen+keyboard_typing,0.7708333333333334
can_opening+hen+laughing,0.6666666666666666
can_opening+hen+mouse_click,0.8125
can_opening+hen+pig,0.75
can_opening+hen+pouring_water,0.7708333333333334
can_opening+hen+rain,0.8541666666666666
can_opening+hen+rooster,0.875
can_opening+hen+sea_waves,0.8958333333333334
can_opening+hen+sheep,0.7916666666666666
can_opening+hen+siren,0.875
can_opening+hen+sneezing,0.8333333333333334
can_opening+hen+snoring,0.9583333333333334
can_opening+hen+thunderstorm,0.9166666666666666
can_opening+hen+toilet_flush,0.875
can_opening+hen+train,0.9166666666666666
can_opening+hen+vacuum_cleaner,0.9375
can_opening+hen+washing_machine,0.8958333333333334
can_opening+hen+water_drops,0.75
can_opening+hen+wind,0.9583333333333334
can_opening+insects+keyboard_typing,0.7708333333333334
can_opening+insects+laughing,0.7916666666666666
can_opening+insects+mouse_click,0.6666666666666666
can_opening+insects+pig,0.7083333333333334
can_opening+insects+pouring_water,0.8125
can_opening+insects+rain,0.7083333333333334
can_opening+insects+rooster,0.8541666666666666
can_opening+insects+sea_waves,0.7916666666666666
can_opening+insects+sheep,0.8541666666666666
can_opening+insects+siren,0.8958333333333334
can_opening+insects+sneezing,0.8333333333333334
can_opening+insects+snoring,0.8541666666666666
can_opening+insects+thunderstorm,0.8541666666666666
can_opening+insects+toilet_flush,0.8958333333333334
can_opening+insects+train,0.8125
can_opening+insects+vacuum_cleaner,0.875
can_opening+insects+washing_machine,0.6458333333333334
can_opening+insects+water_drops,0.6875
can_opening+insects+wind,0.8125
can_opening+keyboard_typing+laughing,0.6666666666666666
can_opening+keyboard_typing+mouse_click,0.7291666666666666
can_opening+keyboard_typing+pig,0.75
can_opening+keyboard_typing+pouring_water,0.7083333333333334
can_opening+keyboard_typing+rain,0.8541666666666666
can_opening+keyboard_typing+rooster,0.7916666666666666
can_opening+keyboard_typing+sea_waves,0.8958333333333334
can_opening+keyboard_typing+sheep,0.7916666666666666
can_opening+keyboard_typing+siren,0.8333333333333334
can_opening+keyboard_typing+sneezing,0.7708333333333334
can_opening+keyboard_typing+snoring,0.7916666666666666
can_opening+keyboard_typing+thunderstorm,0.875
can_opening+keyboard_typing+toilet_flush,0.8333333333333334
can_opening+keyboard_typing+train,0.875
can_opening+keyboard_typing+vacuum_cleaner,0.8958333333333334
can_opening+keyboard_typing+washing_machine,0.875
can_opening+keyboard_typing+water_drops,0.6666666666666666
can_opening+keyboard_typing+wind,0.875
can_opening+laughing+mouse_click,0.7916666666666666
can_opening+laughing+pig,0.8333333333333334
can_opening+laughing+pouring_water,0.75
can_opening+laughing+rain,0.8958333333333334
can_opening+laughing+rooster,0.7083333333333334
can_opening+laughing+sea_waves,0.8541666666666666
can_opening+laughing+sheep,0.7291666666666666
can_opening+laughing+siren,0.8333333333333334
can_opening+laughing+sneezing,0.8125
can_opening+laughing+snoring,0.9166666666666666
can_opening+laughing+thunderstorm,0.9375
can_opening+laughing+toilet_flush,0.8541666666666666
can_opening+laughing+train,0.9166666666666666
can_opening+laughing+vacuum_cleaner,0.9166666666666666
can_opening+laughing+washing_machine,0.8958333333333334
can_opening+laughing+water_drops,0.75
can_opening+laughing+wind,0.9583333333333334
can_opening+mouse_click+pig,0.75
can_opening+mouse_click+pouring_water,0.75
can_opening+mouse_click+rain,0.7708333333333334
can_opening+mouse_click+rooster,0.8125
can_opening+mouse_click+sea_waves,0.8541666666666666
can_opening+mouse_click+sheep,0.8333333333333334
can_opening+mouse_click+siren,0.8333333333333334
can_opening+mouse_click+sneezing,0.75
can_opening+mouse_click+snoring,0.75
can_opening+mouse_click+thunderstorm,0.7916666666666666
can_opening+mouse_click+toilet_flush,0.8333333333333334
can_opening+mouse_click+train,0.8333333333333334
can_opening+mouse_click+vacuum_cleaner,0.8541666666666666
can_opening+mouse_click+washing_machine,0.8333333333333334
can_opening+mouse_click+water_drops,0.4791666666666667
can_opening+mouse_click+wind,0.8333333333333334
can_opening+pig+pouring_water,0.7291666666666666
can_opening+pig+rain,0.8333333333333334
can_opening+pig+rooster,0.8333333333333334
can_opening+pig+sea_waves,0.8333333333333334
can_opening+pig+sheep,0.7291666666666666
can_opening+pig+siren,0.8333333333333334
can_opening+pig+sneezing,0.8125
can_opening+pig+snoring,0.8125
can_opening+pig+thunderstorm,0.8541666666666666
can_opening+pig+toilet_flush,0.875
can_opening+pig+train,0.8541666666666666
can_opening+pig+vacuum_cleaner,0.8333333333333334
can_opening+pig+washing_machine,0.7916666666666666
can_opening+pig+water_drops,0.6875
can_opening+pig+wind,0.8958333333333334
can_opening+pouring_water+rain,0.9166666666666666
can_opening+pouring_water+rooster,0.7291666666666666
can_opening+pouring_water+sea_waves,0.9375
can_opening+pouring_water+sheep,0.7916666666666666
can_opening+pouring_water+siren,0.875
can_opening+pouring_water+sneezing,0.8333333333333334
can_opening+pouring_water+snoring,0.8958333333333334
can_opening+pouring_water+thunderstorm,0.9375
can_opening+pouring_water+toilet_flush,0.8125
can_opening+pouring_water+train,0.9375
can_opening+pouring_water+vacuum_cleaner,0.9375
can_opening+pouring_water+washing_machine,0.8958333333333334
can_opening+pouring_water+water_drops,0.6666666666666666
can_opening+pouring_water+wind,0.9375
can_opening+rain+rooster,0.9166666666666666
can_opening+rain+sea_waves,0.7916666666666666
can_opening+rain+sheep,0.8541666666666666
can_opening+rain+siren,0.8958333333333334
can_opening+rain+sneezing,0.8958333333333334
can_opening+rain+snoring,0.8958333333333334
can_opening+rain+thunderstorm,0.9166666666666666
can_opening+rain+toilet_flush,0.8958333333333334
can_opening+rain+train,0.7708333333333334
can_opening+rain+vacuum_cleaner,0.8333333333333334
can_opening+rain+washing_machine,0.7083333333333334
can_opening+rain+water_drops,0.7291666666666666
can_opening+rain+wind,0.75
can_opening+rooster+sea_waves,0.9375
can_opening+rooster+sheep,0.9375
can_opening+rooster+siren,0.9166666666666666
can_opening+rooster+sneezing,0.7916666666666666
can_opening+rooster+snoring,0.9375
can_opening+rooster+thunderstorm,0.9375
can_opening+rooster+toilet_flush,0.8958333333333334
can_opening+rooster+train,0.9375
can_opening+rooster+vacuum_cleaner,0.9375
can_opening+rooster+washing_machine,0.9166666666666666
can_opening+rooster+water_drops,0.7291666666666666
can_opening+rooster+wind,0.9375
can_opening+sea_waves+sheep,0.9166666666666666
can_opening+sea_waves+siren,0.9166666666666666
can_opening+sea_waves+sneezing,0.9166666666666666
can_opening+sea_waves+snoring,0.9583333333333334
can_opening+sea_waves+thunderstorm,0.9375
can_opening+sea_waves+toilet_flush,0.9166666666666666
can_opening+sea_waves+train,0.9166666666666666
can_opening+sea_waves+vacuum_cleaner,0.8125
can_opening+sea_waves+washing_machine,0.8333333333333334
can_opening+sea_waves+water_drops,0.7708333333333334
can_opening+sea_waves+wind,0.9375
can_opening+sheep+siren,0.875
can_opening+sheep+sneezing,0.8541666666666666
can_opening+sheep+snoring,0.9375
can_opening+sheep+thunderstorm,0.8541666666666666
can_opening+sheep+toilet_flush,0.9166666666666666
can_opening+sheep+train,0.8958333333333334
can_opening+sheep+vacuum_cleaner,0.9375
can_opening+sheep+washing_machine,0.8958333333333334
can_opening+sheep+water_drops,0.75
can_opening+sheep+wind,0.9583333333333334
can_opening+siren+sneezing,0.9166666666666666
can_opening+siren+snoring,0.9375
can_opening+siren+thunderstorm,0.9583333333333334
can_opening+siren+toilet_flush,0.9583333333333334
can_opening+siren+train,0.875
can_opening+siren+vacuum_cleaner,0.9791666666666666
can_opening+siren+washing_machine,0.9375
can_opening+siren+water_drops,0.75
can_opening+siren+wind,0.9791666666666666
can_opening+sneezing+snoring,0.9166666666666666
can_opening+sneezing+thunderstorm,0.9166666666666666
can_opening+sneezing+toilet_flush,0.875
can_opening+sneezing+train,0.9166666666666666
can_opening+sneezing+vacuum_cleaner,0.9166666666666666
can_opening+sneezing+washing_machine,0.8958333333333334
can_opening+sneezing+water_drops,0.6666666666666666
can_opening+sneezing+wind,0.9166666666666666
can_opening+snoring+thunderstorm,0.9166666666666666
can_opening+snoring+toilet_flush,0.9375
can_opening+snoring+train,0.9583333333333334
can_opening+snoring+vacuum_cleaner,0.9583333333333334
can_opening+snoring+washing_machine,0.8541666666666666
can_opening+snoring+water_drops,0.6875
can_opening+snoring+wind,0.9583333333333334
can_opening+thunderstorm+toilet_flush,1.0
can_opening+thunderstorm+train,0.9583333333333334
can_opening+thunderstorm+vacuum_cleaner,1.0
can_opening+thunderstorm+washing_machine,0.8125
can_opening+thunderstorm+water_drops,0.7291666666666666
can_opening+thunderstorm+wind,0.9791666666666666
can_opening+toilet_flush+train,1.0
can_opening+toilet_flush+vacuum_cleaner,0.875
can_opening+toilet_flush+washing_machine,0.875
can_opening+toilet_flush+water_drops,0.7708333333333334
can_opening+toilet_flush+wind,1.0
can_opening+train+vacuum_cleaner,0.9791666666666666
can_opening+train+washing_machine,0.8125
can_opening+train+water_drops,0.7708333333333334
can_opening+train+wind,0.8333333333333334
can_opening+vacuum_cleaner+washing_machine,0.8958333333333334
can_opening+vacuum_cleaner+water_drops,0.7916666666666666
can_opening+vacuum_cleaner+wind,0.8958333333333334
can_opening+washing_machine+water_drops,0.7291666666666666
can_opening+washing_machine+wind,0.75
can_opening+water_drops+wind,0.75
car_horn+cat+chainsaw,0.75
car_horn+cat+chirping_birds,0.7083333333333334
car_horn+cat+church_bells,0.7916666666666666
car_horn+cat+clapping,0.7291666666666666
car_horn+cat+clock_alarm,0.6875
car_horn+cat+clock_tick,0.4166666666666667
car_horn+cat+coughing,0.6875
car_horn+cat+cow,0.6875
car_horn+cat+crackling_fire,0.7708333333333334
car_horn+cat+crickets,0.7083333333333334
car_horn+cat+crow,0.7291666666666666
car_horn+cat+crying_baby,0.6875
car_horn+cat+dog,0.6458333333333334
car_horn+cat+door_wood_creaks,0.4791666666666667
car_horn+cat+door_wood_knock,0.75
car_horn+cat+drinking_sipping,0.625
car_horn+cat+engine,0.6875
car_horn+cat+fireworks,0.6458333333333334
car_horn+cat+footsteps,0.6041666666666666
car_horn+cat+frog,0.6458333333333334
car_horn+cat+glass_breaking,0.6875
car_horn+cat+hand_saw,0.7083333333333334
car_horn+cat+helicopter,0.625
car_horn+cat+hen,0.5416666666666666
car_horn+cat+insects,0.5833333333333334
car_horn+cat+keyboard_typing,0.6041666666666666
car_horn+cat+laughing,0.5
car_horn+cat+mouse_click,0.6458333333333334
car_horn+cat+pig,0.5833333333333334
car_horn+cat+pouring_water,0.7083333333333334
car_horn+cat+rain,0.5416666666666666
car_horn+cat+rooster,0.5833333333333334
car_horn+cat+sea_waves,0.7291666666666666
car_horn+cat+sheep,0.625
car_horn+cat+siren,0.6666666666666666
car_horn+cat+sneezing,0.5833333333333334
car_horn+cat+snoring,0.6875
car_horn+cat+thunderstorm,0.7291666666666666
car_horn+cat+toilet_flush,0.75
car_horn+cat+train,0.7083333333333334
car_horn+cat+vacuum_cleaner,0.8125
car_horn+cat+washing_machine,0.625
car_horn+cat+water_drops,0.6875
car_horn+cat+wind,0.7291666666666666
car_horn+chainsaw+chirping_birds,0.8333333333333334
car_horn+chainsaw+church_bells,0.875
car_horn+chainsaw+clapping,0.8125
car_horn+chainsaw+clock_alarm,0.8541666666666666
car_horn+chainsaw+clock_tick,0.6666666666666666
car_horn+chainsaw+coughing,0.75
car_horn+chainsaw+cow,0.6875
car_horn+chainsaw+crackling_fire,0.8333333333333334
car_horn+chainsaw+crickets,0.8541666666666666
car_horn+chainsaw+crow,0.8333333333333334
car_horn+chainsaw+crying_baby,0.7916666666666666
car_horn+chainsaw+dog,0.7291666666666666
car_horn+chainsaw+door_wood_creaks,0.6041666666666666
car_horn+chainsaw+door_wood_knock,0.7916666666666666
car_horn+chainsaw+drinking_sipping,0.7083333333333334
car_horn+chainsaw+engine,0.7708333333333334
car_horn+chainsaw+fireworks,0.8125
car_horn+chainsaw+footsteps,0.7083333333333334
car_horn+chainsaw+frog,0.8333333333333334
car_horn+chainsaw+glass_breaking,0.8541666666666666
car_horn+chainsaw+hand_saw,0.625
car_horn+chainsaw+helicopter,0.625
car_horn+chainsaw+hen,0.7083333333333334
car_horn+chainsaw+insects,0.6458333333333334
car_horn+chainsaw+keyboard_typing,0.7291666666666666
car_horn+chainsaw+laughing,0.75
car_horn+chainsaw+mouse_click,0.75
car_horn+chainsaw+pig,0.625
car_horn+chainsaw+pouring_water,0.875
car_horn+chainsaw+rain,0.5416666666666666
car_horn+chainsaw+rooster,0.8333333333333334
car_horn+chainsaw+sea_waves,0.75
car_horn+chainsaw+sheep,0.6875
car_horn+chainsaw+siren,0.8333333333333334
car_horn+chainsaw+sneezing,0.8541666666666666
car_horn+chainsaw+snoring,0.7916666666666666
car_horn+chainsaw+thunderstorm,0.7916666666666666
car_horn+chainsaw+toilet_flush,0.7916666666666666
car_horn+chainsaw+train,0.7083333333333334
car_horn+chainsaw+vacuum_cleaner,0.7083333333333334
car_horn+chainsaw+washing_machine,0.6875
car_horn+chainsaw+water_drops,0.8125
car_horn+chainsaw+wind,0.8333333333333334
car_horn+chirping_birds+church_bells,0.875
car_horn+chirping_birds+clapping,0.8125
car_horn+chirping_birds+clock_alarm,0.7916666666666666
car_horn+chirping_birds+clock_tick,0.6666666666666666
car_horn+chirping_birds+coughing,0.75
car_horn+chirping_birds+cow,0.6875
car_horn+chirping_birds+crackling_fire,0.8125
car_horn+chirping_birds+crickets,0.7916666666666666
car_horn+chirping_birds+crow,0.8125
car_horn+chirping_birds+crying_baby,0.7291666666666666
car_horn+chirping_birds+dog,0.7083333333333334
car_horn+chirping_birds+door_wood_creaks,0.625
car_horn+chirping_birds+door_wood_knock,0.7708333333333334
car_horn+chirping_birds+drinking_sipping,0.6875
car_horn+chirping_birds+engine,0.7916666666666666
car_horn+chirping_birds+fireworks,0.7916666666666666
car_horn+chirping_birds+footsteps,0.7083333333333334
car_horn+chirping_birds+frog,0.6875
car_horn+chirping_birds+glass_breaking,0.8333333333333334
car_horn+chirping_birds+hand_saw,0.75
car_horn+chirping_birds+helicopter,0.6875
car_horn+chirping_birds+hen,0.625
car_horn+chirping_birds+insects,0.5833333333333334
car_horn+chirping_birds+keyboard_typing,0.6458333333333334
car_horn+chirping_birds+laughing,0.6875
car_horn+chirping_birds+mouse_click,0.7291666666666666
car_horn+chirping_birds+pig,0.6458333333333334
car_horn+chirping_birds+pouring_water,0.7916666666666666
car_horn+chirping_birds+rain,0.5625
car_horn+chirping_birds+rooster,0.8125
car_horn+chirping_birds+sea_waves,0.7916666666666666
car_horn+chirping_birds+sheep,0.6875
car_horn+chirping_birds+siren,0.8125
car_horn+chirping_birds+sneezing,0.8333333333333334
car_horn+chirping_birds+snoring,0.7916666666666666
car_horn+chirping_birds+thunderstorm,0.7708333333333334
car_horn+chirping_birds+toilet_flush,0.7916666666666666
car_horn+chirping_birds+train,0.7916666666666666
car_horn+chirping_birds+vacuum_cleaner,0.9166666666666666
car_horn+chirping_birds+washing_machine,0.6875
car_horn+chirping_birds+water_drops,0.7916666666666666
car_horn+chirping_birds+wind,0.8333333333333334
car_horn+church_bells+clapping,0.8125
car_horn+church_bells+clock_alarm,0.8333333333333334
car_horn+church_bells+clock_tick,0.6875
car_horn+church_bells+coughing,0.7916666666666666
car_horn+church_bells+cow,0.6666666666666666
car_horn+church_bells+crackling_fire,0.8541666666666666
car_horn+church_bells+crickets,0.8541666666666666
car_horn+church_bells+crow,0.875
car_horn+church_bells+crying_baby,0.8541666666666666
car_horn+church_bells+dog,0.7291666666666666
car_horn+church_bells+door_wood_creaks,0.6666666666666666
car_horn+church_bells+door_wood_knock,0.8125
car_horn+church_bells+drinking_sipping,0.7291666666666666
car_horn+church_bells+engine,0.8541666666666666
car_horn+church_bells+fireworks,0.8125
car_horn+church_bells+footsteps,0.75
car_horn+church_bells+frog,0.8541666666666666
car_horn+church_bells+glass_breaking,0.875
car_horn+church_bells+hand_saw,0.8333333333333334
car_horn+church_bells+helicopter,0.6458333333333334
car_horn+church_bells+hen,0.7708333333333334
car_horn+church_bells+insects,0.6458333333333334
car_horn+church_bells+keyboard_typing,0.7291666666666666
car_horn+church_bells+laughing,0.7083333333333334
car_horn+church_bells+mouse_click,0.75
car_horn+church_bells+pig,0.7083333333333334
car_horn+church_bells+pouring_water,0.9166666666666666
car_horn+church_bells+rain,0.6875
car_horn+church_bells+rooster,0.8541666666666666
car_horn+church_bells+sea_waves,0.8333333333333334
car_horn+church_bells+sheep,0.7291666666666666
car_horn+church_bells+siren,0.75
car_horn+church_bells+sneezing,0.875
car_horn+church_bells+snoring,0.8125
car_horn+church_bells+thunderstorm,0.8125
car_horn+church_bells+toilet_flush,0.875
car_horn+church_bells+train,0.8333333333333334
car_horn+church_bells+vacuum_cleaner,0.9375
car_horn+church_bells+washing_machine,0.75
car_horn+church_bells+water_drops,0.8125
car_horn+church_bells+wind,0.8333333333333334
car_horn+clapping+clock_alarm,0.8125
car_horn+clapping+clock_tick,0.6666666666666666
car_horn+clapping+coughing,0.7708333333333334
car_horn+clapping+cow,0.6666666666666666
car_horn+clapping+crackling_fire,0.8333333333333334
car_horn+clapping+crickets,0.8541666666666666
car_horn+clapping+crow,0.7708333333333334
car_horn+clapping+crying_baby,0.7916666666666666
car_horn+clapping+dog,0.75
car_horn+clapping+door_wood_creaks,0.6458333333333334
car_horn+clapping+door_wood_knock,0.8125
car_horn+clapping+drinking_sipping,0.6875
car_horn+clapping+engine,0.75
car_horn+clapping+fireworks,0.8333333333333334
car_horn+clapping+footsteps,0.7083333333333334
car_horn+clapping+frog,0.8333333333333334
car_horn+clapping+glass_breaking,0.7916666666666666
car_horn+clapping+hand_saw,0.7291666666666666
car_horn+clapping+helicopter,0.7291666666666666
car_horn+clapping+hen,0.6458333333333334
car_horn+clapping+insects,0.6666666666666666
car_horn+clapping+keyboard_typing,0.75
car_horn+clapping+laughing,0.6666666666666666
car_horn+clapping+mouse_click,0.75
car_horn+clapping+pig,0.6666666666666666
car_horn+clapping+pouring_water,0.8125
car_horn+clapping+rain,0.625
car_horn+clapping+rooster,0.8125
car_horn+clapping+sea_waves,0.7916666666666666
car_horn+clapping+sheep,0.6875
car_horn+clapping+siren,0.8541666666666666
car_horn+clapping+sneezing,0.8125
car_horn+clapping+snoring,0.8125
car_horn+clapping+thunderstorm,0.7916666666666666
car_horn+clapping+toilet_flush,0.7708333333333334
car_horn+clapping+train,0.7916666666666666
car_horn+clapping+vacuum_cleaner,0.8125
car_horn+clapping+washing_machine,0.75
car_horn+clapping+water_drops,0.8125
car_horn+clapping+wind,0.8333333333333334
car_horn+clock_alarm+clock_tick,0.6458333333333334
car_horn+clock_alarm+coughing,0.75
car_horn+clock_alarm+cow,0.7291666666666666
car_horn+clock_alarm+crackling_fire,0.7916666666666666
car_horn+clock_alarm+crickets,0.7916666666666666
car_horn+clock_alarm+crow,0.8125
car_horn+clock_alarm+crying_baby,0.75
car_horn+clock_alarm+dog,0.7291666666666666
car_horn+clock_alarm+door_wood_creaks,0.6041666666666666
car_horn+clock_alarm+door_wood_knock,0.7916666666666666
car_horn+clock_alarm+drinking_sipping,0.7083333333333334
car_horn+clock_alarm+engine,0.8125
car_horn+clock_alarm+fireworks,0.8125
car_horn+clock_alarm+footsteps,0.7291666666666666
car_horn+clock_alarm+frog,0.7708333333333334
car_horn+clock_alarm+glass_breaking,0.7916666666666666
car_horn+clock_alarm+hand_saw,0.7708333333333334
car_horn+clock_alarm+helicopter,0.7083333333333334
car_horn+clock_alarm+hen,0.6875
car_horn+clock_alarm+insects,0.6041666666666666
car_horn+clock_alarm+keyboard_typing,0.6666666666666666
car_horn+clock_alarm+laughing,0.7291666666666666
car_horn+clock_alarm+mouse_click,0.75
car_horn+clock_alarm+pig,0.6458333333333334
car_horn+clock_alarm+pouring_water,0.8125
car_horn+clock_alarm+rain,0.625
car_horn+clock_alarm+rooster,0.8125
car_horn+clock_alarm+sea_waves,0.8125
car_horn+clock_alarm+sheep,0.7291666666666666
car_horn+clock_alarm+siren,0.8333333333333334
car_horn+clock_alarm+sneezing,0.8541666666666666
car_horn+clock_alarm+snoring,0.7916666666666666
car_horn+clock_alarm+thunderstorm,0.7708333333333334
car_horn+clock_alarm+toilet_flush,0.8125
car_horn+clock_alarm+train,0.7916666666666666
car_horn+clock_alarm+vacuum_cleaner,0.9166666666666666
car_horn+clock_alarm+washing_machine,0.75
car_horn+clock_alarm+water_drops,0.75
car_horn+clock_alarm+wind,0.8333333333333334
car_horn+clock_tick+coughing,0.5
car_horn+clock_tick+cow,0.6041666666666666
car_horn+clock_tick+crackling_fire,0.625
car_horn+clock_tick+crickets,0.6666666666666666
car_horn+clock_tick+crow,0.6875
car_horn+clock_tick+crying_baby,0.6041666666666666
car_horn+clock_tick+dog,0.5833333333333334
car_horn+clock_tick+door_wood_creaks,0.4791666666666667
car_horn+clock_tick+door_wood_knock,0.5625
car_horn+clock_tick+drinking_sipping,0.4583333333333333
car_horn+clock_tick+engine,0.625
car_horn+clock_tick+fireworks,0.5833333333333334
car_horn+clock_tick+footsteps,0.5
car_horn+clock_tick+frog,0.5833333333333334
car_horn+clock_tick+glass_breaking,0.6666666666666666
car_horn+clock_tick+hand_saw,0.6875
car_horn+clock_tick+helicopter,0.5
car_horn+clock_tick+hen,0.4375
car_horn+clock_tick+insects,0.4375
car_horn+clock_tick+keyboard_typing,0.5
car_horn+clock_tick+laughing,0.4583333333333333
car_horn+clock_tick+mouse_click,0.4375
car_horn+clock_tick+pig,0.5
car_horn+clock_tick+pouring_water,0.5625
car_horn+clock_tick+rain,0.5
car_horn+clock_tick+rooster,0.6458333333333334
car_horn+clock_tick+sea_waves,0.6458333333333334
car_horn+clock_tick+sheep,0.5625
car_horn+clock_tick+siren,0.6666666666666666
car_horn+clock_tick+sneezing,0.625
car_horn+clock_tick+snoring,0.6041666666666666
car_horn+clock_tick+thunderstorm,0.6666666666666666
car_horn+clock_tick+toilet_flush,0.6875
car_horn+clock_tick+train,0.625
car_horn+clock_tick+vacuum_cleaner,0.75
car_horn+clock_tick+washing_machine,0.5625
car_horn+clock_tick+water_drops,0.5208333333333334
car_horn+clock_tick+wind,0.6875
car_horn+coughing+cow,0.6666666666666666
car_horn+coughing+crackling_fire,0.7708333333333334
car_horn+coughing+crickets,0.75
car_horn+coughing+crow,0.75
car_horn+coughing+crying_baby,0.7291666666666666
car_horn+coughing+dog,0.7708333333333334
car_horn+coughing+door_wood_creaks,0.6041666666666666
car_horn+coughing+door_wood_knock,0.7291666666666666
car_horn+coughing+drinking_sipping,0.5416666666666666
car_horn+coughing+engine,0.6875
car_horn+coughing+fireworks,0.7708333333333334
car_horn+coughing+footsteps,0.625
car_horn+coughing+frog,0.7291666666666666
car_horn+coughing+glass_breaking,0.7083333333333334
car_horn+coughing+hand_saw,0.7291666666666666
car_horn+coughing+helicopter,0.6666666666666666
car_horn+coughing+hen,0.7083333333333334
car_horn+coughing+insects,0.5625
car_horn+coughing+keyboard_typing,0.6875
car_horn+coughing+laughing,0.75
car_horn+coughing+mouse_click,0.6458333333333334
car_horn+coughing+pig,0.6458333333333334
car_horn+coughing+pouring_water,0.6875
car_horn+coughing+rain,0.5625
car_horn+coughing+rooster,0.7708333333333334
car_horn+coughing+sea_waves,0.75
car_horn+coughing+sheep,0.7083333333333334
car_horn+coughing+siren,0.7708333333333334
car_horn+coughing+sneezing,0.625
car_horn+coughing+snoring,0.75
car_horn+coughing+thunderstorm,0.7083333333333334
car_horn+coughing+toilet_flush,0.7708333333333334
car_horn+coughing+train,0.7083333333333334
car_horn+coughing+vacuum_cleaner,0.8333333333333334
car_horn+coughing+washing_machine,0.6875
car_horn+coughing+water_drops,0.6875
car_horn+coughing+wind,0.75
car_horn+cow+crackling_fire,0.7708333333333334
car_horn+cow+crickets,0.7083333333333334
car_horn+cow+crow,0.7083333333333334
car_horn+cow+crying_baby,0.7291666666666666
car_horn+cow+dog,0.7083333333333334
car_horn+cow+door_wood_creaks,0.5625
car_horn+cow+door_wood_knock,0.7291666666666666
car_horn+cow+drinking_sipping,0.6458333333333334
car_horn+cow+engine,0.6666666666666666
car_horn+cow+fireworks,0.75
car_horn+cow+footsteps,0.6666666666666666
car_horn+cow+frog,0.6875
car_horn+cow+glass_breaking,0.7291666666666666
car_horn+cow+hand_saw,0.7291666666666666
car_horn+cow+helicopter,0.5833333333333334
car_horn+cow+hen,0.625
car_horn+cow+insects,0.5416666666666666
car_horn+cow+keyboard_typing,0.625
car_horn+cow+laughing,0.6041666666666666
car_horn+cow+mouse_click,0.7291666666666666
car_horn+cow+pig,0.5625
car_horn+cow+pouring_water,0.6875
car_horn+cow+rain,0.5208333333333334
car_horn+cow+rooster,0.7291666666666666
car_horn+cow+sea_waves,0.6666666666666666
car_horn+cow+sheep,0.5416666666666666
car_horn+cow+siren,0.6041666666666666
car_horn+cow+sneezing,0.7291666666666666
car_horn+cow+snoring,0.75
car_horn+cow+thunderstorm,0.6875
car_horn+cow+toilet_flush,0.6666666666666666
car_horn+cow+train,0.6666666666666666
car_horn+cow+vacuum_cleaner,0.7708333333333334
car_horn+cow+washing_machine,0.625
car_horn+cow+water_drops,0.7083333333333334
car_horn+cow+wind,0.7083333333333334
car_horn+crackling_fire+crickets,0.7916666666666666
car_horn+crackling_fire+crow,0.8333333333333334
car_horn+crackling_fire+crying_baby,0.8125
car_horn+crackling_fire+dog,0.7916666666666666
car_horn+crackling_fire+door_wood_creaks,0.6458333333333334
car_horn+crackling_fire+door_wood_knock,0.7708333333333334
car_horn+crackling_fire+drinking_sipping,0.6875
car_horn+crackling_fire+engine,0.7708333333333334
car_horn+crackling_fire+fireworks,0.75
car_horn+crackling_fire+footsteps,0.625
car_horn+crackling_fire+frog,0.7291666666666666
car_horn+crackling_fire+glass_breaking,0.7916666666666666
car_horn+crackling_fire+hand_saw,0.7916666666666666
car_horn+crackling_fire+helicopter,0.6875
car_horn+crackling_fire+hen,0.7083333333333334
car_horn+crackling_fire+insects,0.5208333333333334
car_horn+crackling_fire+keyboard_typing,0.7291666666666666
car_horn+crackling_fire+laughing,0.7708333333333334
car_horn+crackling_fire+mouse_click,0.5208333333333334
car_horn+crackling_fire+pig,0.6458333333333334
car_horn+crackling_fire+pouring_water,0.8333333333333334
car_horn+crackling_fire+rain,0.5833333333333334
car_horn+crackling_fire+rooster,0.8541666666666666
car_horn+crackling_fire+sea_waves,0.8125
car_horn+crackling_fire+sheep,0.7291666666666666
car_horn+crackling_fire+siren,0.8333333333333334
car_horn+crackling_fire+sneezing,0.7708333333333334
car_horn+crackling_fire+snoring,0.6458333333333334
car_horn+crackling_fire+thunderstorm,0.6458333333333334
car_horn+crackling_fire+toilet_flush,0.8333333333333334
car_horn+crackling_fire+train,0.7708333333333334
car_horn+crackling_fire+vacuum_cleaner,0.8958333333333334
car_horn+crackling_fire+washing_machine,0.6875
car_horn+crackling_fire+water_drops,0.5625
car_horn+crackling_fire+wind,0.7916666666666666
car_horn+crickets+crow,0.8333333333333334
car_horn+crickets+crying_baby,0.8125
car_horn+crickets+dog,0.75
car_horn+crickets+door_wood_creaks,0.625
car_horn+crickets+door_wood_knock,0.7708333333333334
car_horn+crickets+drinking_sipping,0.6666666666666666
car_horn+crickets+engine,0.7916666666666666
car_horn+crickets+fireworks,0.8333333333333334
car_horn+crickets+footsteps,0.7083333333333334
car_horn+crickets+frog,0.8125
car_horn+crickets+glass_breaking,0.8333333333333334
car_horn+crickets+hand_saw,0.7916666666666666
car_horn+crickets+helicopter,0.6041666666666666
car_horn+crickets+hen,0.6666666666666666
car_horn+crickets+insects,0.625
car_horn+crickets+keyboard_typing,0.7083333333333334
car_horn+crickets+laughing,0.75
car_horn+crickets+mouse_click,0.7291666666666666
car_horn+crickets+pig,0.6875
car_horn+crickets+pouring_water,0.875
car_horn+crickets+rain,0.6041666666666666
car_horn+crickets+rooster,0.8125
car_horn+crickets+sea_waves,0.8333333333333334
car_horn+crickets+sheep,0.75
car_horn+crickets+siren,0.8541666666666666
car_horn+crickets+sneezing,0.8333333333333334
car_horn+crickets+snoring,0.7916666666666666
car_horn+crickets+thunderstorm,0.7708333333333334
car_horn+crickets+toilet_flush,0.8541666666666666
car_horn+crickets+train,0.7708333333333334
car_horn+crickets+vacuum_cleaner,0.9166666666666666
car_horn+crickets+washing_machine,0.6666666666666666
car_horn+crickets+water_drops,0.7708333333333334
car_horn+crickets+wind,0.8125
car_horn+crow+crying_baby,0.7708333333333334
car_horn+crow+dog,0.75
car_horn+crow+door_wood_creaks,0.6041666666666666
car_horn+crow+door_wood_knock,0.7708333333333334
car_horn+crow+drinking_sipping,0.7083333333333334
car_horn+crow+engine,0.75
car_horn+crow+fireworks,0.8125
car_horn+crow+footsteps,0.7291666666666666
car_horn+crow+frog,0.7708333333333334
car_horn+crow+glass_breaking,0.8333333333333334
car_horn+crow+hand_saw,0.7291666666666666
car_horn+crow+helicopter,0.6875
car_horn+crow+hen,0.6666666666666666
car_horn+crow+insects,0.6458333333333334
car_horn+crow+keyboard_typing,0.75
car_horn+crow+laughing,0.6458333333333334
car_horn+crow+mouse_click,0.7291666666666666
car_horn+crow+pig,0.6458333333333334
car_horn+crow+pouring_water,0.7916666666666666
car_horn+crow+rain,0.6666666666666666
car_horn+crow+rooster,0.7291666666666666
car_horn+crow+sea_waves,0.8125
car_horn+crow+sheep,0.75
car_horn+crow+siren,0.8125
car_horn+crow+sneezing,0.8333333333333334
car_horn+crow+snoring,0.8125
car_horn+crow+thunderstorm,0.7916666666666666
car_horn+crow+toilet_flush,0.7916666666666666
car_horn+crow+train,0.7916666666666666
car_horn+crow+vacuum_cleaner,0.875
car_horn+crow+washing_machine,0.75
car_horn+crow+water_drops,0.8125
car_horn+crow+wind,0.8541666666666666
car_horn+crying_baby+dog,0.7083333333333334
car_horn+crying_baby+door_wood_creaks,0.5625
car_horn+crying_baby+door_wood_knock,0.7916666666666666
car_horn+crying_baby+drinking_sipping,0.6666666666666666
car_horn+crying_baby+engine,0.7708333333333334
car_horn+crying_baby+fireworks,0.7916666666666666
car_horn+crying_baby+footsteps,0.6666666666666666
car_horn+crying_baby+frog,0.7916666666666666
car_horn+crying_baby+glass_breaking,0.7916666666666666
car_horn+crying_baby+hand_saw,0.75
car_horn+crying_baby+helicopter,0.7083333333333334
car_horn+crying_baby+hen,0.6458333333333334
car_horn+crying_baby+insects,0.625
car_horn+crying_baby+keyboard_typing,0.6875
car_horn+crying_baby+laughing,0.625
car_horn+crying_baby+mouse_click,0.7291666666666666
car_horn+crying_baby+pig,0.6666666666666666
car_horn+crying_baby+pouring_water,0.6666666666666666
car_horn+crying_baby+rain,0.625
car_horn+crying_baby+rooster,0.7708333333333334
car_horn+crying_baby+sea_waves,0.8125
car_horn+crying_baby+sheep,0.6458333333333334
car_horn+crying_baby+siren,0.7708333333333334
car_horn+crying_baby+sneezing,0.8333333333333334
car_horn+crying_baby+snoring,0.75
car_horn+crying_baby+thunderstorm,0.7708333333333334
car_horn+crying_baby+toilet_flush,0.8333333333333334
car_horn+crying_baby+train,0.7708333333333334
car_horn+crying_baby+vacuum_cleaner,0.8958333333333334
car_horn+crying_baby+washing_machine,0.7291666666666666
car_horn+crying_baby+water_drops,0.75
car_horn+crying_baby+wind,0.8125
car_horn+dog+door_wood_creaks,0.5833333333333334
car_horn+dog+door_wood_knock,0.7291666666666666
car_horn+dog+drinking_sipping,0.625
car_horn+dog+engine,0.6875
car_horn+dog+fireworks,0.7708333333333334
car_horn+dog+footsteps,0.6666666666666666
car_horn+dog+frog,0.6666666666666666
car_horn+dog+glass_breaking,0.7708333333333334
car_horn+dog+hand_saw,0.7708333333333334
car_horn+dog+helicopter,0.625
car_horn+dog+hen,0.6458333333333334
car_horn+dog+insects,0.6041666666666666
car_horn+dog+keyboard_typing,0.6666666666666666
car_horn+dog+laughing,0.5208333333333334
car_horn+dog+mouse_click,0.75
car_horn+dog+pig,0.625
car_horn+dog+pouring_water,0.6875
car_horn+dog+rain,0.5416666666666666
car_horn+dog+rooster,0.7291666666666666
car_horn+dog+sea_waves,0.7083333333333334
car_horn+dog+sheep,0.6666666666666666
car_horn+dog+siren,0.6875
car_horn+dog+sneezing,0.7916666666666666
car_horn+dog+snoring,0.7708333333333334
car_horn+dog+thunderstorm,0.7291666666666666
car_horn+dog+toilet_flush,0.7291666666666666
car_horn+dog+train,0.7083333333333334
car_horn+dog+vacuum_cleaner,0.7708333333333334
car_horn+dog+washing_machine,0.6666666666666666
car_horn+dog+water_drops,0.6875
car_horn+dog+wind,0.75
car_horn+door_wood_creaks+door_wood_knock,0.5833333333333334
car_horn+door_wood_creaks+drinking_sipping,0.5625
car_horn+door_wood_creaks+engine,0.5625
car_horn+door_wood_creaks+fireworks,0.6041666666666666
car_horn+door_wood_creaks+footsteps,0.5208333333333334
car_horn+door_wood_creaks+frog,0.6041666666666666
car_horn+door_wood_creaks+glass_breaking,0.5208333333333334
car_horn+door_wood_creaks+hand_saw,0.6041666666666666
car_horn+door_wood_creaks+helicopter,0.5208333333333334
car_horn+door_wood_creaks+hen,0.5625
car_horn+door_wood_creaks+insects,0.4791666666666667
car_horn+door_wood_creaks+keyboard_typing,0.6041666666666666
car_horn+door_wood_creaks+laughing,0.5
car_horn+door_wood_creaks+mouse_click,0.5833333333333334
car_horn+door_wood_creaks+pig,0.5416666666666666
car_horn+door_wood_creaks+pouring_water,0.5833333333333334
car_horn+door_wood_creaks+rain,0.4375
car_horn+door_wood_creaks+rooster,0.6666666666666666
car_horn+door_wood_creaks+sea_waves,0.6041666666666666
car_horn+door_wood_creaks+sheep,0.5625
car_horn+door_wood_creaks+siren,0.6041666666666666
car_horn+door_wood_creaks+sneezing,0.6666666666666666
car_horn+door_wood_creaks+snoring,0.6458333333333334
car_horn+door_wood_creaks+thunderstorm,0.6041666666666666
car_horn+door_wood_creaks+toilet_flush,0.5833333333333334
car_horn+door_wood_creaks+train,0.5833333333333334
car_horn+door_wood_creaks+vacuum_cleaner,0.6875
car_horn+door_wood_creaks+washing_machine,0.5833333333333334
car_horn+door_wood_creaks+water_drops,0.625
car_horn+door_wood_creaks+wind,0.625
car_horn+door_wood_knock+drinking_sipping,0.625
car_horn+door_wood_knock+engine,0.75
car_horn+door_wood_knock+fireworks,0.75
car_horn+door_wood_knock+footsteps,0.6458333333333334
car_horn+door_wood_knock+frog,0.7291666666666666
car_horn+door_wood_knock+glass_breaking,0.7708333333333334
car_horn+door_wood_knock+hand_saw,0.7916666666666666
car_horn+door_wood_knock+helicopter,0.6875
car_horn+door_wood_knock+hen,0.7083333333333334
car_horn+door_wood_knock+insects,0.6041666666666666
car_horn+door_wood_knock+keyboard_typing,0.7083333333333334
car_horn+door_wood_knock+laughing,0.7916666666666666
car_horn+door_wood_knock+mouse_click,0.6041666666666666
car_horn+door_wood_knock+pig,0.6458333333333334
car_horn+door_wood_knock+pouring_water,0.7916666666666666
car_horn+door_wood_knock+rain,0.5833333333333334
car_horn+door_wood_knock+rooster,0.7916666666666666
car_horn+door_wood_knock+sea_waves,0.7708333333333334
car_horn+door_wood_knock+sheep,0.7083333333333334
car_horn+door_wood_knock+siren,0.7916666666666666
car_horn+door_wood_knock+sneezing,0.8333333333333334
car_horn+door_wood_knock+snoring,0.7083333333333334
car_horn+door_wood_knock+thunderstorm,0.75
car_horn+door_wood_knock+toilet_flush,0.8125
car_horn+door_wood_knock+train,0.7291666666666666
car_horn+door_wood_knock+vacuum_cleaner,0.8333333333333334
car_horn+door_wood_knock+washing_machine,0.7083333333333334
car_horn+door_wood_knock+water_drops,0.6666666666666666
car_horn+door_wood_knock+wind,0.7708333333333334
car_horn+drinking_sipping+engine,0.6666666666666666
car_horn+drinking_sipping+fireworks,0.5208333333333334
car_horn+drinking_sipping+footsteps,0.5625
car_horn+drinking_sipping+frog,0.6458333333333334
car_horn+drinking_sipping+glass_breaking,0.6875
car_horn+drinking_sipping+hand_saw,0.7291666666666666
car_horn+drinking_sipping+helicopter,0.5833333333333334
car_horn+drinking_sipping+hen,0.6041666666666666
car_horn+drinking_sipping+insects,0.5208333333333334
car_horn+drinking_sipping+keyboard_typing,0.5416666666666666
car_horn+drinking_sipping+laughing,0.5833333333333334
car_horn+drinking_sipping+mouse_click,0.5833333333333334
car_horn+drinking_sipping+pig,0.5833333333333334
car_horn+drinking_sipping+pouring_water,0.625
car_horn+drinking_sipping+rain,0.5
car_horn+drinking_sipping+rooster,0.6458333333333334
car_horn+drinking_sipping+sea_waves,0.6875
car_horn+drinking_sipping+sheep,0.625
car_horn+drinking_sipping+siren,0.6666666666666666
car_horn+drinking_sipping+sneezing,0.6875
car_horn+drinking_sipping+snoring,0.625
car_horn+drinking_sipping+thunderstorm,0.6875
car_horn+drinking_sipping+toilet_flush,0.7083333333333334
car_horn+drinking_sipping+train,0.6666666666666666
car_horn+drinking_sipping+vacuum_cleaner,0.7708333333333334
car_horn+drinking_sipping+washing_machine,0.6041666666666666
car_horn+drinking_sipping+water_drops,0.5416666666666666
car_horn+drinking_sipping+wind,0.6666666666666666
car_horn+engine+fireworks,0.75
car_horn+engine+footsteps,0.6875
car_horn+engine+frog,0.7708333333333334
car_horn+engine+glass_breaking,0.7916666666666666
car_horn+engine+hand_saw,0.7291666666666666
car_horn+engine+helicopter,0.5833333333333334
car_horn+engine+hen,0.7083333333333334
car_horn+engine+insects,0.5625
car_horn+engine+keyboard_typing,0.7083333333333334
car_horn+engine+laughing,0.7291666666666666
car_horn+engine+mouse_click,0.6875
car_horn+engine+pig,0.6875
car_horn+engine+pouring_water,0.8333333333333334
car_horn+engine+rain,0.5833333333333334
car_horn+engine+rooster,0.7916666666666666
car_horn+engine+sea_waves,0.75
car_horn+engine+sheep,0.75
car_horn+engine+siren,0.8333333333333334
car_horn+engine+sneezing,0.8125
car_horn+engine+snoring,0.75
car_horn+engine+thunderstorm,0.7291666666666666
car_horn+engine+toilet_flush,0.7708333333333334
car_horn+engine+train,0.7708333333333334
car_horn+engine+vacuum_cleaner,0.7916666666666666
car_horn+engine+washing_machine,0.625
car_horn+engine+water_drops,0.75
car_horn+engine+wind,0.6875
car_horn+fireworks+footsteps,0.5
car_horn+fireworks+frog,0.7291666666666666
car_horn+fireworks+glass_breaking,0.8125
car_horn+fireworks+hand_saw,0.8125
car_horn+fireworks+helicopter,0.7291666666666666
car_horn+fireworks+hen,0.6666666666666666
car_horn+fireworks+insects,0.6666666666666666
car_horn+fireworks+keyboard_typing,0.6458333333333334
car_horn+fireworks+laughing,0.625
car_horn+fireworks+mouse_click,0.6875
car_horn+fireworks+pig,0.7291666666666666
car_horn+fireworks+pouring_water,0.8125
car_horn+fireworks+rain,0.6458333333333334
car_horn+fireworks+rooster,0.8333333333333334
car_horn+fireworks+sea_waves,0.8125
car_horn+fireworks+sheep,0.6666666666666666
car_horn+fireworks+siren,0.8333333333333334
car_horn+fireworks+sneezing,0.8333333333333334
car_horn+fireworks+snoring,0.8125
car_horn+fireworks+thunderstorm,0.8333333333333334
car_horn+fireworks+toilet_flush,0.8333333333333334
car_horn+fireworks+train,0.7708333333333334
car_horn+fireworks+vacuum_cleaner,0.8958333333333334
car_horn+fireworks+washing_machine,0.7708333333333334
car_horn+fireworks+water_drops,0.7708333333333334
car_horn+fireworks+wind,0.8333333333333334
car_horn+footsteps+frog,0.625
car_horn+footsteps+glass_breaking,0.7083333333333334
car_horn+footsteps+hand_saw,0.7083333333333334
car_horn+footsteps+helicopter,0.6041666666666666
car_horn+footsteps+hen,0.625
car_horn+footsteps+insects,0.5208333333333334
car_horn+footsteps+keyboard_typing,0.5833333333333334
car_horn+footsteps+laughing,0.5833333333333334
car_horn+footsteps+mouse_click,0.5625
car_horn+footsteps+pig,0.5833333333333334
car_horn+footsteps+pouring_water,0.625
car_horn+footsteps+rain,0.5416666666666666
car_horn+footsteps+rooster,0.7083333333333334
car_horn+footsteps+sea_waves,0.6875
car_horn+footsteps+sheep,0.6458333333333334
car_horn+footsteps+siren,0.7083333333333334
car_horn+footsteps+sneezing,0.75
car_horn+footsteps+snoring,0.625
car_horn+footsteps+thunderstorm,0.6666666666666666
car_horn+footsteps+toilet_flush,0.7291666666666666
car_horn+footsteps+train,0.6875
car_horn+footsteps+vacuum_cleaner,0.7708333333333334
car_horn+footsteps+washing_machine,0.6666666666666666
car_horn+footsteps+water_drops,0.6666666666666666
car_horn+footsteps+wind,0.7291666666666666
car_horn+frog+glass_breaking,0.8125
car_horn+frog+hand_saw,0.7708333333333334
car_horn+frog+helicopter,0.6666666666666666
car_horn+frog+hen,0.6666666666666666
car_horn+frog+insects,0.5833333333333334
car_horn+frog+keyboard_typing,0.6041666666666666
car_horn+frog+laughing,0.6666666666666666
car_horn+frog+mouse_click,0.625
car_horn+frog+pig,0.6666666666666666
car_horn+frog+pouring_water,0.8333333333333334
car_horn+frog+rain,0.6458333333333334
car_horn+frog+rooster,0.7916666666666666
car_horn+frog+sea_waves,0.8125
car_horn+frog+sheep,0.625
car_horn+frog+siren,0.8125
car_horn+frog+sneezing,0.8125
car_horn+frog+snoring,0.75
car_horn+frog+thunderstorm,0.75
car_horn+frog+toilet_flush,0.8541666666666666
car_horn+frog+train,0.7708333333333334
car_horn+frog+vacuum_cleaner,0.875
car_horn+frog+washing_machine,0.7291666666666666
car_horn+frog+water_drops,0.7083333333333334
car_horn+frog+wind,0.8333333333333334
car_horn+glass_breaking+hand_saw,0.7708333333333334
car_horn+glass_breaking+helicopter,0.6875
car_horn+glass_breaking+hen,0.7291666666666666
car_horn+glass_breaking+insects,0.625
car_horn+glass_breaking+keyboard_typing,0.6875
car_horn+glass_breaking+laughing,0.7708333333333334
car_horn+glass_breaking+mouse_click,0.6458333333333334
car_horn+glass_breaking+pig,0.6666666666666666
car_horn+glass_breaking+pouring_water,0.8333333333333334
car_horn+glass_breaking+rain,0.6458333333333334
car_horn+glass_breaking+rooster,0.7916666666666666
car_horn+glass_breaking+sea_waves,0.8333333333333334
car_horn+glass_breaking+sheep,0.75
car_horn+glass_breaking+siren,0.8541666666666666
car_horn+glass_breaking+sneezing,0.6875
car_horn+glass_breaking+snoring,0.7916666666666666
car_horn+glass_breaking+thunderstorm,0.7708333333333334
car_horn+glass_breaking+toilet_flush,0.8333333333333334
car_horn+glass_breaking+train,0.7916666666666666
car_horn+glass_breaking+vacuum_cleaner,0.8958333333333334
car_horn+glass_breaking+washing_machine,0.7291666666666666
car_horn+glass_breaking+water_drops,0.7083333333333334
car_horn+glass_breaking+wind,0.8333333333333334
car_horn+hand_saw+helicopter,0.7083333333333334
car_horn+hand_saw+hen,0.7083333333333334
car_horn+hand_saw+insects,0.6041666666666666
car_horn+hand_saw+keyboard_typing,0.75
car_horn+hand_saw+laughing,0.7083333333333334
car_horn+hand_saw+mouse_click,0.75
car_horn+hand_saw+pig,0.6041666666666666
car_horn+hand_saw+pouring_water,0.7291666666666666
car_horn+hand_saw+rain,0.6041666666666666
car_horn+hand_saw+rooster,0.7916666666666666
car_horn+hand_saw+sea_waves,0.7291666666666666
car_horn+hand_saw+sheep,0.6875
car_horn+hand_saw+siren,0.7916666666666666
car_horn+hand_saw+sneezing,0.8125
car_horn+hand_saw+snoring,0.8333333333333334
car_horn+hand_saw+thunderstorm,0.7708333333333334
car_horn+hand_saw+toilet_flush,0.6666666666666666
car_horn+hand_saw+train,0.7708333333333334
car_horn+hand_saw+vacuum_cleaner,0.7916666666666666
car_horn+hand_saw+washing_machine,0.75
car_horn+hand_saw+water_drops,0.75
car_horn+hand_saw+wind,0.7916666666666666
car_horn+helicopter+hen,0.625
car_horn+helicopter+insects,0.4791666666666667
car_horn+helicopter+keyboard_typing,0.6458333333333334
car_horn+helicopter+laughing,0.6458333333333334
car_horn+helicopter+mouse_click,0.5416666666666666
car_horn+helicopter+pig,0.6041666666666666
car_horn+helicopter+pouring_water,0.7291666666666666
car_horn+helicopter+rain,0.5416666666666666
car_horn+helicopter+rooster,0.6875
car_horn+helicopter+sea_waves,0.7083333333333334
car_horn+helicopter+sheep,0.6875
car_horn+helicopter+siren,0.6875
car_horn+helicopter+sneezing,0.7291666666666666
car_horn+helicopter+snoring,0.6875
car_horn+helicopter+thunderstorm,0.5625
car_horn+helicopter+toilet_flush,0.7291666666666666
car_horn+helicopter+train,0.625
car_horn+helicopter+vacuum_cleaner,0.7291666666666666
car_horn+helicopter+washing_machine,0.4791666666666667
car_horn+helicopter+water_drops,0.6666666666666666
car_horn+helicopter+wind,0.4791666666666667
car_horn+hen+insects,0.5208333333333334
car_horn+hen+keyboard_typing,0.5833333333333334
car_horn+hen+laughing,0.5
car_horn+hen+mouse_click,0.6875
car_horn+hen+pig,0.5416666666666666
car_horn+hen+pouring_water,0.6041666666666666
car_horn+hen+rain,0.5416666666666666
car_horn+hen+rooster,0.7291666666666666
car_horn+hen+sea_waves,0.6875
car_horn+hen+sheep,0.5833333333333334
car_horn+hen+siren,0.6875
car_horn+hen+sneezing,0.7083333333333334
car_horn+hen+snoring,0.7083333333333334
car_horn+hen+thunderstorm,0.6875
car_horn+hen+toilet_flush,0.7083333333333334
car_horn+hen+train,0.6875
car_horn+hen+vacuum_cleaner,0.7708333333333334
car_horn+hen+washing_machine,0.625
car_horn+hen+water_drops,0.6666666666666666
car_horn+hen+wind,0.7083333333333334
car_horn+insects+keyboard_typing,0.5625
car_horn+insects+laughing,0.5625
car_horn+insects+mouse_click,0.5
car_horn+insects+pig,0.4791666666666667
car_horn+insects+pouring_water,0.625
car_horn+insects+rain,0.3541666666666667
car_horn+insects+rooster,0.625
car_horn+insects+sea_waves,0.625
car_horn+insects+sheep,0.5625
car_horn+insects+siren,0.6458333333333334
car_horn+insects+sneezing,0.6458333333333334
car_horn+insects+snoring,0.5833333333333334
car_horn+insects+thunderstorm,0.6041666666666666
car_horn+insects+toilet_flush,0.6458333333333334
car_horn+insects+train,0.6041666666666666
car_horn+insects+vacuum_cleaner,0.6666666666666666
car_horn+insects+washing_machine,0.4583333333333333
car_horn+insects+water_drops,0.5833333333333334
car_horn+insects+wind,0.625
car_horn+keyboard_typing+laughing,0.5
car_horn+keyboard_typing+mouse_click,0.6458333333333334
car_horn+keyboard_typing+pig,0.6458333333333334
car_horn+keyboard_typing+pouring_water,0.6041666666666666
car_horn+keyboard_typing+rain,0.5416666666666666
car_horn+keyboard_typing+rooster,0.7083333333333334
car_horn+keyboard_typing+sea_waves,0.7291666666666666
car_horn+keyboard_typing+sheep,0.625
car_horn+keyboard_typing+siren,0.7083333333333334
car_horn+keyboard_typing+sneezing,0.7291666666666666
car_horn+keyboard_typing+snoring,0.6875
car_horn+keyboard_typing+thunderstorm,0.7291666666666666
car_horn+keyboard_typing+toilet_flush,0.7291666666666666
car_horn+keyboard_typing+train,0.6875
car_horn+keyboard_typing+vacuum_cleaner,0.8125
car_horn+keyboard_typing+washing_machine,0.6666666666666666
car_horn+keyboard_typing+water_drops,0.7083333333333334
car_horn+keyboard_typing+wind,0.7291666666666666
car_horn+laughing+mouse_click,0.7083333333333334
car_horn+laughing+pig,0.625
car_horn+laughing+pouring_water,0.6458333333333334
car_horn+laughing+rain,0.5625
car_horn+laughing+rooster,0.625
car_horn+laughing+sea_waves,0.6875
car_horn+laughing+sheep,0.5208333333333334
car_horn+laughing+siren,0.6666666666666666
car_horn+laughing+sneezing,0.75
car_horn+laughing+snoring,0.7291666666666666
car_horn+laughing+thunderstorm,0.6875
car_horn+laughing+toilet_flush,0.7083333333333334
car_horn+laughing+train,0.6666666666666666
car_horn+laughing+vacuum_cleaner,0.7916666666666666
car_horn+laughing+washing_machine,0.6875
car_horn+laughing+water_drops,0.7083333333333334
car_horn+laughing+wind,0.75
car_horn+mouse_click+pig,0.6041666666666666
car_horn+mouse_click+pouring_water,0.6875
car_horn+mouse_click+rain,0.5208333333333334
car_horn+mouse_click+rooster,0.8125
car_horn+mouse_click+sea_waves,0.7291666666666666
car_horn+mouse_click+sheep,0.6875
car_horn+mouse_click+siren,0.7291666666666666
car_horn+mouse_click+sneezing,0.6875
car_horn+mouse_click+snoring,0.6458333333333334
car_horn+mouse_click+thunderstorm,0.6458333333333334
car_horn+mouse_click+toilet_flush,0.75
car_horn+mouse_click+train,0.6875
car_horn+mouse_click+vacuum_cleaner,0.8125
car_horn+mouse_click+washing_machine,0.6458333333333334
car_horn+mouse_click+water_drops,0.5416666666666666
car_horn+mouse_click+wind,0.7291666666666666
car_horn+pig+pouring_water,0.625
car_horn+pig+rain,0.5416666666666666
car_horn+pig+rooster,0.6875
car_horn+pig+sea_waves,0.7083333333333334
car_horn+pig+sheep,0.5416666666666666
car_horn+pig+siren,0.6666666666666666
car_horn+pig+sneezing,0.7083333333333334
car_horn+pig+snoring,0.6458333333333334
car_horn+pig+thunderstorm,0.6666666666666666
car_horn+pig+toilet_flush,0.7291666666666666
car_horn+pig+train,0.6666666666666666
car_horn+pig+vacuum_cleaner,0.7083333333333334
car_horn+pig+washing_machine,0.6041666666666666
car_horn+pig+water_drops,0.6458333333333334
car_horn+pig+wind,0.6875
car_horn+pouring_water+rain,0.6875
car_horn+pouring_water+rooster,0.6666666666666666
car_horn+pouring_water+sea_waves,0.875
car_horn+pouring_water+sheep,0.6458333333333334
car_horn+pouring_water+siren,0.8333333333333334
car_horn+pouring_water+sneezing,0.8333333333333334
car_horn+pouring_water+snoring,0.7916666666666666
car_horn+pouring_water+thunderstorm,0.8125
car_horn+pouring_water+toilet_flush,0.7916666666666666
car_horn+pouring_water+train,0.8333333333333334
car_horn+pouring_water+vacuum_cleaner,0.9583333333333334
car_horn+pouring_water+washing_machine,0.75
car_horn+pouring_water+water_drops,0.7708333333333334
car_horn+pouring_water+wind,0.875
car_horn+rain+rooster,0.625
car_horn+rain+sea_waves,0.6458333333333334
car_horn+rain+sheep,0.6041666666666666
car_horn+rain+siren,0.6666666666666666
car_horn+rain+sneezing,0.6458333333333334
car_horn+rain+snoring,0.5833333333333334
car_horn+rain+thunderstorm,0.5833333333333334
car_horn+rain+toilet_flush,0.6458333333333334
car_horn+rain+train,0.625
car_horn+rain+vacuum_cleaner,0.625
car_horn+rain+washing_machine,0.4791666666666667
car_horn+rain+water_drops,0.6041666666666666
car_horn+rain+wind,0.5833333333333334
car_horn+rooster+sea_waves,0.8125
car_horn+rooster+sheep,0.75
car_horn+rooster+siren,0.8125
car_horn+rooster+sneezing,0.7708333333333334
car_horn+rooster+snoring,0.8125
car_horn+rooster+thunderstorm,0.75
car_horn+rooster+toilet_flush,0.8125
car_horn+rooster+train,0.7708333333333334
car_horn+rooster+vacuum_cleaner,0.8958333333333334
car_horn+rooster+washing_machine,0.7291666666666666
car_horn+rooster+water_drops,0.7916666666666666
car_horn+rooster+wind,0.8125
car_horn+sea_waves+sheep,0.75
car_horn+sea_waves+siren,0.8333333333333334
car_horn+sea_waves+sneezing,0.8333333333333334
car_horn+sea_waves+snoring,0.7916666666666666
car_horn+sea_waves+thunderstorm,0.7708333333333334
car_horn+sea_waves+toilet_flush,0.8541666666666666
car_horn+sea_waves+train,0.7916666666666666
car_horn+sea_waves+vacuum_cleaner,0.75
car_horn+sea_waves+washing_machine,0.7083333333333334
car_horn+sea_waves+water_drops,0.7916666666666666
car_horn+sea_waves+wind,0.8333333333333334
car_horn+sheep+siren,0.7083333333333334
car_horn+sheep+sneezing,0.7083333333333334
car_horn+sheep+snoring,0.7291666666666666
car_horn+sheep+thunderstorm,0.6666666666666666
car_horn+sheep+toilet_flush,0.75
car_horn+sheep+train,0.7291666666666666
car_horn+sheep+vacuum_cleaner,0.7916666666666666
car_horn+sheep+washing_machine,0.6666666666666666
car_horn+sheep+water_drops,0.7291666666666666
car_horn+sheep+wind,0.75
car_horn+siren+sneezing,0.8541666666666666
car_horn+siren+snoring,0.7708333333333334
car_horn+siren+thunderstorm,0.7708333333333334
car_horn+siren+toilet_flush,0.8333333333333334
car_horn+siren+train,0.75
car_horn+siren+vacuum_cleaner,0.9166666666666666
car_horn+siren+washing_machine,0.75
car_horn+siren+water_drops,0.7916666666666666
car_horn+siren+wind,0.8541666666666666
car_horn+sneezing+snoring,0.8333333333333334
car_horn+sneezing+thunderstorm,0.7708333333333334
car_horn+sneezing+toilet_flush,0.8333333333333334
car_horn+sneezing+train,0.7916666666666666
car_horn+sneezing+vacuum_cleaner,0.9166666666666666
car_horn+sneezing+washing_machine,0.75
car_horn+sneezing+water_drops,0.7291666666666666
car_horn+sneezing+wind,0.8333333333333334
car_horn+snoring+thunderstorm,0.75
car_horn+snoring+toilet_flush,0.8125
car_horn+snoring+train,0.75
car_horn+snoring+vacuum_cleaner,0.8541666666666666
car_horn+snoring+washing_machine,0.6875
car_horn+snoring+water_drops,0.7291666666666666
car_horn+snoring+wind,0.7916666666666666
car_horn+thunderstorm+toilet_flush,0.8333333333333334
car_horn+thunderstorm+train,0.7291666666666666
car_horn+thunderstorm+vacuum_cleaner,0.8541666666666666
car_horn+thunderstorm+washing_machine,0.6666666666666666
car_horn+thunderstorm+water_drops,0.7291666666666666
car_horn+thunderstorm+wind,0.7916666666666666
car_horn+toilet_flush+train,0.8125
car_horn+toilet_flush+vacuum_cleaner,0.8125
car_horn+toilet_flush+washing_machine,0.7708333333333334
car_horn+toilet_flush+water_drops,0.7916666666666666
car_horn+toilet_flush+wind,0.875
car_horn+train+vacuum_cleaner,0.8541666666666666
car_horn+train+washing_machine,0.625
car_horn+train+water_drops,0.75
car_horn+train+wind,0.6666666666666666
car_horn+vacuum_cleaner+washing_machine,0.7708333333333334
car_horn+vacuum_cleaner+water_drops,0.875
car_horn+vacuum_cleaner+wind,0.8125
car_horn+washing_machine+water_drops,0.6875
car_horn+washing_machine+wind,0.5625
car_horn+water_drops+wind,0.7916666666666666
cat+chainsaw+chirping_birds,0.8958333333333334
cat+chainsaw+church_bells,0.9791666666666666
cat+chainsaw+clapping,0.8541666666666666
cat+chainsaw+clock_alarm,0.875
cat+chainsaw+clock_tick,0.6666666666666666
cat+chainsaw+coughing,0.8541666666666666
cat+chainsaw+cow,0.8958333333333334
cat+chainsaw+crackling_fire,0.9791666666666666
cat+chainsaw+crickets,0.9166666666666666
cat+chainsaw+crow,0.8958333333333334
cat+chainsaw+crying_baby,0.8541666666666666
cat+chainsaw+dog,0.8333333333333334
cat+chainsaw+door_wood_creaks,0.6458333333333334
cat+chainsaw+door_wood_knock,0.9791666666666666
cat+chainsaw+drinking_sipping,0.875
cat+chainsaw+engine,0.9166666666666666
cat+chainsaw+fireworks,0.7916666666666666
cat+chainsaw+footsteps,0.8541666666666666
cat+chainsaw+frog,0.8541666666666666
cat+chainsaw+glass_breaking,0.9166666666666666
cat+chainsaw+hand_saw,0.7708333333333334
cat+chainsaw+helicopter,0.875
cat+chainsaw+hen,0.7916666666666666
cat+chainsaw+insects,0.875
cat+chainsaw+keyboard_typing,0.8125
cat+chainsaw+laughing,0.6875
cat+chainsaw+mouse_click,0.9166666666666666
cat+chainsaw+pig,0.7291666666666666
cat+chainsaw+pouring_water,0.875
cat+chainsaw+rain,0.7291666666666666
cat+chainsaw+rooster,0.8333333333333334
cat+chainsaw+sea_waves,0.7916666666666666
cat+chainsaw+sheep,0.8333333333333334
cat+chainsaw+siren,0.8958333333333334
cat+chainsaw+sneezing,0.7708333333333334
cat+chainsaw+snoring,0.9166666666666666
cat+chainsaw+thunderstorm,0.9791666666666666
cat+chainsaw+toilet_flush,0.875
cat+chainsaw+train,0.8333333333333334
cat+chainsaw+vacuum_cleaner,0.7291666666666666
cat+chainsaw+washing_machine,0.8333333333333334
cat+chainsaw+water_drops,0.875
cat+chainsaw+wind,0.9375
cat+chirping_birds+church_bells,0.9166666666666666
cat+chirping_birds+clapping,0.8541666666666666
cat+chirping_birds+clock_alarm,0.8125
cat+chirping_birds+clock_tick,0.6041666666666666
cat+chirping_birds+coughing,0.8333333333333334
cat+chirping_birds+cow,0.8333333333333334
cat+chirping_birds+crackling_fire,0.9166666666666666
cat+chirping_birds+crickets,0.7916666666666666
cat+chirping_birds+crow,0.8333333333333334
cat+chirping_birds+crying_baby,0.7708333333333334
cat+chirping_birds+dog,0.7916666666666666
cat+chirping_birds+door_wood_creaks,0.6875
cat+chirping_birds+door_wood_knock,0.9166666666666666
cat+chirping_birds+drinking_sipping,0.7916666666666666
cat+chirping_birds+engine,0.8958333333333334
cat+chirping_birds+fireworks,0.75
cat+chirping_birds+footsteps,0.8125
cat+chirping_birds+frog,0.7083333333333334
cat+chirping_birds+glass_breaking,0.875
cat+chirping_birds+hand_saw,0.9166666666666666
cat+chirping_birds+helicopter,0.8958333333333334
cat+chirping_birds+hen,0.6666666666666666
cat+chirping_birds+insects,0.75
cat+chirping_birds+keyboard_typing,0.7291666666666666
cat+chirping_birds+laughing,0.625
cat+chirping_birds+mouse_click,0.8541666666666666
cat+chirping_birds+pig,0.7291666666666666
cat+chirping_birds+pouring_water,0.7916666666666666
cat+chirping_birds+rain,0.7083333333333334
cat+chirping_birds+rooster,0.7708333333333334
cat+chirping_birds+sea_waves,0.875
cat+chirping_birds+sheep,0.7708333333333334
cat+chirping_birds+siren,0.8125
cat+chirping_birds+sneezing,0.7083333333333334
cat+chirping_birds+snoring,0.875
cat+chirping_birds+thunderstorm,0.8958333333333334
cat+chirping_birds+toilet_flush,0.875
cat+chirping_birds+train,0.8958333333333334
cat+chirping_birds+vacuum_cleaner,0.9375
cat+chirping_birds+washing_machine,0.8125
cat+chirping_birds+water_drops,0.8125
cat+chirping_birds+wind,0.875
cat+church_bells+clapping,0.8541666666666666
cat+church_bells+clock_alarm,0.875
cat+church_bells+clock_tick,0.6458333333333334
cat+church_bells+coughing,0.8958333333333334
cat+church_bells+cow,0.8333333333333334
cat+church_bells+crackling_fire,0.9791666666666666
cat+church_bells+crickets,0.875
cat+church_bells+crow,0.9166666666666666
cat+church_bells+crying_baby,0.8958333333333334
cat+church_bells+dog,0.8125
cat+church_bells+door_wood_creaks,0.75
cat+church_bells+door_wood_knock,0.9791666666666666
cat+church_bells+drinking_sipping,0.8541666666666666
cat+church_bells+engine,0.9791666666666666
cat+church_bells+fireworks,0.7916666666666666
cat+church_bells+footsteps,0.875
cat+church_bells+frog,0.8541666666666666
cat+church_bells+glass_breaking,0.9375
cat+church_bells+hand_saw,1.0
cat+church_bells+helicopter,0.875
cat+church_bells+hen,0.8125
cat+church_bells+insects,0.7708333333333334
cat+church_bells+keyboard_typing,0.8125
cat+church_bells+laughing,0.6666666666666666
cat+church_bells+mouse_click,0.8958333333333334
cat+church_bells+pig,0.8333333333333334
cat+church_bells+pouring_water,0.8958333333333334
cat+church_bells+rain,0.8541666666666666
cat+church_bells+rooster,0.8333333333333334
cat+church_bells+sea_waves,0.9166666666666666
cat+church_bells+sheep,0.8333333333333334
cat+church_bells+siren,0.7708333333333334
cat+church_bells+sneezing,0.7708333333333334
cat+church_bells+snoring,0.9166666666666666
cat+church_bells+thunderstorm,0.9375
cat+church_bells+toilet_flush,0.9791666666666666
cat+church_bells+train,0.9375
cat+church_bells+vacuum_cleaner,0.9791666666666666
cat+church_bells+washing_machine,0.8541666666666666
cat+church_bells+water_drops,0.8541666666666666
cat+church_bells+wind,0.9166666666666666
cat+clapping+clock_alarm,0.8125
cat+clapping+clock_tick,0.6041666666666666
cat+clapping+coughing,0.8333333333333334
cat+clapping+cow,0.7916666666666666
cat+clapping+crackling_fire,0.9166666666666666
cat+clapping+crickets,0.8541666666666666
cat+clapping+crow,0.7916666666666666
cat+clapping+crying_baby,0.7708333333333334
cat+clapping+dog,0.7916666666666666
cat+clapping+door_wood_creaks,0.6458333333333334
cat+clapping+door_wood_knock,0.9166666666666666
cat+clapping+drinking_sipping,0.7916666666666666
cat+clapping+engine,0.8541666666666666
cat+clapping+fireworks,0.7708333333333334
cat+clapping+footsteps,0.8125
cat+clapping+frog,0.7916666666666666
cat+clapping+glass_breaking,0.8333333333333334
cat+clapping+hand_saw,0.8125
cat+clapping+helicopter,0.9166666666666666
cat+clapping+hen,0.7083333333333334
cat+clapping+insects,0.8333333333333334
cat+clapping+keyboard_typing,0.8125
cat+clapping+laughing,0.5625
cat+clapping+mouse_click,0.8333333333333334
cat+clapping+pig,0.7708333333333334
cat+clapping+pouring_water,0.7916666666666666
cat+clapping+rain,0.7916666666666666
cat+clapping+rooster,0.75
cat+clapping+sea_waves,0.8333333333333334
cat+clapping+sheep,0.7916666666666666
cat+clapping+siren,0.8333333333333334
cat+clapping+sneezing,0.6875
cat+clapping+snoring,0.875
cat+clapping+thunderstorm,0.8958333333333334
cat+clapping+toilet_flush,0.8125
cat+clapping+train,0.8958333333333334
cat+clapping+vacuum_cleaner,0.8125
cat+clapping+washing_machine,0.8125
cat+clapping+water_drops,0.8125
cat+clapping+wind,0.8958333333333334
cat+clock_alarm+clock_tick,0.5416666666666666
cat+clock_alarm+coughing,0.7916666666666666
cat+clock_alarm+cow,0.8333333333333334
cat+clock_alarm+crackling_fire,0.8541666666666666
cat+clock_alarm+crickets,0.7708333333333334
cat+clock_alarm+crow,0.8125
cat+clock_alarm+crying_baby,0.75
cat+clock_alarm+dog,0.7916666666666666
cat+clock_alarm+door_wood_creaks,0.6458333333333334
cat+clock_alarm+door_wood_knock,0.875
cat+clock_alarm+drinking_sipping,0.7916666666666666
cat+clock_alarm+engine,0.875
cat+clock_alarm+fireworks,0.7291666666666666
cat+clock_alarm+footsteps,0.7916666666666666
cat+clock_alarm+frog,0.7291666666666666
cat+clock_alarm+glass_breaking,0.8125
cat+clock_alarm+hand_saw,0.875
cat+clock_alarm+helicopter,0.875
cat+clock_alarm+hen,0.6875
cat+clock_alarm+insects,0.7916666666666666
cat+clock_alarm+keyboard_typing,0.6875
cat+clock_alarm+laughing,0.625
cat+clock_alarm+mouse_click,0.8333333333333334
cat+clock_alarm+pig,0.7083333333333334
cat+clock_alarm+pouring_water,0.75
cat+clock_alarm+rain,0.7916666666666666
cat+clock_alarm+rooster,0.7083333333333334
cat+clock_alarm+sea_waves,0.875
cat+clock_alarm+sheep,0.8125
cat+clock_alarm+siren,0.8125
cat+clock_alarm+sneezing,0.6875
cat+clock_alarm+snoring,0.8333333333333334
cat+clock_alarm+thunderstorm,0.875
cat+clock_alarm+toilet_flush,0.8333333333333334
cat+clock_alarm+train,0.875
cat+clock_alarm+vacuum_cleaner,0.8958333333333334
cat+clock_alarm+washing_machine,0.8125
cat+clock_alarm+water_drops,0.75
cat+clock_alarm+wind,0.875
cat+clock_tick+coughing,0.4791666666666667
cat+clock_tick+cow,0.625
cat+clock_tick+crackling_fire,0.5833333333333334
cat+clock_tick+crickets,0.5833333333333334
cat+clock_tick+crow,0.5833333333333334
cat+clock_tick+crying_baby,0.5208333333333334
cat+clock_tick+dog,0.6041666666666666
cat+clock_tick+door_wood_creaks,0.375
cat+clock_tick+door_wood_knock,0.5625
cat+clock_tick+drinking_sipping,0.4791666666666667
cat+clock_tick+engine,0.6666666666666666
cat+clock_tick+fireworks,0.5208333333333334
cat+clock_tick+footsteps,0.5208333333333334
cat+clock_tick+frog,0.5208333333333334
cat+clock_tick+glass_breaking,0.6041666666666666
cat+clock_tick+hand_saw,0.6666666666666666
cat+clock_tick+helicopter,0.6041666666666666
cat+clock_tick+hen,0.4583333333333333
cat+clock_tick+insects,0.4583333333333333
cat+clock_tick+keyboard_typing,0.4583333333333333
cat+clock_tick+laughing,0.3958333333333333
cat+clock_tick+mouse_click,0.4583333333333333
cat+clock_tick+pig,0.5
cat+clock_tick+pouring_water,0.4583333333333333
cat+clock_tick+rain,0.6041666666666666
cat+clock_tick+rooster,0.5208333333333334
cat+clock_tick+sea_waves,0.6458333333333334
cat+clock_tick+sheep,0.5416666666666666
cat+clock_tick+siren,0.6041666666666666
cat+clock_tick+sneezing,0.3958333333333333
cat+clock_tick+snoring,0.5833333333333334
cat+clock_tick+thunderstorm,0.6666666666666666
cat+clock_tick+toilet_flush,0.625
cat+clock_tick+train,0.6666666666666666
cat+clock_tick+vacuum_cleaner,0.6666666666666666
cat+clock_tick+washing_machine,0.5416666666666666
cat+clock_tick+water_drops,0.4375
cat+clock_tick+wind,0.6666666666666666
cat+coughing+cow,0.7708333333333334
cat+coughing+crackling_fire,0.8541666666666666
cat+coughing+crickets,0.8125
cat+coughing+crow,0.8125
cat+coughing+crying_baby,0.7291666666666666
cat+coughing+dog,0.75
cat+coughing+door_wood_creaks,0.6875
cat+coughing+door_wood_knock,0.8333333333333334
cat+coughing+drinking_sipping,0.5833333333333334
cat+coughing+engine,0.8333333333333334
cat+coughing+fireworks,0.75
cat+coughing+footsteps,0.6875
cat+coughing+frog,0.75
cat+coughing+glass_breaking,0.7708333333333334
cat+coughing+hand_saw,0.8333333333333334
cat+coughing+helicopter,0.875
cat+coughing+hen,0.7083333333333334
cat+coughing+insects,0.7916666666666666
cat+coughing+keyboard_typing,0.7083333333333334
cat+coughing+laughing,0.6458333333333334
cat+coughing+mouse_click,0.75
cat+coughing+pig,0.7291666666666666
cat+coughing+pouring_water,0.7083333333333334
cat+coughing+rain,0.8125
cat+coughing+rooster,0.7083333333333334
cat+coughing+sea_waves,0.875
cat+coughing+sheep,0.8333333333333334
cat+coughing+siren,0.8125
cat+coughing+sneezing,0.5625
cat+coughing+snoring,0.8125
cat+coughing+thunderstorm,0.875
cat+coughing+toilet_flush,0.8541666666666666
cat+coughing+train,0.875
cat+coughing+vacuum_cleaner,0.8958333333333334
cat+coughing+washing_machine,0.8125
cat+coughing+water_drops,0.7708333333333334
cat+coughing+wind,0.875
cat+cow+crackling_fire,0.9166666666666666
cat+cow+crickets,0.8541666666666666
cat+cow+crow,0.8333333333333334
cat+cow+crying_baby,0.8125
cat+cow+dog,0.7916666666666666
cat+cow+door_wood_creaks,0.625
cat+cow+door_wood_knock,0.875
cat+cow+drinking_sipping,0.75
cat+cow+engine,0.9166666666666666
cat+cow+fireworks,0.75
cat+cow+footsteps,0.7708333333333334
cat+cow+frog,0.7916666666666666
cat+cow+glass_breaking,0.875
cat+cow+hand_saw,0.8958333333333334
cat+cow+helicopter,0.875
cat+cow+hen,0.7083333333333334
cat+cow+insects,0.75
cat+cow+keyboard_typing,0.7083333333333334
cat+cow+laughing,0.5625
cat+cow+mouse_click,0.8333333333333334
cat+cow+pig,0.7291666666666666
cat+cow+pouring_water,0.8125
cat+cow+rain,0.8541666666666666
cat+cow+rooster,0.7291666666666666
cat+cow+sea_waves,0.875
cat+cow+sheep,0.7291666666666666
cat+cow+siren,0.7291666666666666
cat+cow+sneezing,0.6875
cat+cow+snoring,0.8958333333333334
cat+cow+thunderstorm,0.8958333333333334
cat+cow+toilet_flush,0.8333333333333334
cat+cow+train,0.9166666666666666
cat+cow+vacuum_cleaner,0.9166666666666666
cat+cow+washing_machine,0.8125
cat+cow+water_drops,0.8333333333333334
cat+cow+wind,0.9375
cat+crackling_fire+crickets,0.875
cat+crackling_fire+crow,0.8958333333333334
cat+crackling_fire+crying_baby,0.8541666666666666
cat+crackling_fire+dog,0.8333333333333334
cat+crackling_fire+door_wood_creaks,0.75
cat+crackling_fire+door_wood_knock,0.9375
cat+crackling_fire+drinking_sipping,0.7916666666666666
cat+crackling_fire+engine,0.9583333333333334
cat+crackling_fire+fireworks,0.7916666666666666
cat+crackling_fire+footsteps,0.75
cat+crackling_fire+frog,0.8333333333333334
cat+crackling_fire+glass_breaking,0.875
cat+crackling_fire+hand_saw,0.9791666666666666
cat+crackling_fire+helicopter,0.9583333333333334
cat+crackling_fire+hen,0.7708333333333334
cat+crackling_fire+insects,0.7708333333333334
cat+crackling_fire+keyboard_typing,0.8125
cat+crackling_fire+laughing,0.7291666666666666
cat+crackling_fire+mouse_click,0.6458333333333334
cat+crackling_fire+pig,0.8125
cat+crackling_fire+pouring_water,0.8541666666666666
cat+crackling_fire+rain,0.8541666666666666
cat+crackling_fire+rooster,0.8125
cat+crackling_fire+sea_waves,0.9583333333333334
cat+crackling_fire+sheep,0.8958333333333334
cat+crackling_fire+siren,0.8958333333333334
cat+crackling_fire+sneezing,0.6875
cat+crackling_fire+snoring,0.7708333333333334
cat+crackling_fire+thunderstorm,0.8333333333333334
cat+crackling_fire+toilet_flush,0.9583333333333334
cat+crackling_fire+train,0.9583333333333334
cat+crackling_fire+vacuum_cleaner,0.9791666666666666
cat+crackling_fire+washing_machine,0.8958333333333334
cat+crackling_fire+water_drops,0.6041666666666666
cat+crackling_fire+wind,0.9375
cat+crickets+crow,0.8541666666666666
cat+crickets+crying_baby,0.8125
cat+crickets+dog,0.7916666666666666
cat+crickets+door_wood_creaks,0.7083333333333334
cat+crickets+door_wood_knock,0.8958333333333334
cat+crickets+drinking_sipping,0.7708333333333334
cat+crickets+engine,0.8958333333333334
cat+crickets+fireworks,0.7708333333333334
cat+crickets+footsteps,0.8125
cat+crickets+frog,0.7708333333333334
cat+crickets+glass_breaking,0.8541666666666666
cat+crickets+hand_saw,0.8958333333333334
cat+crickets+helicopter,0.7916666666666666
cat+crickets+hen,0.7083333333333334
cat+crickets+insects,0.7708333333333334
cat+crickets+keyboard_typing,0.75
cat+crickets+laughing,0.6458333333333334
cat+crickets+mouse_click,0.8333333333333334
cat+crickets+pig,0.7708333333333334
cat+crickets+pouring_water,0.8125
cat+crickets+rain,0.8125
cat+crickets+rooster,0.75
cat+crickets+sea_waves,0.875
cat+crickets+sheep,0.8333333333333334
cat+crickets+siren,0.8333333333333334
cat+crickets+sneezing,0.6875
cat+crickets+snoring,0.875
cat+crickets+thunderstorm,0.8958333333333334
cat+crickets+toilet_flush,0.8958333333333334
cat+crickets+train,0.8541666666666666
cat+crickets+vacuum_cleaner,0.9166666666666666
cat+crickets+washing_machine,0.7708333333333334
cat+crickets+water_drops,0.7708333333333334
cat+crickets+wind,0.8541666666666666
cat+crow+crying_baby,0.75
cat+crow+dog,0.7708333333333334
cat+crow+door_wood_creaks,0.6041666666666666
cat+crow+door_wood_knock,0.8958333333333334
cat+crow+drinking_sipping,0.7916666666666666
cat+crow+engine,0.875
cat+crow+fireworks,0.75
cat+crow+footsteps,0.8125
cat+crow+frog,0.7708333333333334
cat+crow+glass_breaking,0.8958333333333334
cat+crow+hand_saw,0.8333333333333334
cat+crow+helicopter,0.9166666666666666
cat+crow+hen,0.7291666666666666
cat+crow+insects,0.8333333333333334
cat+crow+keyboard_typing,0.7916666666666666
cat+crow+laughing,0.5833333333333334
cat+crow+mouse_click,0.7916666666666666
cat+crow+pig,0.7708333333333334
cat+crow+pouring_water,0.8125
cat+crow+rain,0.8333333333333334
cat+crow+rooster,0.6458333333333334
cat+crow+sea_waves,0.875
cat+crow+sheep,0.8333333333333334
cat+crow+siren,0.7708333333333334
cat+crow+sneezing,0.7083333333333334
cat+crow+snoring,0.875
cat+crow+thunderstorm,0.8958333333333334
cat+crow+toilet_flush,0.8125
cat+crow+train,0.9166666666666666
cat+crow+vacuum_cleaner,0.875
cat+crow+washing_machine,0.8333333333333334
cat+crow+water_drops,0.8125
cat+crow+wind,0.9166666666666666
cat+crying_baby+dog,0.7083333333333334
cat+crying_baby+door_wood_creaks,0.5833333333333334
cat+crying_baby+door_wood_knock,0.875
cat+crying_baby+drinking_sipping,0.7291666666666666
cat+crying_baby+engine,0.875
cat+crying_baby+fireworks,0.75
cat+crying_baby+footsteps,0.75
cat+crying_baby+frog,0.75
cat+crying_baby+glass_breaking,0.7916666666666666
cat+crying_baby+hand_saw,0.8541666666666666
cat+crying_baby+helicopter,0.875
cat+crying_baby+hen,0.6458333333333334
cat+crying_baby+insects,0.7916666666666666
cat+crying_baby+keyboard_typing,0.6875
cat+crying_baby+laughing,0.5625
cat+crying_baby+mouse_click,0.7916666666666666
cat+crying_baby+pig,0.7083333333333334
cat+crying_baby+pouring_water,0.6666666666666666
cat+crying_baby+rain,0.8125
cat+crying_baby+rooster,0.6875
cat+crying_baby+sea_waves,0.875
cat+crying_baby+sheep,0.7291666666666666
cat+crying_baby+siren,0.7708333333333334
cat+crying_baby+sneezing,0.6458333333333334
cat+crying_baby+snoring,0.8333333333333334
cat+crying_baby+thunderstorm,0.875
cat+crying_baby+toilet_flush,0.875
cat+crying_baby+train,0.875
cat+crying_baby+vacuum_cleaner,0.8958333333333334
cat+crying_baby+washing_machine,0.8125
cat+crying_baby+water_drops,0.75
cat+crying_baby+wind,0.875
cat+dog+door_wood_creaks,0.5625
cat+dog+door_wood_knock,0.7916666666666666
cat+dog+drinking_sipping,0.6666666666666666
cat+dog+engine,0.8333333333333334
cat+dog+fireworks,0.75
cat+dog+footsteps,0.7916666666666666
cat+dog+frog,0.7083333333333334
cat+dog+glass_breaking,0.8333333333333334
cat+dog+hand_saw,0.875
cat+dog+helicopter,0.8333333333333334
cat+dog+hen,0.6458333333333334
cat+dog+insects,0.7708333333333334
cat+dog+keyboard_typing,0.6875
cat+dog+laughing,0.4583333333333333
cat+dog+mouse_click,0.7916666666666666
cat+dog+pig,0.7083333333333334
cat+dog+pouring_water,0.6875
cat+dog+rain,0.7708333333333334
cat+dog+rooster,0.6875
cat+dog+sea_waves,0.8125
cat+dog+sheep,0.7291666666666666
cat+dog+siren,0.7916666666666666
cat+dog+sneezing,0.6666666666666666
cat+dog+snoring,0.8333333333333334
cat+dog+thunderstorm,0.8541666666666666
cat+dog+toilet_flush,0.8125
cat+dog+train,0.8541666666666666
cat+dog+vacuum_cleaner,0.8125
cat+dog+washing_machine,0.7708333333333334
cat+dog+water_drops,0.7083333333333334
cat+dog+wind,0.8541666666666666
cat+door_wood_creaks+door_wood_knock,0.6458333333333334
cat+door_wood_creaks+drinking_sipping,0.6041666666666666
cat+door_wood_creaks+engine,0.6875
cat+door_wood_creaks+fireworks,0.5416666666666666
cat+door_wood_creaks+footsteps,0.5416666666666666
cat+door_wood_creaks+frog,0.5625
cat+door_wood_creaks+glass_breaking,0.5833333333333334
cat+door_wood_creaks+hand_saw,0.625
cat+door_wood_creaks+helicopter,0.6666666666666666
cat+door_wood_creaks+hen,0.5208333333333334
cat+door_wood_creaks+insects,0.625
cat+door_wood_creaks+keyboard_typing,0.5416666666666666
cat+door_wood_creaks+laughing,0.4166666666666667
cat+door_wood_creaks+mouse_click,0.6458333333333334
cat+door_wood_creaks+pig,0.5416666666666666
cat+door_wood_creaks+pouring_water,0.625
cat+door_wood_creaks+rain,0.6458333333333334
cat+door_wood_creaks+rooster,0.6666666666666666
cat+door_wood_creaks+sea_waves,0.6666666666666666
cat+door_wood_creaks+sheep,0.625
cat+door_wood_creaks+siren,0.6458333333333334
cat+door_wood_creaks+sneezing,0.5625
cat+door_wood_creaks+snoring,0.6666666666666666
cat+door_wood_creaks+thunderstorm,0.7083333333333334
cat+door_wood_creaks+toilet_flush,0.6041666666666666
cat+door_wood_creaks+train,0.7291666666666666
cat+door_wood_creaks+vacuum_cleaner,0.7291666666666666
cat+door_wood_creaks+washing_machine,0.625
cat+door_wood_creaks+water_drops,0.625
cat+door_wood_creaks+wind,0.7291666666666666
cat+door_wood_knock+drinking_sipping,0.7291666666666666
cat+door_wood_knock+engine,0.9583333333333334
cat+door_wood_knock+fireworks,0.7291666666666666
cat+door_wood_knock+footsteps,0.7708333333333334
cat+door_wood_knock+frog,0.8333333333333334
cat+door_wood_knock+glass_breaking,0.9166666666666666
cat+door_wood_knock+hand_saw,0.9583333333333334
cat+door_wood_knock+helicopter,0.9583333333333334
cat+door_wood_knock+hen,0.7916666666666666
cat+door_wood_knock+insects,0.8541666666666666
cat+door_wood_knock+keyboard_typing,0.7916666666666666
cat+door_wood_knock+laughing,0.75
cat+door_wood_knock+mouse_click,0.7916666666666666
cat+door_wood_knock+pig,0.7708333333333334
cat+door_wood_knock+pouring_water,0.8541666666666666
cat+door_wood_knock+rain,0.8958333333333334
cat+door_wood_knock+rooster,0.7916666666666666
cat+door_wood_knock+sea_waves,0.9583333333333334
cat+door_wood_knock+sheep,0.8958333333333334
cat+door_wood_knock+siren,0.8958333333333334
cat+door_wood_knock+sneezing,0.7708333333333334
cat+door_wood_knock+snoring,0.7916666666666666
cat+door_wood_knock+thunderstorm,0.9375
cat+door_wood_knock+toilet_flush,0.9375
cat+door_wood_knock+train,0.9583333333333334
cat+door_wood_knock+vacuum_cleaner,0.9583333333333334
cat+door_wood_knock+washing_machine,0.8541666666666666
cat+door_wood_knock+water_drops,0.7916666666666666
cat+door_wood_knock+wind,0.9583333333333334
cat+drinking_sipping+engine,0.8541666666666666
cat+drinking_sipping+fireworks,0.6041666666666666
cat+drinking_sipping+footsteps,0.6875
cat+drinking_sipping+frog,0.7291666666666666
cat+drinking_sipping+glass_breaking,0.8333333333333334
cat+drinking_sipping+hand_saw,0.875
cat+drinking_sipping+helicopter,0.8333333333333334
cat+drinking_sipping+hen,0.6041666666666666
cat+drinking_sipping+insects,0.6875
cat+drinking_sipping+keyboard_typing,0.625
cat+drinking_sipping+laughing,0.5
cat+drinking_sipping+mouse_click,0.7291666666666666
cat+drinking_sipping+pig,0.7083333333333334
cat+drinking_sipping+pouring_water,0.7291666666666666
cat+drinking_sipping+rain,0.7916666666666666
cat+drinking_sipping+rooster,0.6041666666666666
cat+drinking_sipping+sea_waves,0.8541666666666666
cat+drinking_sipping+sheep,0.7708333333333334
cat+drinking_sipping+siren,0.7291666666666666
cat+drinking_sipping+sneezing,0.6041666666666666
cat+drinking_sipping+snoring,0.75
cat+drinking_sipping+thunderstorm,0.8541666666666666
cat+drinking_sipping+toilet_flush,0.8333333333333334
cat+drinking_sipping+train,0.8541666666666666
cat+drinking_sipping+vacuum_cleaner,0.875
cat+drinking_sipping+washing_machine,0.75
cat+drinking_sipping+water_drops,0.6041666666666666
cat+drinking_sipping+wind,0.8333333333333334
cat+engine+fireworks,0.7916666666666666
cat+engine+footsteps,0.875
cat+engine+frog,0.8333333333333334
cat+engine+glass_breaking,0.9166666666666666
cat+engine+hand_saw,0.9375
cat+engine+helicopter,0.7916666666666666
cat+engine+hen,0.7916666666666666
cat+engine+insects,0.8541666666666666
cat+engine+keyboard_typing,0.8333333333333334
cat+engine+laughing,0.7291666666666666
cat+engine+mouse_click,0.875
cat+engine+pig,0.8541666666666666
cat+engine+pouring_water,0.875
cat+engine+rain,0.7916666666666666
cat+engine+rooster,0.8125
cat+engine+sea_waves,0.8541666666666666
cat+engine+sheep,0.875
cat+engine+siren,0.8958333333333334
cat+engine+sneezing,0.75
cat+engine+snoring,0.9166666666666666
cat+engine+thunderstorm,0.9791666666666666
cat+engine+toilet_flush,0.8958333333333334
cat+engine+train,0.9166666666666666
cat+engine+vacuum_cleaner,0.875
cat+engine+washing_machine,0.8333333333333334
cat+engine+water_drops,0.8541666666666666
cat+engine+wind,0.8541666666666666
cat+fireworks+footsteps,0.5416666666666666
cat+fireworks+frog,0.6875
cat+fireworks+glass_breaking,0.7708333333333334
cat+fireworks+hand_saw,0.8333333333333334
cat+fireworks+helicopter,0.8125
cat+fireworks+hen,0.625
cat+fireworks+insects,0.7291666666666666
cat+fireworks+keyboard_typing,0.6458333333333334
cat+fireworks+laughing,0.5833333333333334
cat+fireworks+mouse_click,0.6875
cat+fireworks+pig,0.7083333333333334
cat+fireworks+pouring_water,0.75
cat+fireworks+rain,0.7708333333333334
cat+fireworks+rooster,0.6875
cat+fireworks+sea_waves,0.8125
cat+fireworks+sheep,0.6666666666666666
cat+fireworks+siren,0.7708333333333334
cat+fireworks+sneezing,0.625
cat+fireworks+snoring,0.7916666666666666
cat+fireworks+thunderstorm,0.8333333333333334
cat+fireworks+toilet_flush,0.7916666666666666
cat+fireworks+train,0.8125
cat+fireworks+vacuum_cleaner,0.8333333333333334
cat+fireworks+washing_machine,0.75
cat+fireworks+water_drops,0.6875
cat+fireworks+wind,0.8333333333333334
cat+footsteps+frog,0.7291666666666666
cat+footsteps+glass_breaking,0.8333333333333334
cat+footsteps+hand_saw,0.8541666666666666
cat+footsteps+helicopter,0.8333333333333334
cat+footsteps+hen,0.6875
cat+footsteps+insects,0.7291666666666666
cat+footsteps+keyboard_typing,0.625
cat+footsteps+laughing,0.5833333333333334
cat+footsteps+mouse_click,0.6875
cat+footsteps+pig,0.7083333333333334
cat+footsteps+pouring_water,0.6666666666666666
cat+footsteps+rain,0.8125
cat+footsteps+rooster,0.6666666666666666
cat+footsteps+sea_waves,0.8541666666666666
cat+footsteps+sheep,0.7708333333333334
cat+footsteps+siren,0.7916666666666666
cat+footsteps+sneezing,0.6666666666666666
cat+footsteps+snoring,0.7083333333333334
cat+footsteps+thunderstorm,0.8125
cat+footsteps+toilet_flush,0.8333333333333334
cat+footsteps+train,0.875
cat+footsteps+vacuum_cleaner,0.8541666666666666
cat+footsteps+washing_machine,0.7708333333333334
cat+footsteps+water_drops,0.7291666666666666
cat+footsteps+wind,0.875
cat+frog+glass_breaking,0.7916666666666666
cat+frog+hand_saw,0.8541666666666666
cat+frog+helicopter,0.8333333333333334
cat+frog+hen,0.6666666666666666
cat+frog+insects,0.75
cat+frog+keyboard_typing,0.6666666666666666
cat+frog+laughing,0.5625
cat+frog+mouse_click,0.75
cat+frog+pig,0.7083333333333334
cat+frog+pouring_water,0.75
cat+frog+rain,0.7708333333333334
cat+frog+rooster,0.6875
cat+frog+sea_waves,0.8125
cat+frog+sheep,0.7083333333333334
cat+frog+siren,0.75
cat+frog+sneezing,0.625
cat+frog+snoring,0.7916666666666666
cat+frog+thunderstorm,0.8333333333333334
cat+frog+toilet_flush,0.8333333333333334
cat+frog+train,0.8333333333333334
cat+frog+vacuum_cleaner,0.8333333333333334
cat+frog+washing_machine,0.7708333333333334
cat+frog+water_drops,0.7291666666666666
cat+frog+wind,0.8333333333333334
cat+glass_breaking+hand_saw,0.8958333333333334
cat+glass_breaking+helicopter,0.9166666666666666
cat+glass_breaking+hen,0.75
cat+glass_breaking+insects,0.8333333333333334
cat+glass_breaking+keyboard_typing,0.7708333333333334
cat+glass_breaking+laughing,0.6666666666666666
cat+glass_breaking+mouse_click,0.7083333333333334
cat+glass_breaking+pig,0.7916666666666666
cat+glass_breaking+pouring_water,0.8125
cat+glass_breaking+rain,0.8541666666666666
cat+glass_breaking+rooster,0.75
cat+glass_breaking+sea_waves,0.9166666666666666
cat+glass_breaking+sheep,0.875
cat+glass_breaking+siren,0.8541666666666666
cat+glass_breaking+sneezing,0.625
cat+glass_breaking+snoring,0.875
cat+glass_breaking+thunderstorm,0.9166666666666666
cat+glass_breaking+toilet_flush,0.8958333333333334
cat+glass_breaking+train,0.9166666666666666
cat+glass_breaking+vacuum_cleaner,0.9166666666666666
cat+glass_breaking+washing_machine,0.8541666666666666
cat+glass_breaking+water_drops,0.7291666666666666
cat+glass_breaking+wind,0.9166666666666666
cat+hand_saw+helicopter,0.9791666666666666
cat+hand_saw+hen,0.7916666666666666
cat+hand_saw+insects,0.8541666666666666
cat+hand_saw+keyboard_typing,0.8333333333333334
cat+hand_saw+laughing,0.6458333333333334
cat+hand_saw+mouse_click,0.9166666666666666
cat+hand_saw+pig,0.7083333333333334
cat+hand_saw+pouring_water,0.7916666666666666
cat+hand_saw+rain,0.875
cat+hand_saw+rooster,0.7916666666666666
cat+hand_saw+sea_waves,0.8958333333333334
cat+hand_saw+sheep,0.8541666666666666
cat+hand_saw+siren,0.8958333333333334
cat+hand_saw+sneezing,0.75
cat+hand_saw+snoring,0.9375
cat+hand_saw+thunderstorm,0.9791666666666666
cat+hand_saw+toilet_flush,0.8125
cat+hand_saw+train,0.9791666666666666
cat+hand_saw+vacuum_cleaner,0.9166666666666666
cat+hand_saw+washing_machine,0.8958333333333334
cat+hand_saw+water_drops,0.875
cat+hand_saw+wind,0.9791666666666666
cat+helicopter+hen,0.75
cat+helicopter+insects,0.7916666666666666
cat+helicopter+keyboard_typing,0.8333333333333334
cat+helicopter+laughing,0.7083333333333334
cat+helicopter+mouse_click,0.7916666666666666
cat+helicopter+pig,0.8333333333333334
cat+helicopter+pouring_water,0.875
cat+helicopter+rain,0.7916666666666666
cat+helicopter+rooster,0.7916666666666666
cat+helicopter+sea_waves,0.8958333333333334
cat+helicopter+sheep,0.8958333333333334
cat+helicopter+siren,0.8333333333333334
cat+helicopter+sneezing,0.75
cat+helicopter+snoring,0.9375
cat+helicopter+thunderstorm,0.8333333333333334
cat+helicopter+toilet_flush,0.9583333333333334
cat+helicopter+train,0.8125
cat+helicopter+vacuum_cleaner,0.9375
cat+helicopter+washing_machine,0.7083333333333334
cat+helicopter+water_drops,0.875
cat+helicopter+wind,0.6875
cat+hen+insects,0.6458333333333334
cat+hen+keyboard_typing,0.5833333333333334
cat+hen+laughing,0.4375
cat+hen+mouse_click,0.7291666666666666
cat+hen+pig,0.625
cat+hen+pouring_water,0.6041666666666666
cat+hen+rain,0.6875
cat+hen+rooster,0.6458333333333334
cat+hen+sea_waves,0.7916666666666666
cat+hen+sheep,0.625
cat+hen+siren,0.6875
cat+hen+sneezing,0.5625
cat+hen+snoring,0.75
cat+hen+thunderstorm,0.7708333333333334
cat+hen+toilet_flush,0.7708333333333334
cat+hen+train,0.7708333333333334
cat+hen+vacuum_cleaner,0.7916666666666666
cat+hen+washing_machine,0.7083333333333334
cat+hen+water_drops,0.6875
cat+hen+wind,0.7916666666666666
cat+insects+keyboard_typing,0.7291666666666666
cat+insects+laughing,0.5833333333333334
cat+insects+mouse_click,0.7083333333333334
cat+insects+pig,0.6875
cat+insects+pouring_water,0.7916666666666666
cat+insects+rain,0.6875
cat+insects+rooster,0.7291666666666666
cat+insects+sea_waves,0.7916666666666666
cat+insects+sheep,0.7916666666666666
cat+insects+siren,0.7916666666666666
cat+insects+sneezing,0.6666666666666666
cat+insects+snoring,0.8333333333333334
cat+insects+thunderstorm,0.8333333333333334
cat+insects+toilet_flush,0.875
cat+insects+train,0.7916666666666666
cat+insects+vacuum_cleaner,0.8541666666666666
cat+insects+washing_machine,0.6458333333333334
cat+insects+water_drops,0.75
cat+insects+wind,0.7916666666666666
cat+keyboard_typing+laughing,0.4791666666666667
cat+keyboard_typing+mouse_click,0.7083333333333334
cat+keyboard_typing+pig,0.7083333333333334
cat+keyboard_typing+pouring_water,0.6666666666666666
cat+keyboard_typing+rain,0.7708333333333334
cat+keyboard_typing+rooster,0.6458333333333334
cat+keyboard_typing+sea_waves,0.8333333333333334
cat+keyboard_typing+sheep,0.7291666666666666
cat+keyboard_typing+siren,0.75
cat+keyboard_typing+sneezing,0.5833333333333334
cat+keyboard_typing+snoring,0.7291666666666666
cat+keyboard_typing+thunderstorm,0.8333333333333334
cat+keyboard_typing+toilet_flush,0.7916666666666666
cat+keyboard_typing+train,0.8333333333333334
cat+keyboard_typing+vacuum_cleaner,0.8541666666666666
cat+keyboard_typing+washing_machine,0.75
cat+keyboard_typing+water_drops,0.7083333333333334
cat+keyboard_typing+wind,0.8333333333333334
cat+laughing+mouse_click,0.6458333333333334
cat+laughing+pig,0.5833333333333334
cat+laughing+pouring_water,0.5625
cat+laughing+rain,0.6458333333333334
cat+laughing+rooster,0.5
cat+laughing+sea_waves,0.6458333333333334
cat+laughing+sheep,0.5208333333333334
cat+laughing+siren,0.5833333333333334
cat+laughing+sneezing,0.5208333333333334
cat+laughing+snoring,0.6875
cat+laughing+thunderstorm,0.7083333333333334
cat+laughing+toilet_flush,0.6458333333333334
cat+laughing+train,0.6875
cat+laughing+vacuum_cleaner,0.7083333333333334
cat+laughing+washing_machine,0.6458333333333334
cat+laughing+water_drops,0.6666666666666666
cat+laughing+wind,0.7291666666666666
cat+mouse_click+pig,0.75
cat+mouse_click+pouring_water,0.7708333333333334
cat+mouse_click+rain,0.7916666666666666
cat+mouse_click+rooster,0.75
cat+mouse_click+sea_waves,0.8958333333333334
cat+mouse_click+sheep,0.8125
cat+mouse_click+siren,0.8333333333333334
cat+mouse_click+sneezing,0.625
cat+mouse_click+snoring,0.75
cat+mouse_click+thunderstorm,0.8541666666666666
cat+mouse_click+toilet_flush,0.875
cat+mouse_click+train,0.875
cat+mouse_click+vacuum_cleaner,0.9166666666666666
cat+mouse_click+washing_machine,0.8333333333333334
cat+mouse_click+water_drops,0.6041666666666666
cat+mouse_click+wind,0.875
cat+pig+pouring_water,0.6666666666666666
cat+pig+rain,0.7708333333333334
cat+pig+rooster,0.6666666666666666
cat+pig+sea_waves,0.7916666666666666
cat+pig+sheep,0.6875
cat+pig+siren,0.7291666666666666
cat+pig+sneezing,0.6041666666666666
cat+pig+snoring,0.75
cat+pig+thunderstorm,0.8333333333333334
cat+pig+toilet_flush,0.8125
cat+pig+train,0.8333333333333334
cat+pig+vacuum_cleaner,0.7916666666666666
cat+pig+washing_machine,0.75
cat+pig+water_drops,0.75
cat+pig+wind,0.8541666666666666
cat+pouring_water+rain,0.8125
cat+pouring_water+rooster,0.5833333333333334
cat+pouring_water+sea_waves,0.875
cat+pouring_water+sheep,0.7291666666666666
cat+pouring_water+siren,0.7708333333333334
cat+pouring_water+sneezing,0.6458333333333334
cat+pouring_water+snoring,0.8125
cat+pouring_water+thunderstorm,0.875
cat+pouring_water+toilet_flush,0.8125
cat+pouring_water+train,0.875
cat+pouring_water+vacuum_cleaner,0.8958333333333334
cat+pouring_water+washing_machine,0.7916666666666666
cat+pouring_water+water_drops,0.6875
cat+pouring_water+wind,0.875
cat+rain+rooster,0.75
cat+rain+sea_waves,0.7708333333333334
cat+rain+sheep,0.7708333333333334
cat+rain+siren,0.75
cat+rain+sneezing,0.6875
cat+rain+snoring,0.8333333333333334
cat+rain+thunderstorm,0.875
cat+rain+toilet_flush,0.8541666666666666
cat+rain+train,0.75
cat+rain+vacuum_cleaner,0.7708333333333334
cat+rain+washing_machine,0.6666666666666666
cat+rain+water_drops,0.7916666666666666
cat+rain+wind,0.7291666666666666
cat+rooster+sea_waves,0.8125
cat+rooster+sheep,0.7708333333333334
cat+rooster+siren,0.75
cat+rooster+sneezing,0.6041666666666666
cat+rooster+snoring,0.7708333333333334
cat+rooster+thunderstorm,0.8125
cat+rooster+toilet_flush,0.7916666666666666
cat+rooster+train,0.8125
cat+rooster+vacuum_cleaner,0.8333333333333334
cat+rooster+washing_machine,0.75
cat+rooster+water_drops,0.7083333333333334
cat+rooster+wind,0.8125
cat+sea_waves+sheep,0.8541666666666666
cat+sea_waves+siren,0.8541666666666666
cat+sea_waves+sneezing,0.75
cat+sea_waves+snoring,0.9166666666666666
cat+sea_waves+thunderstorm,0.9375
cat+sea_waves+toilet_flush,0.9166666666666666
cat+sea_waves+train,0.9166666666666666
cat+sea_waves+vacuum_cleaner,0.8125
cat+sea_waves+washing_machine,0.8125
cat+sea_waves+water_drops,0.8541666666666666
cat+sea_waves+wind,0.9375
cat+sheep+siren,0.7708333333333334
cat+sheep+sneezing,0.6666666666666666
cat+sheep+snoring,0.8541666666666666
cat+sheep+thunderstorm,0.7916666666666666
cat+sheep+toilet_flush,0.8958333333333334
cat+sheep+train,0.8333333333333334
cat+sheep+vacuum_cleaner,0.875
cat+sheep+washing_machine,0.8125
cat+sheep+water_drops,0.7916666666666666
cat+sheep+wind,0.8958333333333334
cat+siren+sneezing,0.7083333333333334
cat+siren+snoring,0.8541666666666666
cat+siren+thunderstorm,0.875
cat+siren+toilet_flush,0.8958333333333334
cat+siren+train,0.7916666666666666
cat+siren+vacuum_cleaner,0.8958333333333334
cat+siren+washing_machine,0.8333333333333334
cat+siren+water_drops,0.7708333333333334
cat+siren+wind,0.875
cat+sneezing+snoring,0.7083333333333334
cat+sneezing+thunderstorm,0.75
cat+sneezing+toilet_flush,0.7291666666666666
cat+sneezing+train,0.75
cat+sneezing+vacuum_cleaner,0.7708333333333334
cat+sneezing+washing_machine,0.6875
cat+sneezing+water_drops,0.625
cat+sneezing+wind,0.75
cat+snoring+thunderstorm,0.8958333333333334
cat+snoring+toilet_flush,0.8958333333333334
cat+snoring+train,0.9166666666666666
cat+snoring+vacuum_cleaner,0.9166666666666666
cat+snoring+washing_machine,0.7916666666666666
cat+snoring+water_drops,0.7708333333333334
cat+snoring+wind,0.9166666666666666
cat+thunderstorm+toilet_flush,0.9583333333333334
cat+thunderstorm+train,0.9375
cat+thunderstorm+vacuum_cleaner,0.9791666666666666
cat+thunderstorm+washing_machine,0.8125
cat+thunderstorm+water_drops,0.8333333333333334
cat+thunderstorm+wind,0.9583333333333334
cat+toilet_flush+train,0.9583333333333334
cat+toilet_flush+vacuum_cleaner,0.8541666666666666
cat+toilet_flush+washing_machine,0.8541666666666666
cat+toilet_flush+water_drops,0.8541666666666666
cat+toilet_flush+wind,0.9583333333333334
cat+train+vacuum_cleaner,0.9583333333333334
cat+train+washing_machine,0.7916666666666666
cat+train+water_drops,0.875
cat+train+wind,0.8125
cat+vacuum_cleaner+washing_machine,0.8541666666666666
cat+vacuum_cleaner+water_drops,0.875
cat+vacuum_cleaner+wind,0.875
cat+washing_machine+water_drops,0.8125
cat+washing_machine+wind,0.75
cat+water_drops+wind,0.8541666666666666
chainsaw+chirping_birds+church_bells,0.8958333333333334
chainsaw+chirping_birds+clapping,0.8125
chainsaw+chirping_birds+clock_alarm,0.8333333333333334
chainsaw+chirping_birds+clock_tick,0.8958333333333334
chainsaw+chirping_birds+coughing,0.875
chainsaw+chirping_birds+cow,0.8333333333333334
chainsaw+chirping_birds+crackling_fire,0.9166666666666666
chainsaw+chirping_birds+crickets,0.8125
chainsaw+chirping_birds+crow,0.8541666666666666
chainsaw+chirping_birds+crying_baby,0.7916666666666666
chainsaw+chirping_birds+dog,0.8333333333333334
chainsaw+chirping_birds+door_wood_creaks,0.7916666666666666
chainsaw+chirping_birds+door_wood_knock,0.9166666666666666
chainsaw+chirping_birds+drinking_sipping,0.8958333333333334
chainsaw+chirping_birds+engine,0.8541666666666666
chainsaw+chirping_birds+fireworks,0.8333333333333334
chainsaw+chirping_birds+footsteps,0.875
chainsaw+chirping_birds+frog,0.7708333333333334
chainsaw+chirping_birds+glass_breaking,0.8958333333333334
chainsaw+chirping_birds+hand_saw,0.6666666666666666
chainsaw+chirping_birds+helicopter,0.8541666666666666
chainsaw+chirping_birds+hen,0.7916666666666666
chainsaw+chirping_birds+insects,0.8125
chainsaw+chirping_birds+keyboard_typing,0.8333333333333334
chainsaw+chirping_birds+laughing,0.7708333333333334
chainsaw+chirping_birds+mouse_click,0.9166666666666666
chainsaw+chirping_birds+pig,0.7083333333333334
chainsaw+chirping_birds+pouring_water,0.8125
chainsaw+chirping_birds+rain,0.5625
chainsaw+chirping_birds+rooster,0.9166666666666666
chainsaw+chirping_birds+sea_waves,0.7083333333333334
chainsaw+chirping_birds+sheep,0.75
chainsaw+chirping_birds+siren,0.8125
chainsaw+chirping_birds+sneezing,0.9166666666666666
chainsaw+chirping_birds+snoring,0.9166666666666666
chainsaw+chirping_birds+thunderstorm,0.9166666666666666
chainsaw+chirping_birds+toilet_flush,0.75
chainsaw+chirping_birds+train,0.8125
chainsaw+chirping_birds+vacuum_cleaner,0.7083333333333334
chainsaw+chirping_birds+washing_machine,0.7916666666666666
chainsaw+chirping_birds+water_drops,0.8958333333333334
chainsaw+chirping_birds+wind,0.8958333333333334
chainsaw+church_bells+clapping,0.8125
chainsaw+church_bells+clock_alarm,0.8958333333333334
chainsaw+church_bells+clock_tick,0.9375
chainsaw+church_bells+coughing,0.9375
chainsaw+church_bells+cow,0.8333333333333334
chainsaw+church_bells+crackling_fire,0.9583333333333334
chainsaw+church_bells+crickets,0.8958333333333334
chainsaw+church_bells+crow,0.9375
chainsaw+church_bells+crying_baby,0.9166666666666666
chainsaw+church_bells+dog,0.875
chainsaw+church_bells+door_wood_creaks,0.8333333333333334
chainsaw+church_bells+door_wood_knock,0.9791666666666666
chainsaw+church_bells+drinking_sipping,0.9583333333333334
chainsaw+church_bells+engine,0.9166666666666666
chainsaw+church_bells+fireworks,0.8541666666666666
chainsaw+church_bells+footsteps,0.9375
chainsaw+church_bells+frog,0.9583333333333334
chainsaw+church_bells+glass_breaking,0.9583333333333334
chainsaw+church_bells+hand_saw,0.75
chainsaw+church_bells+helicopter,0.7916666666666666
chainsaw+church_bells+hen,0.9375
chainsaw+church_bells+insects,0.8333333333333334
chainsaw+church_bells+keyboard_typing,0.8958333333333334
chainsaw+church_bells+laughing,0.8333333333333334
chainsaw+church_bells+mouse_click,0.9583333333333334
chainsaw+church_bells+pig,0.8125
chainsaw+church_bells+pouring_water,0.9375
chainsaw+church_bells+rain,0.7708333333333334
chainsaw+church_bells+rooster,0.9791666666666666
chainsaw+church_bells+sea_waves,0.7291666666666666
chainsaw+church_bells+sheep,0.8125
chainsaw+church_bells+siren,0.7708333333333334
chainsaw+church_bells+sneezing,0.9791666666666666
chainsaw+church_bells+snoring,0.9375
chainsaw+church_bells+thunderstorm,0.9375
chainsaw+church_bells+toilet_flush,0.8541666666666666
chainsaw+church_bells+train,0.7916666666666666
chainsaw+church_bells+vacuum_cleaner,0.7083333333333334
chainsaw+church_bells+washing_machine,0.7916666666666666
chainsaw+church_bells+water_drops,0.9375
chainsaw+church_bells+wind,0.875
chainsaw+clapping+clock_alarm,0.8125
chainsaw+clapping+clock_tick,0.8541666666666666
chainsaw+clapping+coughing,0.875
chainsaw+clapping+cow,0.7708333333333334
chainsaw+clapping+crackling_fire,0.875
chainsaw+clapping+crickets,0.875
chainsaw+clapping+crow,0.8125
chainsaw+clapping+crying_baby,0.7708333333333334
chainsaw+clapping+dog,0.8541666666666666
chainsaw+clapping+door_wood_creaks,0.7916666666666666
chainsaw+clapping+door_wood_knock,0.8958333333333334
chainsaw+clapping+drinking_sipping,0.8541666666666666
chainsaw+clapping+engine,0.8541666666666666
chainsaw+clapping+fireworks,0.8333333333333334
chainsaw+clapping+footsteps,0.8541666666666666
chainsaw+clapping+frog,0.8333333333333334
chainsaw+clapping+glass_breaking,0.8333333333333334
chainsaw+clapping+hand_saw,0.625
chainsaw+clapping+helicopter,0.7916666666666666
chainsaw+clapping+hen,0.75
chainsaw+clapping+insects,0.8333333333333334
chainsaw+clapping+keyboard_typing,0.8333333333333334
chainsaw+clapping+laughing,0.7291666666666666
chainsaw+clapping+mouse_click,0.875
chainsaw+clapping+pig,0.6458333333333334
chainsaw+clapping+pouring_water,0.7708333333333334
chainsaw+clapping+rain,0.7083333333333334
chainsaw+clapping+rooster,0.8541666666666666
chainsaw+clapping+sea_waves,0.6875
chainsaw+clapping+sheep,0.7291666666666666
chainsaw+clapping+siren,0.8541666666666666
chainsaw+clapping+sneezing,0.8541666666666666
chainsaw+clapping+snoring,0.875
chainsaw+clapping+thunderstorm,0.875
chainsaw+clapping+toilet_flush,0.75
chainsaw+clapping+train,0.7708333333333334
chainsaw+clapping+vacuum_cleaner,0.6666666666666666
chainsaw+clapping+washing_machine,0.7291666666666666
chainsaw+clapping+water_drops,0.8958333333333334
chainsaw+clapping+wind,0.8541666666666666
chainsaw+clock_alarm+clock_tick,0.8125
chainsaw+clock_alarm+coughing,0.875
chainsaw+clock_alarm+cow,0.9166666666666666
chainsaw+clock_alarm+crackling_fire,0.8958333333333334
chainsaw+clock_alarm+crickets,0.875
chainsaw+clock_alarm+crow,0.875
chainsaw+clock_alarm+crying_baby,0.8541666666666666
chainsaw+clock_alarm+dog,0.8541666666666666
chainsaw+clock_alarm+door_wood_creaks,0.7291666666666666
chainsaw+clock_alarm+door_wood_knock,0.9583333333333334
chainsaw+clock_alarm+drinking_sipping,0.9583333333333334
chainsaw+clock_alarm+engine,0.9166666666666666
chainsaw+clock_alarm+fireworks,0.8958333333333334
chainsaw+clock_alarm+footsteps,0.8958333333333334
chainsaw+clock_alarm+frog,0.8958333333333334
chainsaw+clock_alarm+glass_breaking,0.875
chainsaw+clock_alarm+hand_saw,0.6875
chainsaw+clock_alarm+helicopter,0.8541666666666666
chainsaw+clock_alarm+hen,0.875
chainsaw+clock_alarm+insects,0.8541666666666666
chainsaw+clock_alarm+keyboard_typing,0.7916666666666666
chainsaw+clock_alarm+laughing,0.875
chainsaw+clock_alarm+mouse_click,0.9166666666666666
chainsaw+clock_alarm+pig,0.6666666666666666
chainsaw+clock_alarm+pouring_water,0.8333333333333334
chainsaw+clock_alarm+rain,0.7083333333333334
chainsaw+clock_alarm+rooster,0.8958333333333334
chainsaw+clock_alarm+sea_waves,0.75
chainsaw+clock_alarm+sheep,0.8333333333333334
chainsaw+clock_alarm+siren,0.8958333333333334
chainsaw+clock_alarm+sneezing,0.9166666666666666
chainsaw+clock_alarm+snoring,0.9166666666666666
chainsaw+clock_alarm+thunderstorm,0.9583333333333334
chainsaw+clock_alarm+toilet_flush,0.8125
chainsaw+clock_alarm+train,0.8125
chainsaw+clock_alarm+vacuum_cleaner,0.7083333333333334
chainsaw+clock_alarm+washing_machine,0.8125
chainsaw+clock_alarm+water_drops,0.8958333333333334
chainsaw+clock_alarm+wind,0.9166666666666666
chainsaw+clock_tick+coughing,0.7083333333333334
chainsaw+clock_tick+cow,0.8958333333333334
chainsaw+clock_tick+crackling_fire,0.875
chainsaw+clock_tick+crickets,0.8958333333333334
chainsaw+clock_tick+crow,0.8541666666666666
chainsaw+clock_tick+crying_baby,0.7708333333333334
chainsaw+clock_tick+dog,0.7708333333333334
chainsaw+clock_tick+door_wood_creaks,0.6458333333333334
chainsaw+clock_tick+door_wood_knock,0.7916666666666666
chainsaw+clock_tick+drinking_sipping,0.7291666666666666
chainsaw+clock_tick+engine,0.9166666666666666
chainsaw+clock_tick+fireworks,0.75
chainsaw+clock_tick+footsteps,0.7083333333333334
chainsaw+clock_tick+frog,0.8125
chainsaw+clock_tick+glass_breaking,0.8958333333333334
chainsaw+clock_tick+hand_saw,0.7291666666666666
chainsaw+clock_tick+helicopter,0.8125
chainsaw+clock_tick+hen,0.7291666666666666
chainsaw+clock_tick+insects,0.6666666666666666
chainsaw+clock_tick+keyboard_typing,0.6041666666666666
chainsaw+clock_tick+laughing,0.625
chainsaw+clock_tick+mouse_click,0.7083333333333334
chainsaw+clock_tick+pig,0.6875
chainsaw+clock_tick+pouring_water,0.7083333333333334
chainsaw+clock_tick+rain,0.7291666666666666
chainsaw+clock_tick+rooster,0.8958333333333334
chainsaw+clock_tick+sea_waves,0.7708333333333334
chainsaw+clock_tick+sheep,0.7916666666666666
chainsaw+clock_tick+siren,0.8958333333333334
chainsaw+clock_tick+sneezing,0.7916666666666666
chainsaw+clock_tick+snoring,0.8333333333333334
chainsaw+clock_tick+thunderstorm,0.9583333333333334
chainsaw+clock_tick+toilet_flush,0.8125
chainsaw+clock_tick+train,0.8333333333333334
chainsaw+clock_tick+vacuum_cleaner,0.7083333333333334
chainsaw+clock_tick+washing_machine,0.7916666666666666
chainsaw+clock_tick+water_drops,0.6875
chainsaw+clock_tick+wind,0.9166666666666666
chainsaw+coughing+cow,0.8333333333333334
chainsaw+coughing+crackling_fire,0.9166666666666666
chainsaw+coughing+crickets,0.9166666666666666
chainsaw+coughing+crow,0.8958333333333334
chainsaw+coughing+crying_baby,0.8541666666666666
chainsaw+coughing+dog,0.875
chainsaw+coughing+door_wood_creaks,0.7916666666666666
chainsaw+coughing+door_wood_knock,0.8958333333333334
chainsaw+coughing+drinking_sipping,0.7083333333333334
chainsaw+coughing+engine,0.9166666666666666
chainsaw+coughing+fireworks,0.9166666666666666
chainsaw+coughing+footsteps,0.8333333333333334
chainsaw+coughing+frog,0.9166666666666666
chainsaw+coughing+glass_breaking,0.8541666666666666
chainsaw+coughing+hand_saw,0.6875
chainsaw+coughing+helicopter,0.8541666666666666
chainsaw+coughing+hen,0.8958333333333334
chainsaw+coughing+insects,0.8541666666666666
chainsaw+coughing+keyboard_typing,0.8541666666666666
chainsaw+coughing+laughing,0.8333333333333334
chainsaw+coughing+mouse_click,0.8333333333333334
chainsaw+coughing+pig,0.75
chainsaw+coughing+pouring_water,0.7708333333333334
chainsaw+coughing+rain,0.7291666666666666
chainsaw+coughing+rooster,0.8958333333333334
chainsaw+coughing+sea_waves,0.7916666666666666
chainsaw+coughing+sheep,0.875
chainsaw+coughing+siren,0.9166666666666666
chainsaw+coughing+sneezing,0.7291666666666666
chainsaw+coughing+snoring,0.9166666666666666
chainsaw+coughing+thunderstorm,0.9583333333333334
chainsaw+coughing+toilet_flush,0.8541666666666666
chainsaw+coughing+train,0.8125
chainsaw+coughing+vacuum_cleaner,0.7291666666666666
chainsaw+coughing+washing_machine,0.8125
chainsaw+coughing+water_drops,0.8958333333333334
chainsaw+coughing+wind,0.9166666666666666
chainsaw+cow+crackling_fire,0.9375
chainsaw+cow+crickets,0.8958333333333334
chainsaw+cow+crow,0.8958333333333334
chainsaw+cow+crying_baby,0.875
chainsaw+cow+dog,0.875
chainsaw+cow+door_wood_creaks,0.75
chainsaw+cow+door_wood_knock,0.9166666666666666
chainsaw+cow+drinking_sipping,0.875
chainsaw+cow+engine,0.8958333333333334
chainsaw+cow+fireworks,0.8541666666666666
chainsaw+cow+footsteps,0.8541666666666666
chainsaw+cow+frog,0.875
chainsaw+cow+glass_breaking,0.9375
chainsaw+cow+hand_saw,0.7083333333333334
chainsaw+cow+helicopter,0.7916666666666666
chainsaw+cow+hen,0.8125
chainsaw+cow+insects,0.7916666666666666
chainsaw+cow+keyboard_typing,0.7916666666666666
chainsaw+cow+laughing,0.75
chainsaw+cow+mouse_click,0.9375
chainsaw+cow+pig,0.6458333333333334
chainsaw+cow+pouring_water,0.875
chainsaw+cow+rain,0.7708333333333334
chainsaw+cow+rooster,0.8958333333333334
chainsaw+cow+sea_waves,0.7083333333333334
chainsaw+cow+sheep,0.7083333333333334
chainsaw+cow+siren,0.7916666666666666
chainsaw+cow+sneezing,0.9166666666666666
chainsaw+cow+snoring,0.9375
chainsaw+cow+thunderstorm,0.8958333333333334
chainsaw+cow+toilet_flush,0.7708333333333334
chainsaw+cow+train,0.7916666666666666
chainsaw+cow+vacuum_cleaner,0.7291666666666666
chainsaw+cow+washing_machine,0.7708333333333334
chainsaw+cow+water_drops,0.9166666666666666
chainsaw+cow+wind,0.9166666666666666
chainsaw+crackling_fire+crickets,0.9166666666666666
chainsaw+crackling_fire+crow,0.9375
chainsaw+crackling_fire+crying_baby,0.9166666666666666
chainsaw+crackling_fire+dog,0.9166666666666666
chainsaw+crackling_fire+door_wood_creaks,0.8125
chainsaw+crackling_fire+door_wood_knock,0.9583333333333334
chainsaw+crackling_fire+drinking_sipping,0.9166666666666666
chainsaw+crackling_fire+engine,0.9166666666666666
chainsaw+crackling_fire+fireworks,0.8125
chainsaw+crackling_fire+footsteps,0.8333333333333334
chainsaw+crackling_fire+frog,0.875
chainsaw+crackling_fire+glass_breaking,0.9166666666666666
chainsaw+crackling_fire+hand_saw,0.75
chainsaw+crackling_fire+helicopter,0.875
chainsaw+crackling_fire+hen,0.9166666666666666
chainsaw+crackling_fire+insects,0.8125
chainsaw+crackling_fire+keyboard_typing,0.8958333333333334
chainsaw+crackling_fire+laughing,0.8958333333333334
chainsaw+crackling_fire+mouse_click,0.7083333333333334
chainsaw+crackling_fire+pig,0.75
chainsaw+crackling_fire+pouring_water,0.8958333333333334
chainsaw+crackling_fire+rain,0.7083333333333334
chainsaw+crackling_fire+rooster,0.9791666666666666
chainsaw+crackling_fire+sea_waves,0.7708333333333334
chainsaw+crackling_fire+sheep,0.875
chainsaw+crackling_fire+siren,0.9375
chainsaw+crackling_fire+sneezing,0.9166666666666666
chainsaw+crackling_fire+snoring,0.8125
chainsaw+crackling_fire+thunderstorm,0.8541666666666666
chainsaw+crackling_fire+toilet_flush,0.875
chainsaw+crackling_fire+train,0.8333333333333334
chainsaw+crackling_fire+vacuum_cleaner,0.7083333333333334
chainsaw+crackling_fire+washing_machine,0.8333333333333334
chainsaw+crackling_fire+water_drops,0.6875
chainsaw+crackling_fire+wind,0.9166666666666666
chainsaw+crickets+crow,0.9166666666666666
chainsaw+crickets+crying_baby,0.9166666666666666
chainsaw+crickets+dog,0.9166666666666666
chainsaw+crickets+door_wood_creaks,0.8125
chainsaw+crickets+door_wood_knock,0.9583333333333334
chainsaw+crickets+drinking_sipping,0.9375
chainsaw+crickets+engine,0.8958333333333334
chainsaw+crickets+fireworks,0.8958333333333334
chainsaw+crickets+footsteps,0.9166666666666666
chainsaw+crickets+frog,0.9375
chainsaw+crickets+glass_breaking,0.9375
chainsaw+crickets+hand_saw,0.7083333333333334
chainsaw+crickets+helicopter,0.7291666666666666
chainsaw+crickets+hen,0.875
chainsaw+crickets+insects,0.875
chainsaw+crickets+keyboard_typing,0.8958333333333334
chainsaw+crickets+laughing,0.875
chainsaw+crickets+mouse_click,0.9583333333333334
chainsaw+crickets+pig,0.7916666666666666
chainsaw+crickets+pouring_water,0.9166666666666666
chainsaw+crickets+rain,0.6875
chainsaw+crickets+rooster,0.9583333333333334
chainsaw+crickets+sea_waves,0.75
chainsaw+crickets+sheep,0.8541666666666666
chainsaw+crickets+siren,0.9166666666666666
chainsaw+crickets+sneezing,0.9583333333333334
chainsaw+crickets+snoring,0.9375
chainsaw+crickets+thunderstorm,0.9583333333333334
chainsaw+crickets+toilet_flush,0.8541666666666666
chainsaw+crickets+train,0.7708333333333334
chainsaw+crickets+vacuum_cleaner,0.7083333333333334
chainsaw+crickets+washing_machine,0.7291666666666666
chainsaw+crickets+water_drops,0.8958333333333334
chainsaw+crickets+wind,0.875
chainsaw+crow+crying_baby,0.8958333333333334
chainsaw+crow+dog,0.9166666666666666
chainsaw+crow+door_wood_creaks,0.75
chainsaw+crow+door_wood_knock,0.9583333333333334
chainsaw+crow+drinking_sipping,0.9375
chainsaw+crow+engine,0.875
chainsaw+crow+fireworks,0.8541666666666666
chainsaw+crow+footsteps,0.8958333333333334
chainsaw+crow+frog,0.8125
chainsaw+crow+glass_breaking,0.9375
chainsaw+crow+hand_saw,0.6875
chainsaw+crow+helicopter,0.8541666666666666
chainsaw+crow+hen,0.9166666666666666
chainsaw+crow+insects,0.8541666666666666
chainsaw+crow+keyboard_typing,0.8541666666666666
chainsaw+crow+laughing,0.8125
chainsaw+crow+mouse_click,0.8958333333333334
chainsaw+crow+pig,0.7083333333333334
chainsaw+crow+pouring_water,0.8541666666666666
chainsaw+crow+rain,0.75
chainsaw+crow+rooster,0.8541666666666666
chainsaw+crow+sea_waves,0.7291666666666666
chainsaw+crow+sheep,0.8541666666666666
chainsaw+crow+siren,0.875
chainsaw+crow+sneezing,0.9583333333333334
chainsaw+crow+snoring,0.9583333333333334
chainsaw+crow+thunderstorm,0.9375
chainsaw+crow+toilet_flush,0.7916666666666666
chainsaw+crow+train,0.8125
chainsaw+crow+vacuum_cleaner,0.7083333333333334
chainsaw+crow+washing_machine,0.8125
chainsaw+crow+water_drops,0.9166666666666666
chainsaw+crow+wind,0.9166666666666666
chainsaw+crying_baby+dog,0.8541666666666666
chainsaw+crying_baby+door_wood_creaks,0.7291666666666666
chainsaw+crying_baby+door_wood_knock,0.9583333333333334
chainsaw+crying_baby+drinking_sipping,0.8541666666666666
chainsaw+crying_baby+engine,0.8958333333333334
chainsaw+crying_baby+fireworks,0.8125
chainsaw+crying_baby+footsteps,0.7916666666666666
chainsaw+crying_baby+frog,0.8958333333333334
chainsaw+crying_baby+glass_breaking,0.875
chainsaw+crying_baby+hand_saw,0.6875
chainsaw+crying_baby+helicopter,0.8541666666666666
chainsaw+crying_baby+hen,0.8541666666666666
chainsaw+crying_baby+insects,0.8333333333333334
chainsaw+crying_baby+keyboard_typing,0.8333333333333334
chainsaw+crying_baby+laughing,0.7291666666666666
chainsaw+crying_baby+mouse_click,0.9166666666666666
chainsaw+crying_baby+pig,0.75
chainsaw+crying_baby+pouring_water,0.7291666666666666
chainsaw+crying_baby+rain,0.75
chainsaw+crying_baby+rooster,0.875
chainsaw+crying_baby+sea_waves,0.75
chainsaw+crying_baby+sheep,0.7708333333333334
chainsaw+crying_baby+siren,0.9166666666666666
chainsaw+crying_baby+sneezing,0.9166666666666666
chainsaw+crying_baby+snoring,0.9166666666666666
chainsaw+crying_baby+thunderstorm,0.9375
chainsaw+crying_baby+toilet_flush,0.8541666666666666
chainsaw+crying_baby+train,0.7916666666666666
chainsaw+crying_baby+vacuum_cleaner,0.7083333333333334
chainsaw+crying_baby+washing_machine,0.8125
chainsaw+crying_baby+water_drops,0.9166666666666666
chainsaw+crying_baby+wind,0.9166666666666666
chainsaw+dog+door_wood_creaks,0.75
chainsaw+dog+door_wood_knock,0.8958333333333334
chainsaw+dog+drinking_sipping,0.8333333333333334
chainsaw+dog+engine,0.8958333333333334
chainsaw+dog+fireworks,0.8541666666666666
chainsaw+dog+footsteps,0.875
chainsaw+dog+frog,0.8125
chainsaw+dog+glass_breaking,0.9375
chainsaw+dog+hand_saw,0.75
chainsaw+dog+helicopter,0.8333333333333334
chainsaw+dog+hen,0.8333333333333334
chainsaw+dog+insects,0.8541666666666666
chainsaw+dog+keyboard_typing,0.8125
chainsaw+dog+laughing,0.625
chainsaw+dog+mouse_click,0.9375
chainsaw+dog+pig,0.7291666666666666
chainsaw+dog+pouring_water,0.7916666666666666
chainsaw+dog+rain,0.75
chainsaw+dog+rooster,0.875
chainsaw+dog+sea_waves,0.7083333333333334
chainsaw+dog+sheep,0.7916666666666666
chainsaw+dog+siren,0.8958333333333334
chainsaw+dog+sneezing,0.9166666666666666
chainsaw+dog+snoring,0.9583333333333334
chainsaw+dog+thunderstorm,0.9583333333333334
chainsaw+dog+toilet_flush,0.8541666666666666
chainsaw+dog+train,0.8125
chainsaw+dog+vacuum_cleaner,0.7083333333333334
chainsaw+dog+washing_machine,0.8125
chainsaw+dog+water_drops,0.8333333333333334
chainsaw+dog+wind,0.9166666666666666
chainsaw+door_wood_creaks+door_wood_knock,0.7708333333333334
chainsaw+door_wood_creaks+drinking_sipping,0.7916666666666666
chainsaw+door_wood_creaks+engine,0.8125
chainsaw+door_wood_creaks+fireworks,0.7083333333333334
chainsaw+door_wood_creaks+footsteps,0.6875
chainsaw+door_wood_creaks+frog,0.75
chainsaw+door_wood_creaks+glass_breaking,0.6666666666666666
chainsaw+door_wood_creaks+hand_saw,0.5625
chainsaw+door_wood_creaks+helicopter,0.7083333333333334
chainsaw+door_wood_creaks+hen,0.7916666666666666
chainsaw+door_wood_creaks+insects,0.7083333333333334
chainsaw+door_wood_creaks+keyboard_typing,0.7083333333333334
chainsaw+door_wood_creaks+laughing,0.6666666666666666
chainsaw+door_wood_creaks+mouse_click,0.75
chainsaw+door_wood_creaks+pig,0.6041666666666666
chainsaw+door_wood_creaks+pouring_water,0.7083333333333334
chainsaw+door_wood_creaks+rain,0.6041666666666666
chainsaw+door_wood_creaks+rooster,0.8333333333333334
chainsaw+door_wood_creaks+sea_waves,0.6666666666666666
chainsaw+door_wood_creaks+sheep,0.6875
chainsaw+door_wood_creaks+siren,0.8125
chainsaw+door_wood_creaks+sneezing,0.8125
chainsaw+door_wood_creaks+snoring,0.7916666666666666
chainsaw+door_wood_creaks+thunderstorm,0.8125
chainsaw+door_wood_creaks+toilet_flush,0.7291666666666666
chainsaw+door_wood_creaks+train,0.6875
chainsaw+door_wood_creaks+vacuum_cleaner,0.6458333333333334
chainsaw+door_wood_creaks+washing_machine,0.7083333333333334
chainsaw+door_wood_creaks+water_drops,0.7708333333333334
chainsaw+door_wood_creaks+wind,0.7916666666666666
chainsaw+door_wood_knock+drinking_sipping,0.8541666666666666
chainsaw+door_wood_knock+engine,0.9375
chainsaw+door_wood_knock+fireworks,0.8333333333333334
chainsaw+door_wood_knock+footsteps,0.8333333333333334
chainsaw+door_wood_knock+frog,0.9166666666666666
chainsaw+door_wood_knock+glass_breaking,0.9791666666666666
chainsaw+door_wood_knock+hand_saw,0.75
chainsaw+door_wood_knock+helicopter,0.8958333333333334
chainsaw+door_wood_knock+hen,0.9583333333333334
chainsaw+door_wood_knock+insects,0.9166666666666666
chainsaw+door_wood_knock+keyboard_typing,0.875
chainsaw+door_wood_knock+laughing,0.9375
chainsaw+door_wood_knock+mouse_click,0.875
chainsaw+door_wood_knock+pig,0.7291666666666666
chainsaw+door_wood_knock+pouring_water,0.9166666666666666
chainsaw+door_wood_knock+rain,0.7708333333333334
chainsaw+door_wood_knock+rooster,0.9791666666666666
chainsaw+door_wood_knock+sea_waves,0.7916666666666666
chainsaw+door_wood_knock+sheep,0.9166666666666666
chainsaw+door_wood_knock+siren,0.9583333333333334
chainsaw+door_wood_knock+sneezing,1.0
chainsaw+door_wood_knock+snoring,0.8541666666666666
chainsaw+door_wood_knock+thunderstorm,0.9791666666666666
chainsaw+door_wood_knock+toilet_flush,0.875
chainsaw+door_wood_knock+train,0.8541666666666666
chainsaw+door_wood_knock+vacuum_cleaner,0.7291666666666666
chainsaw+door_wood_knock+washing_machine,0.8333333333333334
chainsaw+door_wood_knock+water_drops,0.8958333333333334
chainsaw+door_wood_knock+wind,0.9583333333333334
chainsaw+drinking_sipping+engine,0.9375
chainsaw+drinking_sipping+fireworks,0.7083333333333334
chainsaw+drinking_sipping+footsteps,0.8125
chainsaw+drinking_sipping+frog,0.8958333333333334
chainsaw+drinking_sipping+glass_breaking,0.9583333333333334
chainsaw+drinking_sipping+hand_saw,0.7708333333333334
chainsaw+drinking_sipping+helicopter,0.875
chainsaw+drinking_sipping+hen,0.875
chainsaw+drinking_sipping+insects,0.8333333333333334
chainsaw+drinking_sipping+keyboard_typing,0.75
chainsaw+drinking_sipping+laughing,0.7083333333333334
chainsaw+drinking_sipping+mouse_click,0.8541666666666666
chainsaw+drinking_sipping+pig,0.75
chainsaw+drinking_sipping+pouring_water,0.8333333333333334
chainsaw+drinking_sipping+rain,0.7708333333333334
chainsaw+drinking_sipping+rooster,0.875
chainsaw+drinking_sipping+sea_waves,0.7916666666666666
chainsaw+drinking_sipping+sheep,0.8541666666666666
chainsaw+drinking_sipping+siren,0.8958333333333334
chainsaw+drinking_sipping+sneezing,0.875
chainsaw+drinking_sipping+snoring,0.875
chainsaw+drinking_sipping+thunderstorm,1.0
chainsaw+drinking_sipping+toilet_flush,0.8541666666666666
chainsaw+drinking_sipping+train,0.8541666666666666
chainsaw+drinking_sipping+vacuum_cleaner,0.7291666666666666
chainsaw+drinking_sipping+washing_machine,0.8333333333333334
chainsaw+drinking_sipping+water_drops,0.7708333333333334
chainsaw+drinking_sipping+wind,0.9375
chainsaw+engine+fireworks,0.8958333333333334
chainsaw+engine+footsteps,0.9166666666666666
chainsaw+engine+frog,0.9166666666666666
chainsaw+engine+glass_breaking,0.9375
chainsaw+engine+hand_saw,0.7083333333333334
chainsaw+engine+helicopter,0.6458333333333334
chainsaw+engine+hen,0.9166666666666666
chainsaw+engine+insects,0.8333333333333334
chainsaw+engine+keyboard_typing,0.9166666666666666
chainsaw+engine+laughing,0.8958333333333334
chainsaw+engine+mouse_click,0.9166666666666666
chainsaw+engine+pig,0.8125
chainsaw+engine+pouring_water,0.9166666666666666
chainsaw+engine+rain,0.6041666666666666
chainsaw+engine+rooster,0.9375
chainsaw+engine+sea_waves,0.7083333333333334
chainsaw+engine+sheep,0.8125
chainsaw+engine+siren,0.8958333333333334
chainsaw+engine+sneezing,0.9375
chainsaw+engine+snoring,0.8958333333333334
chainsaw+engine+thunderstorm,0.9375
chainsaw+engine+toilet_flush,0.8333333333333334
chainsaw+engine+train,0.7291666666666666
chainsaw+engine+vacuum_cleaner,0.6458333333333334
chainsaw+engine+washing_machine,0.7083333333333334
chainsaw+engine+water_drops,0.8958333333333334
chainsaw+engine+wind,0.7708333333333334
chainsaw+fireworks+footsteps,0.625
chainsaw+fireworks+frog,0.7708333333333334
chainsaw+fireworks+glass_breaking,0.9166666666666666
chainsaw+fireworks+hand_saw,0.7083333333333334
chainsaw+fireworks+helicopter,0.8125
chainsaw+fireworks+hen,0.8125
chainsaw+fireworks+insects,0.8333333333333334
chainsaw+fireworks+keyboard_typing,0.75
chainsaw+fireworks+laughing,0.7291666666666666
chainsaw+fireworks+mouse_click,0.8333333333333334
chainsaw+fireworks+pig,0.7708333333333334
chainsaw+fireworks+pouring_water,0.875
chainsaw+fireworks+rain,0.75
chainsaw+fireworks+rooster,0.9375
chainsaw+fireworks+sea_waves,0.75
chainsaw+fireworks+sheep,0.6875
chainsaw+fireworks+siren,0.8958333333333334
chainsaw+fireworks+sneezing,0.9166666666666666
chainsaw+fireworks+snoring,0.875
chainsaw+fireworks+thunderstorm,0.9375
chainsaw+fireworks+toilet_flush,0.8333333333333334
chainsaw+fireworks+train,0.7916666666666666
chainsaw+fireworks+vacuum_cleaner,0.7291666666666666
chainsaw+fireworks+washing_machine,0.8125
chainsaw+fireworks+water_drops,0.8333333333333334
chainsaw+fireworks+wind,0.8958333333333334
chainsaw+footsteps+frog,0.8125
chainsaw+footsteps+glass_breaking,0.9375
chainsaw+footsteps+hand_saw,0.7291666666666666
chainsaw+footsteps+helicopter,0.8125
chainsaw+footsteps+hen,0.8333333333333334
chainsaw+footsteps+insects,0.7916666666666666
chainsaw+footsteps+keyboard_typing,0.7291666666666666
chainsaw+footsteps+laughing,0.7708333333333334
chainsaw+footsteps+mouse_click,0.7916666666666666
chainsaw+footsteps+pig,0.7291666666666666
chainsaw+footsteps+pouring_water,0.7916666666666666
chainsaw+footsteps+rain,0.7083333333333334
chainsaw+footsteps+rooster,0.9166666666666666
chainsaw+footsteps+sea_waves,0.7708333333333334
chainsaw+footsteps+sheep,0.8125
chainsaw+footsteps+siren,0.9166666666666666
chainsaw+footsteps+sneezing,0.9166666666666666
chainsaw+footsteps+snoring,0.7708333333333334
chainsaw+footsteps+thunderstorm,0.8958333333333334
chainsaw+footsteps+toilet_flush,0.8333333333333334
chainsaw+footsteps+train,0.8125
chainsaw+footsteps+vacuum_cleaner,0.7083333333333334
chainsaw+footsteps+washing_machine,0.7916666666666666
chainsaw+footsteps+water_drops,0.8541666666666666
chainsaw+footsteps+wind,0.9166666666666666
chainsaw+frog+glass_breaking,0.9583333333333334
chainsaw+frog+hand_saw,0.6875
chainsaw+frog+helicopter,0.875
chainsaw+frog+hen,0.875
chainsaw+frog+insects,0.8333333333333334
chainsaw+frog+keyboard_typing,0.7708333333333334
chainsaw+frog+laughing,0.7916666666666666
chainsaw+frog+mouse_click,0.8333333333333334
chainsaw+frog+pig,0.7916666666666666
chainsaw+frog+pouring_water,0.9375
chainsaw+frog+rain,0.75
chainsaw+frog+rooster,0.9791666666666666
chainsaw+frog+sea_waves,0.7708333333333334
chainsaw+frog+sheep,0.7083333333333334
chainsaw+frog+siren,0.9166666666666666
chainsaw+frog+sneezing,0.9791666666666666
chainsaw+frog+snoring,0.875
chainsaw+frog+thunderstorm,0.8958333333333334
chainsaw+frog+toilet_flush,0.875
chainsaw+frog+train,0.8333333333333334
chainsaw+frog+vacuum_cleaner,0.7083333333333334
chainsaw+frog+washing_machine,0.8125
chainsaw+frog+water_drops,0.8333333333333334
chainsaw+frog+wind,0.9375
chainsaw+glass_breaking+hand_saw,0.7291666666666666
chainsaw+glass_breaking+helicopter,0.875
chainsaw+glass_breaking+hen,0.9583333333333334
chainsaw+glass_breaking+insects,0.875
chainsaw+glass_breaking+keyboard_typing,0.875
chainsaw+glass_breaking+laughing,0.9166666666666666
chainsaw+glass_breaking+mouse_click,0.7916666666666666
chainsaw+glass_breaking+pig,0.7708333333333334
chainsaw+glass_breaking+pouring_water,0.875
chainsaw+glass_breaking+rain,0.75
chainsaw+glass_breaking+rooster,0.9375
chainsaw+glass_breaking+sea_waves,0.7916666666666666
chainsaw+glass_breaking+sheep,0.8958333333333334
chainsaw+glass_breaking+siren,0.9375
chainsaw+glass_breaking+sneezing,0.8125
chainsaw+glass_breaking+snoring,0.9583333333333334
chainsaw+glass_breaking+thunderstorm,0.9791666666666666
chainsaw+glass_breaking+toilet_flush,0.8541666666666666
chainsaw+glass_breaking+train,0.8333333333333334
chainsaw+glass_breaking+vacuum_cleaner,0.7083333333333334
chainsaw+glass_breaking+washing_machine,0.8333333333333334
chainsaw+glass_breaking+water_drops,0.8541666666666666
chainsaw+glass_breaking+wind,0.9375
chainsaw+hand_saw+helicopter,0.6666666666666666
chainsaw+hand_saw+hen,0.7291666666666666
chainsaw+hand_saw+insects,0.7083333333333334
chainsaw+hand_saw+keyboard_typing,0.7083333333333334
chainsaw+hand_saw+laughing,0.6875
chainsaw+hand_saw+mouse_click,0.7708333333333334
chainsaw+hand_saw+pig,0.5833333333333334
chainsaw+hand_saw+pouring_water,0.6458333333333334
chainsaw+hand_saw+rain,0.5625
chainsaw+hand_saw+rooster,0.7291666666666666
chainsaw+hand_saw+sea_waves,0.5625
chainsaw+hand_saw+sheep,0.6666666666666666
chainsaw+hand_saw+siren,0.7291666666666666
chainsaw+hand_saw+sneezing,0.75
chainsaw+hand_saw+snoring,0.7708333333333334
chainsaw+hand_saw+thunderstorm,0.7708333333333334
chainsaw+hand_saw+toilet_flush,0.6458333333333334
chainsaw+hand_saw+train,0.6458333333333334
chainsaw+hand_saw+vacuum_cleaner,0.5625
chainsaw+hand_saw+washing_machine,0.625
chainsaw+hand_saw+water_drops,0.75
chainsaw+hand_saw+wind,0.7291666666666666
chainsaw+helicopter+hen,0.8333333333333334
chainsaw+helicopter+insects,0.75
chainsaw+helicopter+keyboard_typing,0.8541666666666666
chainsaw+helicopter+laughing,0.8125
chainsaw+helicopter+mouse_click,0.7916666666666666
chainsaw+helicopter+pig,0.7291666666666666
chainsaw+helicopter+pouring_water,0.8541666666666666
chainsaw+helicopter+rain,0.6458333333333334
chainsaw+helicopter+rooster,0.875
chainsaw+helicopter+sea_waves,0.7083333333333334
chainsaw+helicopter+sheep,0.8333333333333334
chainsaw+helicopter+siren,0.7916666666666666
chainsaw+helicopter+sneezing,0.8958333333333334
chainsaw+helicopter+snoring,0.875
chainsaw+helicopter+thunderstorm,0.75
chainsaw+helicopter+toilet_flush,0.7916666666666666
chainsaw+helicopter+train,0.6666666666666666
chainsaw+helicopter+vacuum_cleaner,0.6666666666666666
chainsaw+helicopter+washing_machine,0.5833333333333334
chainsaw+helicopter+water_drops,0.875
chainsaw+helicopter+wind,0.6041666666666666
chainsaw+hen+insects,0.7916666666666666
chainsaw+hen+keyboard_typing,0.7916666666666666
chainsaw+hen+laughing,0.6666666666666666
chainsaw+hen+mouse_click,0.9375
chainsaw+hen+pig,0.6458333333333334
chainsaw+hen+pouring_water,0.7916666666666666
chainsaw+hen+rain,0.75
chainsaw+hen+rooster,0.9166666666666666
chainsaw+hen+sea_waves,0.7291666666666666
chainsaw+hen+sheep,0.75
chainsaw+hen+siren,0.8958333333333334
chainsaw+hen+sneezing,0.9166666666666666
chainsaw+hen+snoring,0.9583333333333334
chainsaw+hen+thunderstorm,0.9375
chainsaw+hen+toilet_flush,0.8125
chainsaw+hen+train,0.8125
chainsaw+hen+vacuum_cleaner,0.7291666666666666
chainsaw+hen+washing_machine,0.8125
chainsaw+hen+water_drops,0.9375
chainsaw+hen+wind,0.9375
chainsaw+insects+keyboard_typing,0.7916666666666666
chainsaw+insects+laughing,0.8125
chainsaw+insects+mouse_click,0.7916666666666666
chainsaw+insects+pig,0.6666666666666666
chainsaw+insects+pouring_water,0.8541666666666666
chainsaw+insects+rain,0.5833333333333334
chainsaw+insects+rooster,0.9166666666666666
chainsaw+insects+sea_waves,0.6875
chainsaw+insects+sheep,0.8125
chainsaw+insects+siren,0.875
chainsaw+insects+sneezing,0.8958333333333334
chainsaw+insects+snoring,0.8541666666666666
chainsaw+insects+thunderstorm,0.875
chainsaw+insects+toilet_flush,0.8125
chainsaw+insects+train,0.7291666666666666
chainsaw+insects+vacuum_cleaner,0.6666666666666666
chainsaw+insects+washing_machine,0.6666666666666666
chainsaw+insects+water_drops,0.8541666666666666
chainsaw+insects+wind,0.8333333333333334
chainsaw+keyboard_typing+laughing,0.6458333333333334
chainsaw+keyboard_typing+mouse_click,0.8333333333333334
chainsaw+keyboard_typing+pig,0.7291666666666666
chainsaw+keyboard_typing+pouring_water,0.75
chainsaw+keyboard_typing+rain,0.7083333333333334
chainsaw+keyboard_typing+rooster,0.875
chainsaw+keyboard_typing+sea_waves,0.7708333333333334
chainsaw+keyboard_typing+sheep,0.7916666666666666
chainsaw+keyboard_typing+siren,0.8958333333333334
chainsaw+keyboard_typing+sneezing,0.8541666666666666
chainsaw+keyboard_typing+snoring,0.8125
chainsaw+keyboard_typing+thunderstorm,0.9375
chainsaw+keyboard_typing+toilet_flush,0.8333333333333334
chainsaw+keyboard_typing+train,0.7916666666666666
chainsaw+keyboard_typing+vacuum_cleaner,0.7083333333333334
chainsaw+keyboard_typing+washing_machine,0.7916666666666666
chainsaw+keyboard_typing+water_drops,0.8541666666666666
chainsaw+keyboard_typing+wind,0.8958333333333334
chainsaw+laughing+mouse_click,0.875
chainsaw+laughing+pig,0.75
chainsaw+laughing+pouring_water,0.75
chainsaw+laughing+rain,0.7291666666666666
chainsaw+laughing+rooster,0.7083333333333334
chainsaw+laughing+sea_waves,0.7083333333333334
chainsaw+laughing+sheep,0.6458333333333334
chainsaw+laughing+siren,0.8125
chainsaw+laughing+sneezing,0.8333333333333334
chainsaw+laughing+snoring,0.8958333333333334
chainsaw+laughing+thunderstorm,0.9166666666666666
chainsaw+laughing+toilet_flush,0.7708333333333334
chainsaw+laughing+train,0.7916666666666666
chainsaw+laughing+vacuum_cleaner,0.7083333333333334
chainsaw+laughing+washing_machine,0.7916666666666666
chainsaw+laughing+water_drops,0.8958333333333334
chainsaw+laughing+wind,0.8958333333333334
chainsaw+mouse_click+pig,0.7708333333333334
chainsaw+mouse_click+pouring_water,0.8541666666666666
chainsaw+mouse_click+rain,0.7083333333333334
chainsaw+mouse_click+rooster,1.0
chainsaw+mouse_click+sea_waves,0.7916666666666666
chainsaw+mouse_click+sheep,0.8958333333333334
chainsaw+mouse_click+siren,0.9375
chainsaw+mouse_click+sneezing,0.875
chainsaw+mouse_click+snoring,0.8541666666666666
chainsaw+mouse_click+thunderstorm,0.9375
chainsaw+mouse_click+toilet_flush,0.875
chainsaw+mouse_click+train,0.8333333333333334
chainsaw+mouse_click+vacuum_cleaner,0.7291666666666666
chainsaw+mouse_click+washing_machine,0.8541666666666666
chainsaw+mouse_click+water_drops,0.7291666666666666
chainsaw+mouse_click+wind,0.9375
chainsaw+pig+pouring_water,0.6666666666666666
chainsaw+pig+rain,0.6458333333333334
chainsaw+pig+rooster,0.7708333333333334
chainsaw+pig+sea_waves,0.7083333333333334
chainsaw+pig+sheep,0.6041666666666666
chainsaw+pig+siren,0.7708333333333334
chainsaw+pig+sneezing,0.7708333333333334
chainsaw+pig+snoring,0.7083333333333334
chainsaw+pig+thunderstorm,0.8125
chainsaw+pig+toilet_flush,0.7916666666666666
chainsaw+pig+train,0.7708333333333334
chainsaw+pig+vacuum_cleaner,0.6458333333333334
chainsaw+pig+washing_machine,0.6666666666666666
chainsaw+pig+water_drops,0.7916666666666666
chainsaw+pig+wind,0.8125
chainsaw+pouring_water+rain,0.7291666666666666
chainsaw+pouring_water+rooster,0.75
chainsaw+pouring_water+sea_waves,0.7708333333333334
chainsaw+pouring_water+sheep,0.7291666666666666
chainsaw+pouring_water+siren,0.875
chainsaw+pouring_water+sneezing,0.875
chainsaw+pouring_water+snoring,0.9166666666666666
chainsaw+pouring_water+thunderstorm,0.9583333333333334
chainsaw+pouring_water+toilet_flush,0.7708333333333334
chainsaw+pouring_water+train,0.8125
chainsaw+pouring_water+vacuum_cleaner,0.7083333333333334
chainsaw+pouring_water+washing_machine,0.7916666666666666
chainsaw+pouring_water+water_drops,0.8541666666666666
chainsaw+pouring_water+wind,0.9166666666666666
chainsaw+rain+rooster,0.7708333333333334
chainsaw+rain+sea_waves,0.5625
chainsaw+rain+sheep,0.6875
chainsaw+rain+siren,0.6875
chainsaw+rain+sneezing,0.7708333333333334
chainsaw+rain+snoring,0.7291666666666666
chainsaw+rain+thunderstorm,0.7291666666666666
chainsaw+rain+toilet_flush,0.6875
chainsaw+rain+train,0.5416666666666666
chainsaw+rain+vacuum_cleaner,0.5208333333333334
chainsaw+rain+washing_machine,0.5625
chainsaw+rain+water_drops,0.7291666666666666
chainsaw+rain+wind,0.6041666666666666
chainsaw+rooster+sea_waves,0.7916666666666666
chainsaw+rooster+sheep,0.9166666666666666
chainsaw+rooster+siren,0.9375
chainsaw+rooster+sneezing,0.8958333333333334
chainsaw+rooster+snoring,0.9791666666666666
chainsaw+rooster+thunderstorm,1.0
chainsaw+rooster+toilet_flush,0.8541666666666666
chainsaw+rooster+train,0.8541666666666666
chainsaw+rooster+vacuum_cleaner,0.7291666666666666
chainsaw+rooster+washing_machine,0.8541666666666666
chainsaw+rooster+water_drops,0.9791666666666666
chainsaw+rooster+wind,0.9583333333333334
chainsaw+sea_waves+sheep,0.7083333333333334
chainsaw+sea_waves+siren,0.7291666666666666
chainsaw+sea_waves+sneezing,0.7916666666666666
chainsaw+sea_waves+snoring,0.7708333333333334
chainsaw+sea_waves+thunderstorm,0.7708333333333334
chainsaw+sea_waves+toilet_flush,0.7291666666666666
chainsaw+sea_waves+train,0.7291666666666666
chainsaw+sea_waves+vacuum_cleaner,0.5416666666666666
chainsaw+sea_waves+washing_machine,0.625
chainsaw+sea_waves+water_drops,0.7916666666666666
chainsaw+sea_waves+wind,0.7708333333333334
chainsaw+sheep+siren,0.8125
chainsaw+sheep+sneezing,0.8541666666666666
chainsaw+sheep+snoring,0.875
chainsaw+sheep+thunderstorm,0.7916666666666666
chainsaw+sheep+toilet_flush,0.7916666666666666
chainsaw+sheep+train,0.7083333333333334
chainsaw+sheep+vacuum_cleaner,0.6875
chainsaw+sheep+washing_machine,0.75
chainsaw+sheep+water_drops,0.8958333333333334
chainsaw+sheep+wind,0.8541666666666666
chainsaw+siren+sneezing,0.9583333333333334
chainsaw+siren+snoring,0.9375
chainsaw+siren+thunderstorm,0.9375
chainsaw+siren+toilet_flush,0.8541666666666666
chainsaw+siren+train,0.6875
chainsaw+siren+vacuum_cleaner,0.7083333333333334
chainsaw+siren+washing_machine,0.8125
chainsaw+siren+water_drops,0.9166666666666666
chainsaw+siren+wind,0.8958333333333334
chainsaw+sneezing+snoring,0.9791666666666666
chainsaw+sneezing+thunderstorm,1.0
chainsaw+sneezing+toilet_flush,0.8541666666666666
chainsaw+sneezing+train,0.8541666666666666
chainsaw+sneezing+vacuum_cleaner,0.7291666666666666
chainsaw+sneezing+washing_machine,0.8541666666666666
chainsaw+sneezing+water_drops,0.875
chainsaw+sneezing+wind,0.9583333333333334
chainsaw+snoring+thunderstorm,0.9166666666666666
chainsaw+snoring+toilet_flush,0.8541666666666666
chainsaw+snoring+train,0.8125
chainsaw+snoring+vacuum_cleaner,0.7291666666666666
chainsaw+snoring+washing_machine,0.7708333333333334
chainsaw+snoring+water_drops,0.875
chainsaw+snoring+wind,0.9166666666666666
chainsaw+thunderstorm+toilet_flush,0.8958333333333334
chainsaw+thunderstorm+train,0.8333333333333334
chainsaw+thunderstorm+vacuum_cleaner,0.7291666666666666
chainsaw+thunderstorm+washing_machine,0.7708333333333334
chainsaw+thunderstorm+water_drops,0.9375
chainsaw+thunderstorm+wind,0.9375
chainsaw+toilet_flush+train,0.75
chainsaw+toilet_flush+vacuum_cleaner,0.6458333333333334
chainsaw+toilet_flush+washing_machine,0.7291666666666666
chainsaw+toilet_flush+water_drops,0.875
chainsaw+toilet_flush+wind,0.8541666666666666
chainsaw+train+vacuum_cleaner,0.625
chainsaw+train+washing_machine,0.6458333333333334
chainsaw+train+water_drops,0.8333333333333334
chainsaw+train+wind,0.6875
chainsaw+vacuum_cleaner+washing_machine,0.6458333333333334
chainsaw+vacuum_cleaner+water_drops,0.7291666666666666
chainsaw+vacuum_cleaner+wind,0.6666666666666666
chainsaw+washing_machine+water_drops,0.8541666666666666
chainsaw+washing_machine+wind,0.6875
chainsaw+water_drops+wind,0.9166666666666666
chirping_birds+church_bells+clapping,0.8333333333333334
chirping_birds+church_bells+clock_alarm,0.8541666666666666
chirping_birds+church_bells+clock_tick,0.9166666666666666
chirping_birds+church_bells+coughing,0.9375
chirping_birds+church_bells+cow,0.8125
chirping_birds+church_bells+crackling_fire,0.9583333333333334
chirping_birds+church_bells+crickets,0.8333333333333334
chirping_birds+church_bells+crow,0.9375
chirping_birds+church_bells+crying_baby,0.8333333333333334
chirping_birds+church_bells+dog,0.8333333333333334
chirping_birds+church_bells+door_wood_creaks,0.9166666666666666
chirping_birds+church_bells+door_wood_knock,0.9583333333333334
chirping_birds+church_bells+drinking_sipping,0.9166666666666666
chirping_birds+church_bells+engine,0.9583333333333334
chirping_birds+church_bells+fireworks,0.8541666666666666
chirping_birds+church_bells+footsteps,0.9166666666666666
chirping_birds+church_bells+frog,0.8333333333333334
chirping_birds+church_bells+glass_breaking,0.9375
chirping_birds+church_bells+hand_saw,0.9166666666666666
chirping_birds+church_bells+helicopter,0.875
chirping_birds+church_bells+hen,0.8541666666666666
chirping_birds+church_bells+insects,0.75
chirping_birds+church_bells+keyboard_typing,0.8333333333333334
chirping_birds+church_bells+laughing,0.7916666666666666
chirping_birds+church_bells+mouse_click,0.9166666666666666
chirping_birds+church_bells+pig,0.875
chirping_birds+church_bells+pouring_water,0.8541666666666666
chirping_birds+church_bells+rain,0.7291666666666666
chirping_birds+church_bells+rooster,0.9375
chirping_birds+church_bells+sea_waves,0.8333333333333334
chirping_birds+church_bells+sheep,0.7708333333333334
chirping_birds+church_bells+siren,0.7083333333333334
chirping_birds+church_bells+sneezing,0.9375
chirping_birds+church_bells+snoring,0.9375
chirping_birds+church_bells+thunderstorm,0.9375
chirping_birds+church_bells+toilet_flush,0.8958333333333334
chirping_birds+church_bells+train,0.9375
chirping_birds+church_bells+vacuum_cleaner,0.9375
chirping_birds+church_bells+washing_machine,0.8333333333333334
chirping_birds+church_bells+water_drops,0.9166666666666666
chirping_birds+church_bells+wind,0.8958333333333334
chirping_birds+clapping+clock_alarm,0.7916666666666666
chirping_birds+clapping+clock_tick,0.8541666666666666
chirping_birds+clapping+coughing,0.875
chirping_birds+clapping+cow,0.75
chirping_birds+clapping+crackling_fire,0.8958333333333334
chirping_birds+clapping+crickets,0.8125
chirping_birds+clapping+crow,0.7916666666666666
chirping_birds+clapping+crying_baby,0.7291666666666666
chirping_birds+clapping+dog,0.8541666666666666
chirping_birds+clapping+door_wood_creaks,0.8125
chirping_birds+clapping+door_wood_knock,0.8958333333333334
chirping_birds+clapping+drinking_sipping,0.8333333333333334
chirping_birds+clapping+engine,0.8541666666666666
chirping_birds+clapping+fireworks,0.8333333333333334
chirping_birds+clapping+footsteps,0.8541666666666666
chirping_birds+clapping+frog,0.75
chirping_birds+clapping+glass_breaking,0.8333333333333334
chirping_birds+clapping+hand_saw,0.7916666666666666
chirping_birds+clapping+helicopter,0.8958333333333334
chirping_birds+clapping+hen,0.7083333333333334
chirping_birds+clapping+insects,0.8125
chirping_birds+clapping+keyboard_typing,0.8125
chirping_birds+clapping+laughing,0.7083333333333334
chirping_birds+clapping+mouse_click,0.875
chirping_birds+clapping+pig,0.7083333333333334
chirping_birds+clapping+pouring_water,0.75
chirping_birds+clapping+rain,0.6875
chirping_birds+clapping+rooster,0.8541666666666666
chirping_birds+clapping+sea_waves,0.8125
chirping_birds+clapping+sheep,0.75
chirping_birds+clapping+siren,0.8333333333333334
chirping_birds+clapping+sneezing,0.8541666666666666
chirping_birds+clapping+snoring,0.8958333333333334
chirping_birds+clapping+thunderstorm,0.875
chirping_birds+clapping+toilet_flush,0.75
chirping_birds+clapping+train,0.8958333333333334
chirping_birds+clapping+vacuum_cleaner,0.8125
chirping_birds+clapping+washing_machine,0.7708333333333334
chirping_birds+clapping+water_drops,0.875
chirping_birds+clapping+wind,0.875
chirping_birds+clock_alarm+clock_tick,0.7916666666666666
chirping_birds+clock_alarm+coughing,0.8541666666666666
chirping_birds+clock_alarm+cow,0.8333333333333334
chirping_birds+clock_alarm+crackling_fire,0.8541666666666666
chirping_birds+clock_alarm+crickets,0.7708333333333334
chirping_birds+clock_alarm+crow,0.8333333333333334
chirping_birds+clock_alarm+crying_baby,0.7916666666666666
chirping_birds+clock_alarm+dog,0.8125
chirping_birds+clock_alarm+door_wood_creaks,0.7916666666666666
chirping_birds+clock_alarm+door_wood_knock,0.8958333333333334
chirping_birds+clock_alarm+drinking_sipping,0.875
chirping_birds+clock_alarm+engine,0.875
chirping_birds+clock_alarm+fireworks,0.8333333333333334
chirping_birds+clock_alarm+footsteps,0.8541666666666666
chirping_birds+clock_alarm+frog,0.7083333333333334
chirping_birds+clock_alarm+glass_breaking,0.8125
chirping_birds+clock_alarm+hand_saw,0.8125
chirping_birds+clock_alarm+helicopter,0.875
chirping_birds+clock_alarm+hen,0.7291666666666666
chirping_birds+clock_alarm+insects,0.7291666666666666
chirping_birds+clock_alarm+keyboard_typing,0.7083333333333334
chirping_birds+clock_alarm+laughing,0.7708333333333334
chirping_birds+clock_alarm+mouse_click,0.8541666666666666
chirping_birds+clock_alarm+pig,0.6666666666666666
chirping_birds+clock_alarm+pouring_water,0.7291666666666666
chirping_birds+clock_alarm+rain,0.7083333333333334
chirping_birds+clock_alarm+rooster,0.8541666666666666
chirping_birds+clock_alarm+sea_waves,0.8125
chirping_birds+clock_alarm+sheep,0.7708333333333334
chirping_birds+clock_alarm+siren,0.8333333333333334
chirping_birds+clock_alarm+sneezing,0.8541666666666666
chirping_birds+clock_alarm+snoring,0.8958333333333334
chirping_birds+clock_alarm+thunderstorm,0.875
chirping_birds+clock_alarm+toilet_flush,0.7708333333333334
chirping_birds+clock_alarm+train,0.875
chirping_birds+clock_alarm+vacuum_cleaner,0.8958333333333334
chirping_birds+clock_alarm+washing_machine,0.8125
chirping_birds+clock_alarm+water_drops,0.8333333333333334
chirping_birds+clock_alarm+wind,0.8541666666666666
chirping_birds+clock_tick+coughing,0.7291666666666666
chirping_birds+clock_tick+cow,0.8333333333333334
chirping_birds+clock_tick+crackling_fire,0.875
chirping_birds+clock_tick+crickets,0.8333333333333334
chirping_birds+clock_tick+crow,0.8125
chirping_birds+clock_tick+crying_baby,0.7083333333333334
chirping_birds+clock_tick+dog,0.7291666666666666
chirping_birds+clock_tick+door_wood_creaks,0.6875
chirping_birds+clock_tick+door_wood_knock,0.7708333333333334
chirping_birds+clock_tick+drinking_sipping,0.6875
chirping_birds+clock_tick+engine,0.9375
chirping_birds+clock_tick+fireworks,0.7291666666666666
chirping_birds+clock_tick+footsteps,0.7083333333333334
chirping_birds+clock_tick+frog,0.6666666666666666
chirping_birds+clock_tick+glass_breaking,0.8958333333333334
chirping_birds+clock_tick+hand_saw,0.8958333333333334
chirping_birds+clock_tick+helicopter,0.875
chirping_birds+clock_tick+hen,0.6041666666666666
chirping_birds+clock_tick+insects,0.5833333333333334
chirping_birds+clock_tick+keyboard_typing,0.5625
chirping_birds+clock_tick+laughing,0.5833333333333334
chirping_birds+clock_tick+mouse_click,0.6875
chirping_birds+clock_tick+pig,0.6875
chirping_birds+clock_tick+pouring_water,0.6666666666666666
chirping_birds+clock_tick+rain,0.75
chirping_birds+clock_tick+rooster,0.875
chirping_birds+clock_tick+sea_waves,0.8541666666666666
chirping_birds+clock_tick+sheep,0.75
chirping_birds+clock_tick+siren,0.8333333333333334
chirping_birds+clock_tick+sneezing,0.7708333333333334
chirping_birds+clock_tick+snoring,0.8333333333333334
chirping_birds+clock_tick+thunderstorm,0.8958333333333334
chirping_birds+clock_tick+toilet_flush,0.8333333333333334
chirping_birds+clock_tick+train,0.9375
chirping_birds+clock_tick+vacuum_cleaner,0.9583333333333334
chirping_birds+clock_tick+washing_machine,0.7916666666666666
chirping_birds+clock_tick+water_drops,0.6666666666666666
chirping_birds+clock_tick+wind,0.8958333333333334
chirping_birds+coughing+cow,0.8125
chirping_birds+coughing+crackling_fire,0.9166666666666666
chirping_birds+coughing+crickets,0.8333333333333334
chirping_birds+coughing+crow,0.875
chirping_birds+coughing+crying_baby,0.7916666666666666
chirping_birds+coughing+dog,0.8541666666666666
chirping_birds+coughing+door_wood_creaks,0.875
chirping_birds+coughing+door_wood_knock,0.8958333333333334
chirping_birds+coughing+drinking_sipping,0.6875
chirping_birds+coughing+engine,0.8958333333333334
chirping_birds+coughing+fireworks,0.8958333333333334
chirping_birds+coughing+footsteps,0.8541666666666666
chirping_birds+coughing+frog,0.7708333333333334
chirping_birds+coughing+glass_breaking,0.8541666666666666
chirping_birds+coughing+hand_saw,0.8541666666666666
chirping_birds+coughing+helicopter,0.9375
chirping_birds+coughing+hen,0.7916666666666666
chirping_birds+coughing+insects,0.7708333333333334
chirping_birds+coughing+keyboard_typing,0.7916666666666666
chirping_birds+coughing+laughing,0.7708333333333334
chirping_birds+coughing+mouse_click,0.8333333333333334
chirping_birds+coughing+pig,0.7916666666666666
chirping_birds+coughing+pouring_water,0.7083333333333334
chirping_birds+coughing+rain,0.7708333333333334
chirping_birds+coughing+rooster,0.8958333333333334
chirping_birds+coughing+sea_waves,0.875
chirping_birds+coughing+sheep,0.8541666666666666
chirping_birds+coughing+siren,0.8958333333333334
chirping_birds+coughing+sneezing,0.7291666666666666
chirping_birds+coughing+snoring,0.9375
chirping_birds+coughing+thunderstorm,0.9375
chirping_birds+coughing+toilet_flush,0.8541666666666666
chirping_birds+coughing+train,0.9375
chirping_birds+coughing+vacuum_cleaner,0.9583333333333334
chirping_birds+coughing+washing_machine,0.875
chirping_birds+coughing+water_drops,0.875
chirping_birds+coughing+wind,0.9166666666666666
chirping_birds+cow+crackling_fire,0.8958333333333334
chirping_birds+cow+crickets,0.8125
chirping_birds+cow+crow,0.8541666666666666
chirping_birds+cow+crying_baby,0.7708333333333334
chirping_birds+cow+dog,0.8125
chirping_birds+cow+door_wood_creaks,0.75
chirping_birds+cow+door_wood_knock,0.8541666666666666
chirping_birds+cow+drinking_sipping,0.8125
chirping_birds+cow+engine,0.8958333333333334
chirping_birds+cow+fireworks,0.8333333333333334
chirping_birds+cow+footsteps,0.8125
chirping_birds+cow+frog,0.7291666666666666
chirping_birds+cow+glass_breaking,0.8958333333333334
chirping_birds+cow+hand_saw,0.8541666666666666
chirping_birds+cow+helicopter,0.8541666666666666
chirping_birds+cow+hen,0.7083333333333334
chirping_birds+cow+insects,0.7291666666666666
chirping_birds+cow+keyboard_typing,0.7291666666666666
chirping_birds+cow+laughing,0.7083333333333334
chirping_birds+cow+mouse_click,0.875
chirping_birds+cow+pig,0.6875
chirping_birds+cow+pouring_water,0.7916666666666666
chirping_birds+cow+rain,0.7083333333333334
chirping_birds+cow+rooster,0.8333333333333334
chirping_birds+cow+sea_waves,0.8333333333333334
chirping_birds+cow+sheep,0.6875
chirping_birds+cow+siren,0.7083333333333334
chirping_birds+cow+sneezing,0.8541666666666666
chirping_birds+cow+snoring,0.8958333333333334
chirping_birds+cow+thunderstorm,0.8541666666666666
chirping_birds+cow+toilet_flush,0.7916666666666666
chirping_birds+cow+train,0.8958333333333334
chirping_birds+cow+vacuum_cleaner,0.8958333333333334
chirping_birds+cow+washing_machine,0.7708333333333334
chirping_birds+cow+water_drops,0.8541666666666666
chirping_birds+cow+wind,0.9166666666666666
chirping_birds+crackling_fire+crickets,0.8333333333333334
chirping_birds+crackling_fire+crow,0.8958333333333334
chirping_birds+crackling_fire+crying_baby,0.8333333333333334
chirping_birds+crackling_fire+dog,0.875
chirping_birds+crackling_fire+door_wood_creaks,0.9166666666666666
chirping_birds+crackling_fire+door_wood_knock,0.9375
chirping_birds+crackling_fire+drinking_sipping,0.8541666666666666
chirping_birds+crackling_fire+engine,0.9375
chirping_birds+crackling_fire+fireworks,0.8125
chirping_birds+crackling_fire+footsteps,0.8333333333333334
chirping_birds+crackling_fire+frog,0.7708333333333334
chirping_birds+crackling_fire+glass_breaking,0.8958333333333334
chirping_birds+crackling_fire+hand_saw,0.9166666666666666
chirping_birds+crackling_fire+helicopter,0.9583333333333334
chirping_birds+crackling_fire+hen,0.7916666666666666
chirping_birds+crackling_fire+insects,0.7083333333333334
chirping_birds+crackling_fire+keyboard_typing,0.8333333333333334
chirping_birds+crackling_fire+laughing,0.8333333333333334
chirping_birds+crackling_fire+mouse_click,0.6666666666666666
chirping_birds+crackling_fire+pig,0.7916666666666666
chirping_birds+crackling_fire+pouring_water,0.8125
chirping_birds+crackling_fire+rain,0.75
chirping_birds+crackling_fire+rooster,0.9375
chirping_birds+crackling_fire+sea_waves,0.875
chirping_birds+crackling_fire+sheep,0.8333333333333334
chirping_birds+crackling_fire+siren,0.875
chirping_birds+crackling_fire+sneezing,0.875
chirping_birds+crackling_fire+snoring,0.8125
chirping_birds+crackling_fire+thunderstorm,0.8333333333333334
chirping_birds+crackling_fire+toilet_flush,0.875
chirping_birds+crackling_fire+train,0.9583333333333334
chirping_birds+crackling_fire+vacuum_cleaner,0.9583333333333334
chirping_birds+crackling_fire+washing_machine,0.8958333333333334
chirping_birds+crackling_fire+water_drops,0.6666666666666666
chirping_birds+crackling_fire+wind,0.9166666666666666
chirping_birds+crickets+crow,0.8125
chirping_birds+crickets+crying_baby,0.75
chirping_birds+crickets+dog,0.7916666666666666
chirping_birds+crickets+door_wood_creaks,0.8125
chirping_birds+crickets+door_wood_knock,0.8541666666666666
chirping_birds+crickets+drinking_sipping,0.7916666666666666
chirping_birds+crickets+engine,0.8125
chirping_birds+crickets+fireworks,0.8125
chirping_birds+crickets+footsteps,0.8333333333333334
chirping_birds+crickets+frog,0.7291666666666666
chirping_birds+crickets+glass_breaking,0.8333333333333334
chirping_birds+crickets+hand_saw,0.8125
chirping_birds+crickets+helicopter,0.7291666666666666
chirping_birds+crickets+hen,0.7083333333333334
chirping_birds+crickets+insects,0.7291666666666666
chirping_birds+crickets+keyboard_typing,0.75
chirping_birds+crickets+laughing,0.7708333333333334
chirping_birds+crickets+mouse_click,0.8333333333333334
chirping_birds+crickets+pig,0.7916666666666666
chirping_birds+crickets+pouring_water,0.75
chirping_birds+crickets+rain,0.6666666666666666
chirping_birds+crickets+rooster,0.8333333333333334
chirping_birds+crickets+sea_waves,0.7708333333333334
chirping_birds+crickets+sheep,0.75
chirping_birds+crickets+siren,0.7708333333333334
chirping_birds+crickets+sneezing,0.8333333333333334
chirping_birds+crickets+snoring,0.8541666666666666
chirping_birds+crickets+thunderstorm,0.8333333333333334
chirping_birds+crickets+toilet_flush,0.7708333333333334
chirping_birds+crickets+train,0.8125
chirping_birds+crickets+vacuum_cleaner,0.8541666666666666
chirping_birds+crickets+washing_machine,0.7291666666666666
chirping_birds+crickets+water_drops,0.7916666666666666
chirping_birds+crickets+wind,0.8125
chirping_birds+crow+crying_baby,0.7708333333333334
chirping_birds+crow+dog,0.8333333333333334
chirping_birds+crow+door_wood_creaks,0.75
chirping_birds+crow+door_wood_knock,0.8958333333333334
chirping_birds+crow+drinking_sipping,0.875
chirping_birds+crow+engine,0.875
chirping_birds+crow+fireworks,0.8333333333333334
chirping_birds+crow+footsteps,0.8541666666666666
chirping_birds+crow+frog,0.7291666666666666
chirping_birds+crow+glass_breaking,0.9166666666666666
chirping_birds+crow+hand_saw,0.8125
chirping_birds+crow+helicopter,0.9166666666666666
chirping_birds+crow+hen,0.7916666666666666
chirping_birds+crow+insects,0.7708333333333334
chirping_birds+crow+keyboard_typing,0.7916666666666666
chirping_birds+crow+laughing,0.75
chirping_birds+crow+mouse_click,0.8333333333333334
chirping_birds+crow+pig,0.7291666666666666
chirping_birds+crow+pouring_water,0.7708333333333334
chirping_birds+crow+rain,0.75
chirping_birds+crow+rooster,0.7916666666666666
chirping_birds+crow+sea_waves,0.875
chirping_birds+crow+sheep,0.8125
chirping_birds+crow+siren,0.8125
chirping_birds+crow+sneezing,0.8958333333333334
chirping_birds+crow+snoring,0.9166666666666666
chirping_birds+crow+thunderstorm,0.8958333333333334
chirping_birds+crow+toilet_flush,0.7916666666666666
chirping_birds+crow+train,0.9375
chirping_birds+crow+vacuum_cleaner,0.8958333333333334
chirping_birds+crow+washing_machine,0.8125
chirping_birds+crow+water_drops,0.8541666666666666
chirping_birds+crow+wind,0.9166666666666666
chirping_birds+crying_baby+dog,0.75
chirping_birds+crying_baby+door_wood_creaks,0.7291666666666666
chirping_birds+crying_baby+door_wood_knock,0.875
chirping_birds+crying_baby+drinking_sipping,0.75
chirping_birds+crying_baby+engine,0.8541666666666666
chirping_birds+crying_baby+fireworks,0.75
chirping_birds+crying_baby+footsteps,0.75
chirping_birds+crying_baby+frog,0.7083333333333334
chirping_birds+crying_baby+glass_breaking,0.8125
chirping_birds+crying_baby+hand_saw,0.7916666666666666
chirping_birds+crying_baby+helicopter,0.8541666666666666
chirping_birds+crying_baby+hen,0.6666666666666666
chirping_birds+crying_baby+insects,0.7083333333333334
chirping_birds+crying_baby+keyboard_typing,0.7291666666666666
chirping_birds+crying_baby+laughing,0.6041666666666666
chirping_birds+crying_baby+mouse_click,0.8333333333333334
chirping_birds+crying_baby+pig,0.7291666666666666
chirping_birds+crying_baby+pouring_water,0.6458333333333334
chirping_birds+crying_baby+rain,0.6875
chirping_birds+crying_baby+rooster,0.7916666666666666
chirping_birds+crying_baby+sea_waves,0.8333333333333334
chirping_birds+crying_baby+sheep,0.6875
chirping_birds+crying_baby+siren,0.7916666666666666
chirping_birds+crying_baby+sneezing,0.8333333333333334
chirping_birds+crying_baby+snoring,0.8333333333333334
chirping_birds+crying_baby+thunderstorm,0.8333333333333334
chirping_birds+crying_baby+toilet_flush,0.8333333333333334
chirping_birds+crying_baby+train,0.8333333333333334
chirping_birds+crying_baby+vacuum_cleaner,0.875
chirping_birds+crying_baby+washing_machine,0.7916666666666666
chirping_birds+crying_baby+water_drops,0.8125
chirping_birds+crying_baby+wind,0.8333333333333334
chirping_birds+dog+door_wood_creaks,0.7291666666666666
chirping_birds+dog+door_wood_knock,0.8541666666666666
chirping_birds+dog+drinking_sipping,0.7708333333333334
chirping_birds+dog+engine,0.875
chirping_birds+dog+fireworks,0.8333333333333334
chirping_birds+dog+footsteps,0.8541666666666666
chirping_birds+dog+frog,0.6875
chirping_birds+dog+glass_breaking,0.9166666666666666
chirping_birds+dog+hand_saw,0.9166666666666666
chirping_birds+dog+helicopter,0.875
chirping_birds+dog+hen,0.7291666666666666
chirping_birds+dog+insects,0.7708333333333334
chirping_birds+dog+keyboard_typing,0.75
chirping_birds+dog+laughing,0.5416666666666666
chirping_birds+dog+mouse_click,0.8958333333333334
chirping_birds+dog+pig,0.75
chirping_birds+dog+pouring_water,0.7708333333333334
chirping_birds+dog+rain,0.7083333333333334
chirping_birds+dog+rooster,0.8333333333333334
chirping_birds+dog+sea_waves,0.8333333333333334
chirping_birds+dog+sheep,0.7708333333333334
chirping_birds+dog+siren,0.8125
chirping_birds+dog+sneezing,0.875
chirping_birds+dog+snoring,0.9166666666666666
chirping_birds+dog+thunderstorm,0.8958333333333334
chirping_birds+dog+toilet_flush,0.8333333333333334
chirping_birds+dog+train,0.8958333333333334
chirping_birds+dog+vacuum_cleaner,0.8541666666666666
chirping_birds+dog+washing_machine,0.7916666666666666
chirping_birds+dog+water_drops,0.7916666666666666
chirping_birds+dog+wind,0.875
chirping_birds+door_wood_creaks+door_wood_knock,0.7916666666666666
chirping_birds+door_wood_creaks+drinking_sipping,0.7916666666666666
chirping_birds+door_wood_creaks+engine,0.8333333333333334
chirping_birds+door_wood_creaks+fireworks,0.7291666666666666
chirping_birds+door_wood_creaks+footsteps,0.7291666666666666
chirping_birds+door_wood_creaks+frog,0.6458333333333334
chirping_birds+door_wood_creaks+glass_breaking,0.75
chirping_birds+door_wood_creaks+hand_saw,0.75
chirping_birds+door_wood_creaks+helicopter,0.8333333333333334
chirping_birds+door_wood_creaks+hen,0.7291666666666666
chirping_birds+door_wood_creaks+insects,0.6666666666666666
chirping_birds+door_wood_creaks+keyboard_typing,0.6875
chirping_birds+door_wood_creaks+laughing,0.6458333333333334
chirping_birds+door_wood_creaks+mouse_click,0.8333333333333334
chirping_birds+door_wood_creaks+pig,0.6666666666666666
chirping_birds+door_wood_creaks+pouring_water,0.7291666666666666
chirping_birds+door_wood_creaks+rain,0.6666666666666666
chirping_birds+door_wood_creaks+rooster,0.9166666666666666
chirping_birds+door_wood_creaks+sea_waves,0.7916666666666666
chirping_birds+door_wood_creaks+sheep,0.6875
chirping_birds+door_wood_creaks+siren,0.7916666666666666
chirping_birds+door_wood_creaks+sneezing,0.8958333333333334
chirping_birds+door_wood_creaks+snoring,0.8333333333333334
chirping_birds+door_wood_creaks+thunderstorm,0.8333333333333334
chirping_birds+door_wood_creaks+toilet_flush,0.7291666666666666
chirping_birds+door_wood_creaks+train,0.8541666666666666
chirping_birds+door_wood_creaks+vacuum_cleaner,0.8958333333333334
chirping_birds+door_wood_creaks+washing_machine,0.7708333333333334
chirping_birds+door_wood_creaks+water_drops,0.8125
chirping_birds+door_wood_creaks+wind,0.8333333333333334
chirping_birds+door_wood_knock+drinking_sipping,0.7916666666666666
chirping_birds+door_wood_knock+engine,0.9375
chirping_birds+door_wood_knock+fireworks,0.8125
chirping_birds+door_wood_knock+footsteps,0.8333333333333334
chirping_birds+door_wood_knock+frog,0.75
chirping_birds+door_wood_knock+glass_breaking,0.9583333333333334
chirping_birds+door_wood_knock+hand_saw,0.8958333333333334
chirping_birds+door_wood_knock+helicopter,0.9583333333333334
chirping_birds+door_wood_knock+hen,0.8125
chirping_birds+door_wood_knock+insects,0.7916666666666666
chirping_birds+door_wood_knock+keyboard_typing,0.7916666666666666
chirping_birds+door_wood_knock+laughing,0.8541666666666666
chirping_birds+door_wood_knock+mouse_click,0.8333333333333334
chirping_birds+door_wood_knock+pig,0.75
chirping_birds+door_wood_knock+pouring_water,0.8333333333333334
chirping_birds+door_wood_knock+rain,0.7916666666666666
chirping_birds+door_wood_knock+rooster,0.9375
chirping_birds+door_wood_knock+sea_waves,0.875
chirping_birds+door_wood_knock+sheep,0.8541666666666666
chirping_birds+door_wood_knock+siren,0.8958333333333334
chirping_birds+door_wood_knock+sneezing,0.9583333333333334
chirping_birds+door_wood_knock+snoring,0.8333333333333334
chirping_birds+door_wood_knock+thunderstorm,0.9375
chirping_birds+door_wood_knock+toilet_flush,0.8541666666666666
chirping_birds+door_wood_knock+train,0.9583333333333334
chirping_birds+door_wood_knock+vacuum_cleaner,0.9375
chirping_birds+door_wood_knock+washing_machine,0.8333333333333334
chirping_birds+door_wood_knock+water_drops,0.8541666666666666
chirping_birds+door_wood_knock+wind,0.9375
chirping_birds+drinking_sipping+engine,0.9375
chirping_birds+drinking_sipping+fireworks,0.6666666666666666
chirping_birds+drinking_sipping+footsteps,0.7916666666666666
chirping_birds+drinking_sipping+frog,0.7083333333333334
chirping_birds+drinking_sipping+glass_breaking,0.9166666666666666
chirping_birds+drinking_sipping+hand_saw,0.8958333333333334
chirping_birds+drinking_sipping+helicopter,0.9166666666666666
chirping_birds+drinking_sipping+hen,0.7291666666666666
chirping_birds+drinking_sipping+insects,0.7083333333333334
chirping_birds+drinking_sipping+keyboard_typing,0.6458333333333334
chirping_birds+drinking_sipping+laughing,0.625
chirping_birds+drinking_sipping+mouse_click,0.7916666666666666
chirping_birds+drinking_sipping+pig,0.75
chirping_birds+drinking_sipping+pouring_water,0.7291666666666666
chirping_birds+drinking_sipping+rain,0.7708333333333334
chirping_birds+drinking_sipping+rooster,0.8125
chirping_birds+drinking_sipping+sea_waves,0.875
chirping_birds+drinking_sipping+sheep,0.7916666666666666
chirping_birds+drinking_sipping+siren,0.8125
chirping_birds+drinking_sipping+sneezing,0.8125
chirping_birds+drinking_sipping+snoring,0.8333333333333334
chirping_birds+drinking_sipping+thunderstorm,0.9375
chirping_birds+drinking_sipping+toilet_flush,0.8541666666666666
chirping_birds+drinking_sipping+train,0.9375
chirping_birds+drinking_sipping+vacuum_cleaner,0.9375
chirping_birds+drinking_sipping+washing_machine,0.8125
chirping_birds+drinking_sipping+water_drops,0.7083333333333334
chirping_birds+drinking_sipping+wind,0.8958333333333334
chirping_birds+engine+fireworks,0.875
chirping_birds+engine+footsteps,0.9375
chirping_birds+engine+frog,0.8125
chirping_birds+engine+glass_breaking,0.9375
chirping_birds+engine+hand_saw,0.875
chirping_birds+engine+helicopter,0.7708333333333334
chirping_birds+engine+hen,0.8541666666666666
chirping_birds+engine+insects,0.7916666666666666
chirping_birds+engine+keyboard_typing,0.875
chirping_birds+engine+laughing,0.875
chirping_birds+engine+mouse_click,0.9166666666666666
chirping_birds+engine+pig,0.8958333333333334
chirping_birds+engine+pouring_water,0.8541666666666666
chirping_birds+engine+rain,0.6875
chirping_birds+engine+rooster,0.9375
chirping_birds+engine+sea_waves,0.7916666666666666
chirping_birds+engine+sheep,0.8333333333333334
chirping_birds+engine+siren,0.8958333333333334
chirping_birds+engine+sneezing,0.9375
chirping_birds+engine+snoring,0.9375
chirping_birds+engine+thunderstorm,0.9583333333333334
chirping_birds+engine+toilet_flush,0.8333333333333334
chirping_birds+engine+train,0.8958333333333334
chirping_birds+engine+vacuum_cleaner,0.8541666666666666
chirping_birds+engine+washing_machine,0.8125
chirping_birds+engine+water_drops,0.8958333333333334
chirping_birds+engine+wind,0.8125
chirping_birds+fireworks+footsteps,0.6041666666666666
chirping_birds+fireworks+frog,0.6666666666666666
chirping_birds+fireworks+glass_breaking,0.8958333333333334
chirping_birds+fireworks+hand_saw,0.875
chirping_birds+fireworks+helicopter,0.8958333333333334
chirping_birds+fireworks+hen,0.7708333333333334
chirping_birds+fireworks+insects,0.75
chirping_birds+fireworks+keyboard_typing,0.7291666666666666
chirping_birds+fireworks+laughing,0.6875
chirping_birds+fireworks+mouse_click,0.8125
chirping_birds+fireworks+pig,0.7916666666666666
chirping_birds+fireworks+pouring_water,0.7916666666666666
chirping_birds+fireworks+rain,0.7291666666666666
chirping_birds+fireworks+rooster,0.9166666666666666
chirping_birds+fireworks+sea_waves,0.8333333333333334
chirping_birds+fireworks+sheep,0.6666666666666666
chirping_birds+fireworks+siren,0.8333333333333334
chirping_birds+fireworks+sneezing,0.8958333333333334
chirping_birds+fireworks+snoring,0.8958333333333334
chirping_birds+fireworks+thunderstorm,0.9166666666666666
chirping_birds+fireworks+toilet_flush,0.8125
chirping_birds+fireworks+train,0.8958333333333334
chirping_birds+fireworks+vacuum_cleaner,0.9166666666666666
chirping_birds+fireworks+washing_machine,0.8125
chirping_birds+fireworks+water_drops,0.8125
chirping_birds+fireworks+wind,0.8958333333333334
chirping_birds+footsteps+frog,0.6875
chirping_birds+footsteps+glass_breaking,0.9375
chirping_birds+footsteps+hand_saw,0.875
chirping_birds+footsteps+helicopter,0.8958333333333334
chirping_birds+footsteps+hen,0.7291666666666666
chirping_birds+footsteps+insects,0.6875
chirping_birds+footsteps+keyboard_typing,0.6666666666666666
chirping_birds+footsteps+laughing,0.6875
chirping_birds+footsteps+mouse_click,0.7916666666666666
chirping_birds+footsteps+pig,0.7291666666666666
chirping_birds+footsteps+pouring_water,0.7291666666666666
chirping_birds+footsteps+rain,0.7708333333333334
chirping_birds+footsteps+rooster,0.9166666666666666
chirping_birds+footsteps+sea_waves,0.8541666666666666
chirping_birds+footsteps+sheep,0.7708333333333334
chirping_birds+footsteps+siren,0.875
chirping_birds+footsteps+sneezing,0.9166666666666666
chirping_birds+footsteps+snoring,0.7916666666666666
chirping_birds+footsteps+thunderstorm,0.8541666666666666
chirping_birds+footsteps+toilet_flush,0.8333333333333334
chirping_birds+footsteps+train,0.9375
chirping_birds+footsteps+vacuum_cleaner,0.9375
chirping_birds+footsteps+washing_machine,0.8125
chirping_birds+footsteps+water_drops,0.8541666666666666
chirping_birds+footsteps+wind,0.9166666666666666
chirping_birds+frog+glass_breaking,0.7916666666666666
chirping_birds+frog+hand_saw,0.75
chirping_birds+frog+helicopter,0.8333333333333334
chirping_birds+frog+hen,0.6666666666666666
chirping_birds+frog+insects,0.6458333333333334
chirping_birds+frog+keyboard_typing,0.625
chirping_birds+frog+laughing,0.6458333333333334
chirping_birds+frog+mouse_click,0.6875
chirping_birds+frog+pig,0.7291666666666666
chirping_birds+frog+pouring_water,0.75
chirping_birds+frog+rain,0.6875
chirping_birds+frog+rooster,0.7916666666666666
chirping_birds+frog+sea_waves,0.7708333333333334
chirping_birds+frog+sheep,0.6041666666666666
chirping_birds+frog+siren,0.7708333333333334
chirping_birds+frog+sneezing,0.7916666666666666
chirping_birds+frog+snoring,0.7291666666666666
chirping_birds+frog+thunderstorm,0.75
chirping_birds+frog+toilet_flush,0.7916666666666666
chirping_birds+frog+train,0.8541666666666666
chirping_birds+frog+vacuum_cleaner,0.7916666666666666
chirping_birds+frog+washing_machine,0.7291666666666666
chirping_birds+frog+water_drops,0.7083333333333334
chirping_birds+frog+wind,0.8333333333333334
chirping_birds+glass_breaking+hand_saw,0.875
chirping_birds+glass_breaking+helicopter,0.9375
chirping_birds+glass_breaking+hen,0.8333333333333334
chirping_birds+glass_breaking+insects,0.7708333333333334
chirping_birds+glass_breaking+keyboard_typing,0.7916666666666666
chirping_birds+glass_breaking+laughing,0.8333333333333334
chirping_birds+glass_breaking+mouse_click,0.7708333333333334
chirping_birds+glass_breaking+pig,0.7916666666666666
chirping_birds+glass_breaking+pouring_water,0.7916666666666666
chirping_birds+glass_breaking+rain,0.7708333333333334
chirping_birds+glass_breaking+rooster,0.9166666666666666
chirping_birds+glass_breaking+sea_waves,0.875
chirping_birds+glass_breaking+sheep,0.8541666666666666
chirping_birds+glass_breaking+siren,0.8958333333333334
chirping_birds+glass_breaking+sneezing,0.7916666666666666
chirping_birds+glass_breaking+snoring,0.9583333333333334
chirping_birds+glass_breaking+thunderstorm,0.9375
chirping_birds+glass_breaking+toilet_flush,0.8541666666666666
chirping_birds+glass_breaking+train,0.9375
chirping_birds+glass_breaking+vacuum_cleaner,0.9375
chirping_birds+glass_breaking+washing_machine,0.875
chirping_birds+glass_breaking+water_drops,0.8125
chirping_birds+glass_breaking+wind,0.9166666666666666
chirping_birds+hand_saw+helicopter,0.9166666666666666
chirping_birds+hand_saw+hen,0.8125
chirping_birds+hand_saw+insects,0.8333333333333334
chirping_birds+hand_saw+keyboard_typing,0.8333333333333334
chirping_birds+hand_saw+laughing,0.7708333333333334
chirping_birds+hand_saw+mouse_click,0.9166666666666666
chirping_birds+hand_saw+pig,0.7083333333333334
chirping_birds+hand_saw+pouring_water,0.7708333333333334
chirping_birds+hand_saw+rain,0.7083333333333334
chirping_birds+hand_saw+rooster,0.875
chirping_birds+hand_saw+sea_waves,0.8125
chirping_birds+hand_saw+sheep,0.8333333333333334
chirping_birds+hand_saw+siren,0.8541666666666666
chirping_birds+hand_saw+sneezing,0.8958333333333334
chirping_birds+hand_saw+snoring,0.9375
chirping_birds+hand_saw+thunderstorm,0.9166666666666666
chirping_birds+hand_saw+toilet_flush,0.7291666666666666
chirping_birds+hand_saw+train,0.9166666666666666
chirping_birds+hand_saw+vacuum_cleaner,0.8541666666666666
chirping_birds+hand_saw+washing_machine,0.8125
chirping_birds+hand_saw+water_drops,0.8958333333333334
chirping_birds+hand_saw+wind,0.8958333333333334
chirping_birds+helicopter+hen,0.8125
chirping_birds+helicopter+insects,0.75
chirping_birds+helicopter+keyboard_typing,0.875
chirping_birds+helicopter+laughing,0.8541666666666666
chirping_birds+helicopter+mouse_click,0.8333333333333334
chirping_birds+helicopter+pig,0.8333333333333334
chirping_birds+helicopter+pouring_water,0.8541666666666666
chirping_birds+helicopter+rain,0.7291666666666666
chirping_birds+helicopter+rooster,0.9166666666666666
chirping_birds+helicopter+sea_waves,0.8333333333333334
chirping_birds+helicopter+sheep,0.8541666666666666
chirping_birds+helicopter+siren,0.8333333333333334
chirping_birds+helicopter+sneezing,0.9375
chirping_birds+helicopter+snoring,0.9583333333333334
chirping_birds+helicopter+thunderstorm,0.8333333333333334
chirping_birds+helicopter+toilet_flush,0.8958333333333334
chirping_birds+helicopter+train,0.8125
chirping_birds+helicopter+vacuum_cleaner,0.9166666666666666
chirping_birds+helicopter+washing_machine,0.6875
chirping_birds+helicopter+water_drops,0.9375
chirping_birds+helicopter+wind,0.6666666666666666
chirping_birds+hen+insects,0.6666666666666666
chirping_birds+hen+keyboard_typing,0.6875
chirping_birds+hen+laughing,0.5625
chirping_birds+hen+mouse_click,0.8125
chirping_birds+hen+pig,0.6458333333333334
chirping_birds+hen+pouring_water,0.6666666666666666
chirping_birds+hen+rain,0.625
chirping_birds+hen+rooster,0.7708333333333334
chirping_birds+hen+sea_waves,0.7916666666666666
chirping_birds+hen+sheep,0.6875
chirping_birds+hen+siren,0.7708333333333334
chirping_birds+hen+sneezing,0.7708333333333334
chirping_birds+hen+snoring,0.8333333333333334
chirping_birds+hen+thunderstorm,0.8333333333333334
chirping_birds+hen+toilet_flush,0.7708333333333334
chirping_birds+hen+train,0.8333333333333334
chirping_birds+hen+vacuum_cleaner,0.8333333333333334
chirping_birds+hen+washing_machine,0.7291666666666666
chirping_birds+hen+water_drops,0.7708333333333334
chirping_birds+hen+wind,0.8333333333333334
chirping_birds+insects+keyboard_typing,0.6666666666666666
chirping_birds+insects+laughing,0.75
chirping_birds+insects+mouse_click,0.6666666666666666
chirping_birds+insects+pig,0.6875
chirping_birds+insects+pouring_water,0.7291666666666666
chirping_birds+insects+rain,0.5416666666666666
chirping_birds+insects+rooster,0.7916666666666666
chirping_birds+insects+sea_waves,0.7708333333333334
chirping_birds+insects+sheep,0.7916666666666666
chirping_birds+insects+siren,0.7916666666666666
chirping_birds+insects+sneezing,0.7708333333333334
chirping_birds+insects+snoring,0.7708333333333334
chirping_birds+insects+thunderstorm,0.7708333333333334
chirping_birds+insects+toilet_flush,0.8125
chirping_birds+insects+train,0.7708333333333334
chirping_birds+insects+vacuum_cleaner,0.8125
chirping_birds+insects+washing_machine,0.6041666666666666
chirping_birds+insects+water_drops,0.7291666666666666
chirping_birds+insects+wind,0.7708333333333334
chirping_birds+keyboard_typing+laughing,0.5625
chirping_birds+keyboard_typing+mouse_click,0.75
chirping_birds+keyboard_typing+pig,0.7083333333333334
chirping_birds+keyboard_typing+pouring_water,0.625
chirping_birds+keyboard_typing+rain,0.6666666666666666
chirping_birds+keyboard_typing+rooster,0.7916666666666666
chirping_birds+keyboard_typing+sea_waves,0.8333333333333334
chirping_birds+keyboard_typing+sheep,0.7291666666666666
chirping_birds+keyboard_typing+siren,0.7916666666666666
chirping_birds+keyboard_typing+sneezing,0.7708333333333334
chirping_birds+keyboard_typing+snoring,0.7708333333333334
chirping_birds+keyboard_typing+thunderstorm,0.8541666666666666
chirping_birds+keyboard_typing+toilet_flush,0.8125
chirping_birds+keyboard_typing+train,0.8541666666666666
chirping_birds+keyboard_typing+vacuum_cleaner,0.8958333333333334
chirping_birds+keyboard_typing+washing_machine,0.7916666666666666
chirping_birds+keyboard_typing+water_drops,0.7708333333333334
chirping_birds+keyboard_typing+wind,0.8333333333333334
chirping_birds+laughing+mouse_click,0.7916666666666666
chirping_birds+laughing+pig,0.7708333333333334
chirping_birds+laughing+pouring_water,0.6666666666666666
chirping_birds+laughing+rain,0.6666666666666666
chirping_birds+laughing+rooster,0.6458333333333334
chirping_birds+laughing+sea_waves,0.7708333333333334
chirping_birds+laughing+sheep,0.625
chirping_birds+laughing+siren,0.7291666666666666
chirping_birds+laughing+sneezing,0.75
chirping_birds+laughing+snoring,0.8333333333333334
chirping_birds+laughing+thunderstorm,0.8541666666666666
chirping_birds+laughing+toilet_flush,0.7708333333333334
chirping_birds+laughing+train,0.8333333333333334
chirping_birds+laughing+vacuum_cleaner,0.8333333333333334
chirping_birds+laughing+washing_machine,0.7708333333333334
chirping_birds+laughing+water_drops,0.7916666666666666
chirping_birds+laughing+wind,0.875
chirping_birds+mouse_click+pig,0.7916666666666666
chirping_birds+mouse_click+pouring_water,0.7708333333333334
chirping_birds+mouse_click+rain,0.75
chirping_birds+mouse_click+rooster,0.9583333333333334
chirping_birds+mouse_click+sea_waves,0.875
chirping_birds+mouse_click+sheep,0.8333333333333334
chirping_birds+mouse_click+siren,0.875
chirping_birds+mouse_click+sneezing,0.8333333333333334
chirping_birds+mouse_click+snoring,0.8333333333333334
chirping_birds+mouse_click+thunderstorm,0.875
chirping_birds+mouse_click+toilet_flush,0.8541666666666666
chirping_birds+mouse_click+train,0.9166666666666666
chirping_birds+mouse_click+vacuum_cleaner,0.9583333333333334
chirping_birds+mouse_click+washing_machine,0.875
chirping_birds+mouse_click+water_drops,0.6875
chirping_birds+mouse_click+wind,0.8958333333333334
chirping_birds+pig+pouring_water,0.6666666666666666
chirping_birds+pig+rain,0.6666666666666666
chirping_birds+pig+rooster,0.7916666666666666
chirping_birds+pig+sea_waves,0.8333333333333334
chirping_birds+pig+sheep,0.625
chirping_birds+pig+siren,0.7916666666666666
chirping_birds+pig+sneezing,0.7916666666666666
chirping_birds+pig+snoring,0.75
chirping_birds+pig+thunderstorm,0.8333333333333334
chirping_birds+pig+toilet_flush,0.8541666666666666
chirping_birds+pig+train,0.8541666666666666
chirping_birds+pig+vacuum_cleaner,0.8333333333333334
chirping_birds+pig+washing_machine,0.75
chirping_birds+pig+water_drops,0.7916666666666666
chirping_birds+pig+wind,0.8958333333333334
chirping_birds+pouring_water+rain,0.6875
chirping_birds+pouring_water+rooster,0.6875
chirping_birds+pouring_water+sea_waves,0.8333333333333334
chirping_birds+pouring_water+sheep,0.7083333333333334
chirping_birds+pouring_water+siren,0.8125
chirping_birds+pouring_water+sneezing,0.7916666666666666
chirping_birds+pouring_water+snoring,0.8541666666666666
chirping_birds+pouring_water+thunderstorm,0.8541666666666666
chirping_birds+pouring_water+toilet_flush,0.75
chirping_birds+pouring_water+train,0.8541666666666666
chirping_birds+pouring_water+vacuum_cleaner,0.875
chirping_birds+pouring_water+washing_machine,0.7708333333333334
chirping_birds+pouring_water+water_drops,0.75
chirping_birds+pouring_water+wind,0.8333333333333334
chirping_birds+rain+rooster,0.7708333333333334
chirping_birds+rain+sea_waves,0.6041666666666666
chirping_birds+rain+sheep,0.625
chirping_birds+rain+siren,0.6666666666666666
chirping_birds+rain+sneezing,0.7708333333333334
chirping_birds+rain+snoring,0.75
chirping_birds+rain+thunderstorm,0.7708333333333334
chirping_birds+rain+toilet_flush,0.6666666666666666
chirping_birds+rain+train,0.6666666666666666
chirping_birds+rain+vacuum_cleaner,0.6666666666666666
chirping_birds+rain+washing_machine,0.5833333333333334
chirping_birds+rain+water_drops,0.75
chirping_birds+rain+wind,0.6458333333333334
chirping_birds+rooster+sea_waves,0.875
chirping_birds+rooster+sheep,0.8541666666666666
chirping_birds+rooster+siren,0.875
chirping_birds+rooster+sneezing,0.8541666666666666
chirping_birds+rooster+snoring,0.9583333333333334
chirping_birds+rooster+thunderstorm,0.9375
chirping_birds+rooster+toilet_flush,0.8541666666666666
chirping_birds+rooster+train,0.9375
chirping_birds+rooster+vacuum_cleaner,0.9583333333333334
chirping_birds+rooster+washing_machine,0.875
chirping_birds+rooster+water_drops,0.9166666666666666
chirping_birds+rooster+wind,0.9166666666666666
chirping_birds+sea_waves+sheep,0.8125
chirping_birds+sea_waves+siren,0.8125
chirping_birds+sea_waves+sneezing,0.875
chirping_birds+sea_waves+snoring,0.8958333333333334
chirping_birds+sea_waves+thunderstorm,0.875
chirping_birds+sea_waves+toilet_flush,0.8333333333333334
chirping_birds+sea_waves+train,0.8541666666666666
chirping_birds+sea_waves+vacuum_cleaner,0.7291666666666666
chirping_birds+sea_waves+washing_machine,0.75
chirping_birds+sea_waves+water_drops,0.8541666666666666
chirping_birds+sea_waves+wind,0.8541666666666666
chirping_birds+sheep+siren,0.7708333333333334
chirping_birds+sheep+sneezing,0.7916666666666666
chirping_birds+sheep+snoring,0.8333333333333334
chirping_birds+sheep+thunderstorm,0.75
chirping_birds+sheep+toilet_flush,0.8125
chirping_birds+sheep+train,0.7916666666666666
chirping_birds+sheep+vacuum_cleaner,0.8333333333333334
chirping_birds+sheep+washing_machine,0.75
chirping_birds+sheep+water_drops,0.8333333333333334
chirping_birds+sheep+wind,0.8541666666666666
chirping_birds+siren+sneezing,0.8958333333333334
chirping_birds+siren+snoring,0.8541666666666666
chirping_birds+siren+thunderstorm,0.8541666666666666
chirping_birds+siren+toilet_flush,0.8541666666666666
chirping_birds+siren+train,0.7708333333333334
chirping_birds+siren+vacuum_cleaner,0.875
chirping_birds+siren+washing_machine,0.8125
chirping_birds+siren+water_drops,0.8541666666666666
chirping_birds+siren+wind,0.8541666666666666
chirping_birds+sneezing+snoring,0.9583333333333334
chirping_birds+sneezing+thunderstorm,0.9375
chirping_birds+sneezing+toilet_flush,0.8541666666666666
chirping_birds+sneezing+train,0.9375
chirping_birds+sneezing+vacuum_cleaner,0.9583333333333334
chirping_birds+sneezing+washing_machine,0.875
chirping_birds+sneezing+water_drops,0.8125
chirping_birds+sneezing+wind,0.9166666666666666
chirping_birds+snoring+thunderstorm,0.8958333333333334
chirping_birds+snoring+toilet_flush,0.8541666666666666
chirping_birds+snoring+train,0.9375
chirping_birds+snoring+vacuum_cleaner,0.9583333333333334
chirping_birds+snoring+washing_machine,0.7916666666666666
chirping_birds+snoring+water_drops,0.8541666666666666
chirping_birds+snoring+wind,0.9166666666666666
chirping_birds+thunderstorm+toilet_flush,0.8958333333333334
chirping_birds+thunderstorm+train,0.9375
chirping_birds+thunderstorm+vacuum_cleaner,0.9583333333333334
chirping_birds+thunderstorm+washing_machine,0.7916666666666666
chirping_birds+thunderstorm+water_drops,0.8958333333333334
chirping_birds+thunderstorm+wind,0.9375
chirping_birds+toilet_flush+train,0.8958333333333334
chirping_birds+toilet_flush+vacuum_cleaner,0.7708333333333334
chirping_birds+toilet_flush+washing_machine,0.7708333333333334
chirping_birds+toilet_flush+water_drops,0.8541666666666666
chirping_birds+toilet_flush+wind,0.875
chirping_birds+train+vacuum_cleaner,0.9375
chirping_birds+train+washing_machine,0.7708333333333334
chirping_birds+train+water_drops,0.9375
chirping_birds+train+wind,0.7916666666666666
chirping_birds+vacuum_cleaner+washing_machine,0.8333333333333334
chirping_birds+vacuum_cleaner+water_drops,0.9375
chirping_birds+vacuum_cleaner+wind,0.8333333333333334
chirping_birds+washing_machine+water_drops,0.8541666666666666
chirping_birds+washing_machine+wind,0.7291666666666666
chirping_birds+water_drops+wind,0.8958333333333334
church_bells+clapping+clock_alarm,0.8125
church_bells+clapping+clock_tick,0.8541666666666666
church_bells+clapping+coughing,0.875
church_bells+clapping+cow,0.7291666666666666
church_bells+clapping+crackling_fire,0.875
church_bells+clapping+crickets,0.8333333333333334
church_bells+clapping+crow,0.8125
church_bells+clapping+crying_baby,0.7708333333333334
church_bells+clapping+dog,0.8541666666666666
church_bells+clapping+door_wood_creaks,0.7916666666666666
church_bells+clapping+door_wood_knock,0.8958333333333334
church_bells+clapping+drinking_sipping,0.8541666666666666
church_bells+clapping+engine,0.8541666666666666
church_bells+clapping+fireworks,0.8333333333333334
church_bells+clapping+footsteps,0.8541666666666666
church_bells+clapping+frog,0.8333333333333334
church_bells+clapping+glass_breaking,0.8333333333333334
church_bells+clapping+hand_saw,0.7708333333333334
church_bells+clapping+helicopter,0.7916666666666666
church_bells+clapping+hen,0.75
church_bells+clapping+insects,0.7708333333333334
church_bells+clapping+keyboard_typing,0.8125
church_bells+clapping+laughing,0.7291666666666666
church_bells+clapping+mouse_click,0.875
church_bells+clapping+pig,0.75
church_bells+clapping+pouring_water,0.7708333333333334
church_bells+clapping+rain,0.7916666666666666
church_bells+clapping+rooster,0.8541666666666666
church_bells+clapping+sea_waves,0.8125
church_bells+clapping+sheep,0.7291666666666666
church_bells+clapping+siren,0.7083333333333334
church_bells+clapping+sneezing,0.8541666666666666
church_bells+clapping+snoring,0.8541666666666666
church_bells+clapping+thunderstorm,0.8541666666666666
church_bells+clapping+toilet_flush,0.75
church_bells+clapping+train,0.8541666666666666
church_bells+clapping+vacuum_cleaner,0.7916666666666666
church_bells+clapping+washing_machine,0.7708333333333334
church_bells+clapping+water_drops,0.8541666666666666
church_bells+clapping+wind,0.8333333333333334
church_bells+clock_alarm+clock_tick,0.7916666666666666
church_bells+clock_alarm+coughing,0.8958333333333334
church_bells+clock_alarm+cow,0.8333333333333334
church_bells+clock_alarm+crackling_fire,0.875
church_bells+clock_alarm+crickets,0.8125
church_bells+clock_alarm+crow,0.9166666666666666
church_bells+clock_alarm+crying_baby,0.8958333333333334
church_bells+clock_alarm+dog,0.8333333333333334
church_bells+clock_alarm+door_wood_creaks,0.8333333333333334
church_bells+clock_alarm+door_wood_knock,0.9375
church_bells+clock_alarm+drinking_sipping,0.9166666666666666
church_bells+clock_alarm+engine,0.9375
church_bells+clock_alarm+fireworks,0.875
church_bells+clock_alarm+footsteps,0.875
church_bells+clock_alarm+frog,0.9166666666666666
church_bells+clock_alarm+glass_breaking,0.8541666666666666
church_bells+clock_alarm+hand_saw,0.9166666666666666
church_bells+clock_alarm+helicopter,0.8333333333333334
church_bells+clock_alarm+hen,0.8958333333333334
church_bells+clock_alarm+insects,0.75
church_bells+clock_alarm+keyboard_typing,0.7708333333333334
church_bells+clock_alarm+laughing,0.8541666666666666
church_bells+clock_alarm+mouse_click,0.875
church_bells+clock_alarm+pig,0.7916666666666666
church_bells+clock_alarm+pouring_water,0.875
church_bells+clock_alarm+rain,0.8125
church_bells+clock_alarm+rooster,0.875
church_bells+clock_alarm+sea_waves,0.8541666666666666
church_bells+clock_alarm+sheep,0.8125
church_bells+clock_alarm+siren,0.75
church_bells+clock_alarm+sneezing,0.8958333333333334
church_bells+clock_alarm+snoring,0.9166666666666666
church_bells+clock_alarm+thunderstorm,0.8958333333333334
church_bells+clock_alarm+toilet_flush,0.8958333333333334
church_bells+clock_alarm+train,0.8958333333333334
church_bells+clock_alarm+vacuum_cleaner,0.9166666666666666
church_bells+clock_alarm+washing_machine,0.8333333333333334
church_bells+clock_alarm+water_drops,0.8541666666666666
church_bells+clock_alarm+wind,0.875
church_bells+clock_tick+coughing,0.75
church_bells+clock_tick+cow,0.8333333333333334
church_bells+clock_tick+crackling_fire,0.875
church_bells+clock_tick+crickets,0.875
church_bells+clock_tick+crow,0.875
church_bells+clock_tick+crying_baby,0.8125
church_bells+clock_tick+dog,0.75
church_bells+clock_tick+door_wood_creaks,0.7083333333333334
church_bells+clock_tick+door_wood_knock,0.7916666666666666
church_bells+clock_tick+drinking_sipping,0.7083333333333334
church_bells+clock_tick+engine,0.9791666666666666
church_bells+clock_tick+fireworks,0.75
church_bells+clock_tick+footsteps,0.7291666666666666
church_bells+clock_tick+frog,0.7916666666666666
church_bells+clock_tick+glass_breaking,0.9166666666666666
church_bells+clock_tick+hand_saw,0.9583333333333334
church_bells+clock_tick+helicopter,0.8125
church_bells+clock_tick+hen,0.7291666666666666
church_bells+clock_tick+insects,0.625
church_bells+clock_tick+keyboard_typing,0.6041666666666666
church_bells+clock_tick+laughing,0.625
church_bells+clock_tick+mouse_click,0.6875
church_bells+clock_tick+pig,0.7708333333333334
church_bells+clock_tick+pouring_water,0.7291666666666666
church_bells+clock_tick+rain,0.8541666666666666
church_bells+clock_tick+rooster,0.8958333333333334
church_bells+clock_tick+sea_waves,0.875
church_bells+clock_tick+sheep,0.7708333333333334
church_bells+clock_tick+siren,0.7708333333333334
church_bells+clock_tick+sneezing,0.7916666666666666
church_bells+clock_tick+snoring,0.8333333333333334
church_bells+clock_tick+thunderstorm,0.8958333333333334
church_bells+clock_tick+toilet_flush,0.9166666666666666
church_bells+clock_tick+train,0.9375
church_bells+clock_tick+vacuum_cleaner,0.9583333333333334
church_bells+clock_tick+washing_machine,0.8125
church_bells+clock_tick+water_drops,0.6666666666666666
church_bells+clock_tick+wind,0.8958333333333334
church_bells+coughing+cow,0.8125
church_bells+coughing+crackling_fire,0.9583333333333334
church_bells+coughing+crickets,0.9166666666666666
church_bells+coughing+crow,0.9583333333333334
church_bells+coughing+crying_baby,0.8958333333333334
church_bells+coughing+dog,0.875
church_bells+coughing+door_wood_creaks,0.8958333333333334
church_bells+coughing+door_wood_knock,0.9375
church_bells+coughing+drinking_sipping,0.7291666666666666
church_bells+coughing+engine,0.9583333333333334
church_bells+coughing+fireworks,0.9166666666666666
church_bells+coughing+footsteps,0.875
church_bells+coughing+frog,0.9583333333333334
church_bells+coughing+glass_breaking,0.8958333333333334
church_bells+coughing+hand_saw,0.9375
church_bells+coughing+helicopter,0.8958333333333334
church_bells+coughing+hen,0.9375
church_bells+coughing+insects,0.7916666666666666
church_bells+coughing+keyboard_typing,0.8541666666666666
church_bells+coughing+laughing,0.8333333333333334
church_bells+coughing+mouse_click,0.8541666666666666
church_bells+coughing+pig,0.8958333333333334
church_bells+coughing+pouring_water,0.8333333333333334
church_bells+coughing+rain,0.8958333333333334
church_bells+coughing+rooster,0.9375
church_bells+coughing+sea_waves,0.9166666666666666
church_bells+coughing+sheep,0.8958333333333334
church_bells+coughing+siren,0.8125
church_bells+coughing+sneezing,0.7708333333333334
church_bells+coughing+snoring,0.9583333333333334
church_bells+coughing+thunderstorm,0.9583333333333334
church_bells+coughing+toilet_flush,0.9583333333333334
church_bells+coughing+train,0.9583333333333334
church_bells+coughing+vacuum_cleaner,0.9791666666666666
church_bells+coughing+washing_machine,0.8958333333333334
church_bells+coughing+water_drops,0.8958333333333334
church_bells+coughing+wind,0.9375
church_bells+cow+crackling_fire,0.875
church_bells+cow+crickets,0.8125
church_bells+cow+crow,0.8333333333333334
church_bells+cow+crying_baby,0.8333333333333334
church_bells+cow+dog,0.8125
church_bells+cow+door_wood_creaks,0.7291666666666666
church_bells+cow+door_wood_knock,0.8541666666666666
church_bells+cow+drinking_sipping,0.7916666666666666
church_bells+cow+engine,0.875
church_bells+cow+fireworks,0.8333333333333334
church_bells+cow+footsteps,0.8125
church_bells+cow+frog,0.8125
church_bells+cow+glass_breaking,0.8958333333333334
church_bells+cow+hand_saw,0.8541666666666666
church_bells+cow+helicopter,0.7916666666666666
church_bells+cow+hen,0.75
church_bells+cow+insects,0.6666666666666666
church_bells+cow+keyboard_typing,0.7291666666666666
church_bells+cow+laughing,0.6875
church_bells+cow+mouse_click,0.875
church_bells+cow+pig,0.6666666666666666
church_bells+cow+pouring_water,0.8333333333333334
church_bells+cow+rain,0.8333333333333334
church_bells+cow+rooster,0.8333333333333334
church_bells+cow+sea_waves,0.7916666666666666
church_bells+cow+sheep,0.6875
church_bells+cow+siren,0.6875
church_bells+cow+sneezing,0.8541666666666666
church_bells+cow+snoring,0.8541666666666666
church_bells+cow+thunderstorm,0.7916666666666666
church_bells+cow+toilet_flush,0.7916666666666666
church_bells+cow+train,0.875
church_bells+cow+vacuum_cleaner,0.8541666666666666
church_bells+cow+washing_machine,0.75
church_bells+cow+water_drops,0.8333333333333334
church_bells+cow+wind,0.8333333333333334
church_bells+crackling_fire+crickets,0.875
church_bells+crackling_fire+crow,0.9583333333333334
church_bells+crackling_fire+crying_baby,0.9375
church_bells+crackling_fire+dog,0.8958333333333334
church_bells+crackling_fire+door_wood_creaks,0.9166666666666666
church_bells+crackling_fire+door_wood_knock,0.9583333333333334
church_bells+crackling_fire+drinking_sipping,0.8958333333333334
church_bells+crackling_fire+engine,0.9791666666666666
church_bells+crackling_fire+fireworks,0.8125
church_bells+crackling_fire+footsteps,0.8541666666666666
church_bells+crackling_fire+frog,0.875
church_bells+crackling_fire+glass_breaking,0.9375
church_bells+crackling_fire+hand_saw,0.9791666666666666
church_bells+crackling_fire+helicopter,0.875
church_bells+crackling_fire+hen,0.9166666666666666
church_bells+crackling_fire+insects,0.7083333333333334
church_bells+crackling_fire+keyboard_typing,0.875
church_bells+crackling_fire+laughing,0.875
church_bells+crackling_fire+mouse_click,0.6875
church_bells+crackling_fire+pig,0.875
church_bells+crackling_fire+pouring_water,0.9375
church_bells+crackling_fire+rain,0.8333333333333334
church_bells+crackling_fire+rooster,0.9791666666666666
church_bells+crackling_fire+sea_waves,0.8958333333333334
church_bells+crackling_fire+sheep,0.8541666666666666
church_bells+crackling_fire+siren,0.7916666666666666
church_bells+crackling_fire+sneezing,0.9166666666666666
church_bells+crackling_fire+snoring,0.8125
church_bells+crackling_fire+thunderstorm,0.8125
church_bells+crackling_fire+toilet_flush,0.9583333333333334
church_bells+crackling_fire+train,0.9375
church_bells+crackling_fire+vacuum_cleaner,0.9583333333333334
church_bells+crackling_fire+washing_machine,0.8541666666666666
church_bells+crackling_fire+water_drops,0.6666666666666666
church_bells+crackling_fire+wind,0.8958333333333334
church_bells+crickets+crow,0.9166666666666666
church_bells+crickets+crying_baby,0.8958333333333334
church_bells+crickets+dog,0.8541666666666666
church_bells+crickets+door_wood_creaks,0.875
church_bells+crickets+door_wood_knock,0.9166666666666666
church_bells+crickets+drinking_sipping,0.8958333333333334
church_bells+crickets+engine,0.8958333333333334
church_bells+crickets+fireworks,0.8541666666666666
church_bells+crickets+footsteps,0.8958333333333334
church_bells+crickets+frog,0.8958333333333334
church_bells+crickets+glass_breaking,0.9166666666666666
church_bells+crickets+hand_saw,0.9166666666666666
church_bells+crickets+helicopter,0.7083333333333334
church_bells+crickets+hen,0.8541666666666666
church_bells+crickets+insects,0.7708333333333334
church_bells+crickets+keyboard_typing,0.8333333333333334
church_bells+crickets+laughing,0.8333333333333334
church_bells+crickets+mouse_click,0.8958333333333334
church_bells+crickets+pig,0.8958333333333334
church_bells+crickets+pouring_water,0.9166666666666666
church_bells+crickets+rain,0.7708333333333334
church_bells+crickets+rooster,0.9166666666666666
church_bells+crickets+sea_waves,0.8333333333333334
church_bells+crickets+sheep,0.8125
church_bells+crickets+siren,0.7291666666666666
church_bells+crickets+sneezing,0.9166666666666666
church_bells+crickets+snoring,0.8958333333333334
church_bells+crickets+thunderstorm,0.875
church_bells+crickets+toilet_flush,0.8958333333333334
church_bells+crickets+train,0.8541666666666666
church_bells+crickets+vacuum_cleaner,0.8958333333333334
church_bells+crickets+washing_machine,0.75
church_bells+crickets+water_drops,0.8333333333333334
church_bells+crickets+wind,0.8541666666666666
church_bells+crow+crying_baby,0.8958333333333334
church_bells+crow+dog,0.875
church_bells+crow+door_wood_creaks,0.8125
church_bells+crow+door_wood_knock,0.9791666666666666
church_bells+crow+drinking_sipping,0.9375
church_bells+crow+engine,0.9375
church_bells+crow+fireworks,0.875
church_bells+crow+footsteps,0.9375
church_bells+crow+frog,0.8541666666666666
church_bells+crow+glass_breaking,1.0
church_bells+crow+hand_saw,0.8958333333333334
church_bells+crow+helicopter,0.875
church_bells+crow+hen,0.9166666666666666
church_bells+crow+insects,0.7916666666666666
church_bells+crow+keyboard_typing,0.875
church_bells+crow+laughing,0.7916666666666666
church_bells+crow+mouse_click,0.8958333333333334
church_bells+crow+pig,0.8125
church_bells+crow+pouring_water,0.8958333333333334
church_bells+crow+rain,0.8958333333333334
church_bells+crow+rooster,0.875
church_bells+crow+sea_waves,0.8958333333333334
church_bells+crow+sheep,0.8541666666666666
church_bells+crow+siren,0.75
church_bells+crow+sneezing,0.9791666666666666
church_bells+crow+snoring,0.9583333333333334
church_bells+crow+thunderstorm,0.9166666666666666
church_bells+crow+toilet_flush,0.875
church_bells+crow+train,0.9583333333333334
church_bells+crow+vacuum_cleaner,0.9583333333333334
church_bells+crow+washing_machine,0.875
church_bells+crow+water_drops,0.9166666666666666
church_bells+crow+wind,0.9375
church_bells+crying_baby+dog,0.8125
church_bells+crying_baby+door_wood_creaks,0.8125
church_bells+crying_baby+door_wood_knock,0.9791666666666666
church_bells+crying_baby+drinking_sipping,0.875
church_bells+crying_baby+engine,0.9791666666666666
church_bells+crying_baby+fireworks,0.8541666666666666
church_bells+crying_baby+footsteps,0.8541666666666666
church_bells+crying_baby+frog,0.9166666666666666
church_bells+crying_baby+glass_breaking,0.9166666666666666
church_bells+crying_baby+hand_saw,0.9166666666666666
church_bells+crying_baby+helicopter,0.875
church_bells+crying_baby+hen,0.8333333333333334
church_bells+crying_baby+insects,0.7708333333333334
church_bells+crying_baby+keyboard_typing,0.8333333333333334
church_bells+crying_baby+laughing,0.7083333333333334
church_bells+crying_baby+mouse_click,0.9166666666666666
church_bells+crying_baby+pig,0.875
church_bells+crying_baby+pouring_water,0.75
church_bells+crying_baby+rain,0.875
church_bells+crying_baby+rooster,0.8958333333333334
church_bells+crying_baby+sea_waves,0.8958333333333334
church_bells+crying_baby+sheep,0.7291666666666666
church_bells+crying_baby+siren,0.75
church_bells+crying_baby+sneezing,0.9375
church_bells+crying_baby+snoring,0.9166666666666666
church_bells+crying_baby+thunderstorm,0.9375
church_bells+crying_baby+toilet_flush,0.9583333333333334
church_bells+crying_baby+train,0.9375
church_bells+crying_baby+vacuum_cleaner,0.9583333333333334
church_bells+crying_baby+washing_machine,0.875
church_bells+crying_baby+water_drops,0.8958333333333334
church_bells+crying_baby+wind,0.9166666666666666
church_bells+dog+door_wood_creaks,0.75
church_bells+dog+door_wood_knock,0.875
church_bells+dog+drinking_sipping,0.7916666666666666
church_bells+dog+engine,0.9166666666666666
church_bells+dog+fireworks,0.875
church_bells+dog+footsteps,0.875
church_bells+dog+frog,0.7916666666666666
church_bells+dog+glass_breaking,0.9375
church_bells+dog+hand_saw,0.9375
church_bells+dog+helicopter,0.8125
church_bells+dog+hen,0.8125
church_bells+dog+insects,0.7708333333333334
church_bells+dog+keyboard_typing,0.7916666666666666
church_bells+dog+laughing,0.6041666666666666
church_bells+dog+mouse_click,0.9166666666666666
church_bells+dog+pig,0.8125
church_bells+dog+pouring_water,0.7916666666666666
church_bells+dog+rain,0.8125
church_bells+dog+rooster,0.8541666666666666
church_bells+dog+sea_waves,0.8125
church_bells+dog+sheep,0.7708333333333334
church_bells+dog+siren,0.7083333333333334
church_bells+dog+sneezing,0.8958333333333334
church_bells+dog+snoring,0.9166666666666666
church_bells+dog+thunderstorm,0.8958333333333334
church_bells+dog+toilet_flush,0.875
church_bells+dog+train,0.8958333333333334
church_bells+dog+vacuum_cleaner,0.8541666666666666
church_bells+dog+washing_machine,0.8333333333333334
church_bells+dog+water_drops,0.7916666666666666
church_bells+dog+wind,0.875
church_bells+door_wood_creaks+door_wood_knock,0.8333333333333334
church_bells+door_wood_creaks+drinking_sipping,0.8333333333333334
church_bells+door_wood_creaks+engine,0.875
church_bells+door_wood_creaks+fireworks,0.7291666666666666
church_bells+door_wood_creaks+footsteps,0.75
church_bells+door_wood_creaks+frog,0.8125
church_bells+door_wood_creaks+glass_breaking,0.7708333333333334
church_bells+door_wood_creaks+hand_saw,0.8125
church_bells+door_wood_creaks+helicopter,0.7708333333333334
church_bells+door_wood_creaks+hen,0.8541666666666666
church_bells+door_wood_creaks+insects,0.6875
church_bells+door_wood_creaks+keyboard_typing,0.75
church_bells+door_wood_creaks+laughing,0.6875
church_bells+door_wood_creaks+mouse_click,0.8333333333333334
church_bells+door_wood_creaks+pig,0.75
church_bells+door_wood_creaks+pouring_water,0.8125
church_bells+door_wood_creaks+rain,0.7708333333333334
church_bells+door_wood_creaks+rooster,0.9375
church_bells+door_wood_creaks+sea_waves,0.8125
church_bells+door_wood_creaks+sheep,0.7291666666666666
church_bells+door_wood_creaks+siren,0.75
church_bells+door_wood_creaks+sneezing,0.9166666666666666
church_bells+door_wood_creaks+snoring,0.8333333333333334
church_bells+door_wood_creaks+thunderstorm,0.8333333333333334
church_bells+door_wood_creaks+toilet_flush,0.8125
church_bells+door_wood_creaks+train,0.8541666666666666
church_bells+door_wood_creaks+vacuum_cleaner,0.9166666666666666
church_bells+door_wood_creaks+washing_machine,0.8125
church_bells+door_wood_creaks+water_drops,0.8333333333333334
church_bells+door_wood_creaks+wind,0.8333333333333334
church_bells+door_wood_knock+drinking_sipping,0.8333333333333334
church_bells+door_wood_knock+engine,1.0
church_bells+door_wood_knock+fireworks,0.8333333333333334
church_bells+door_wood_knock+footsteps,0.8541666666666666
church_bells+door_wood_knock+frog,0.9166666666666666
church_bells+door_wood_knock+glass_breaking,1.0
church_bells+door_wood_knock+hand_saw,0.9791666666666666
church_bells+door_wood_knock+helicopter,0.8958333333333334
church_bells+door_wood_knock+hen,0.9583333333333334
church_bells+door_wood_knock+insects,0.8125
church_bells+door_wood_knock+keyboard_typing,0.8541666666666666
church_bells+door_wood_knock+laughing,0.9166666666666666
church_bells+door_wood_knock+mouse_click,0.8541666666666666
church_bells+door_wood_knock+pig,0.8541666666666666
church_bells+door_wood_knock+pouring_water,0.9583333333333334
church_bells+door_wood_knock+rain,0.8958333333333334
church_bells+door_wood_knock+rooster,0.9791666666666666
church_bells+door_wood_knock+sea_waves,0.9166666666666666
church_bells+door_wood_knock+sheep,0.8958333333333334
church_bells+door_wood_knock+siren,0.8125
church_bells+door_wood_knock+sneezing,1.0
church_bells+door_wood_knock+snoring,0.8541666666666666
church_bells+door_wood_knock+thunderstorm,0.9375
church_bells+door_wood_knock+toilet_flush,0.9583333333333334
church_bells+door_wood_knock+train,0.9583333333333334
church_bells+door_wood_knock+vacuum_cleaner,0.9583333333333334
church_bells+door_wood_knock+washing_machine,0.875
church_bells+door_wood_knock+water_drops,0.8541666666666666
church_bells+door_wood_knock+wind,0.9375
church_bells+drinking_sipping+engine,0.9791666666666666
church_bells+drinking_sipping+fireworks,0.6875
church_bells+drinking_sipping+footsteps,0.8125
church_bells+drinking_sipping+frog,0.875
church_bells+drinking_sipping+glass_breaking,0.9583333333333334
church_bells+drinking_sipping+hand_saw,0.9791666666666666
church_bells+drinking_sipping+helicopter,0.875
church_bells+drinking_sipping+hen,0.8541666666666666
church_bells+drinking_sipping+insects,0.7291666666666666
church_bells+drinking_sipping+keyboard_typing,0.7291666666666666
church_bells+drinking_sipping+laughing,0.6666666666666666
church_bells+drinking_sipping+mouse_click,0.8125
church_bells+drinking_sipping+pig,0.8333333333333334
church_bells+drinking_sipping+pouring_water,0.8333333333333334
church_bells+drinking_sipping+rain,0.875
church_bells+drinking_sipping+rooster,0.8541666666666666
church_bells+drinking_sipping+sea_waves,0.8958333333333334
church_bells+drinking_sipping+sheep,0.8541666666666666
church_bells+drinking_sipping+siren,0.7708333333333334
church_bells+drinking_sipping+sneezing,0.8541666666666666
church_bells+drinking_sipping+snoring,0.8541666666666666
church_bells+drinking_sipping+thunderstorm,0.9583333333333334
church_bells+drinking_sipping+toilet_flush,0.9375
church_bells+drinking_sipping+train,0.9375
church_bells+drinking_sipping+vacuum_cleaner,0.9583333333333334
church_bells+drinking_sipping+washing_machine,0.875
church_bells+drinking_sipping+water_drops,0.7291666666666666
church_bells+drinking_sipping+wind,0.9166666666666666
church_bells+engine+fireworks,0.8958333333333334
church_bells+engine+footsteps,0.9791666666666666
church_bells+engine+frog,0.9791666666666666
church_bells+engine+glass_breaking,1.0
church_bells+engine+hand_saw,0.9583333333333334
church_bells+engine+helicopter,0.7083333333333334
church_bells+engine+hen,0.9791666666666666
church_bells+engine+insects,0.8125
church_bells+engine+keyboard_typing,0.9375
church_bells+engine+laughing,0.9166666666666666
church_bells+engine+mouse_click,0.9583333333333334
church_bells+engine+pig,0.9791666666666666
church_bells+engine+pouring_water,1.0
church_bells+engine+rain,0.7708333333333334
church_bells+engine+rooster,1.0
church_bells+engine+sea_waves,0.8333333333333334
church_bells+engine+sheep,0.875
church_bells+engine+siren,0.8125
church_bells+engine+sneezing,1.0
church_bells+engine+snoring,0.9583333333333334
church_bells+engine+thunderstorm,0.9583333333333334
church_bells+engine+toilet_flush,0.9166666666666666
church_bells+engine+train,0.8958333333333334
church_bells+engine+vacuum_cleaner,0.875
church_bells+engine+washing_machine,0.7916666666666666
church_bells+engine+water_drops,0.9375
church_bells+engine+wind,0.8125
church_bells+fireworks+footsteps,0.625
church_bells+fireworks+frog,0.7708333333333334
church_bells+fireworks+glass_breaking,0.9166666666666666
church_bells+fireworks+hand_saw,0.9166666666666666
church_bells+fireworks+helicopter,0.8125
church_bells+fireworks+hen,0.8333333333333334
church_bells+fireworks+insects,0.75
church_bells+fireworks+keyboard_typing,0.75
church_bells+fireworks+laughing,0.75
church_bells+fireworks+mouse_click,0.8333333333333334
church_bells+fireworks+pig,0.8541666666666666
church_bells+fireworks+pouring_water,0.875
church_bells+fireworks+rain,0.8541666666666666
church_bells+fireworks+rooster,0.9375
church_bells+fireworks+sea_waves,0.8333333333333334
church_bells+fireworks+sheep,0.7083333333333334
church_bells+fireworks+siren,0.75
church_bells+fireworks+sneezing,0.9166666666666666
church_bells+fireworks+snoring,0.8958333333333334
church_bells+fireworks+thunderstorm,0.8958333333333334
church_bells+fireworks+toilet_flush,0.875
church_bells+fireworks+train,0.875
church_bells+fireworks+vacuum_cleaner,0.8958333333333334
church_bells+fireworks+washing_machine,0.8333333333333334
church_bells+fireworks+water_drops,0.8333333333333334
church_bells+fireworks+wind,0.875
church_bells+footsteps+frog,0.8333333333333334
church_bells+footsteps+glass_breaking,0.9583333333333334
church_bells+footsteps+hand_saw,0.9583333333333334
church_bells+footsteps+helicopter,0.8333333333333334
church_bells+footsteps+hen,0.875
church_bells+footsteps+insects,0.7291666666666666
church_bells+footsteps+keyboard_typing,0.7291666666666666
church_bells+footsteps+laughing,0.75
church_bells+footsteps+mouse_click,0.7916666666666666
church_bells+footsteps+pig,0.8333333333333334
church_bells+footsteps+pouring_water,0.8125
church_bells+footsteps+rain,0.8541666666666666
church_bells+footsteps+rooster,0.9375
church_bells+footsteps+sea_waves,0.8958333333333334
church_bells+footsteps+sheep,0.8333333333333334
church_bells+footsteps+siren,0.7916666666666666
church_bells+footsteps+sneezing,0.9375
church_bells+footsteps+snoring,0.7916666666666666
church_bells+footsteps+thunderstorm,0.875
church_bells+footsteps+toilet_flush,0.9375
church_bells+footsteps+train,0.9375
church_bells+footsteps+vacuum_cleaner,0.9375
church_bells+footsteps+washing_machine,0.8541666666666666
church_bells+footsteps+water_drops,0.8541666666666666
church_bells+footsteps+wind,0.9166666666666666
church_bells+frog+glass_breaking,0.9791666666666666
church_bells+frog+hand_saw,0.9166666666666666
church_bells+frog+helicopter,0.875
church_bells+frog+hen,0.875
church_bells+frog+insects,0.75
church_bells+frog+keyboard_typing,0.75
church_bells+frog+laughing,0.7916666666666666
church_bells+frog+mouse_click,0.8125
church_bells+frog+pig,0.8958333333333334
church_bells+frog+pouring_water,0.9583333333333334
church_bells+frog+rain,0.875
church_bells+frog+rooster,0.9791666666666666
church_bells+frog+sea_waves,0.8958333333333334
church_bells+frog+sheep,0.7083333333333334
church_bells+frog+siren,0.7708333333333334
church_bells+frog+sneezing,0.9791666666666666
church_bells+frog+snoring,0.875
church_bells+frog+thunderstorm,0.8541666666666666
church_bells+frog+toilet_flush,0.9583333333333334
church_bells+frog+train,0.9375
church_bells+frog+vacuum_cleaner,0.9583333333333334
church_bells+frog+washing_machine,0.8541666666666666
church_bells+frog+water_drops,0.8125
church_bells+frog+wind,0.9166666666666666
church_bells+glass_breaking+hand_saw,0.9583333333333334
church_bells+glass_breaking+helicopter,0.8958333333333334
church_bells+glass_breaking+hen,0.9791666666666666
church_bells+glass_breaking+insects,0.7916666666666666
church_bells+glass_breaking+keyboard_typing,0.8541666666666666
church_bells+glass_breaking+laughing,0.8958333333333334
church_bells+glass_breaking+mouse_click,0.7916666666666666
church_bells+glass_breaking+pig,0.8958333333333334
church_bells+glass_breaking+pouring_water,0.9166666666666666
church_bells+glass_breaking+rain,0.8958333333333334
church_bells+glass_breaking+rooster,0.9583333333333334
church_bells+glass_breaking+sea_waves,0.9166666666666666
church_bells+glass_breaking+sheep,0.8958333333333334
church_bells+glass_breaking+siren,0.8125
church_bells+glass_breaking+sneezing,0.8333333333333334
church_bells+glass_breaking+snoring,0.9791666666666666
church_bells+glass_breaking+thunderstorm,0.9583333333333334
church_bells+glass_breaking+toilet_flush,0.9583333333333334
church_bells+glass_breaking+train,0.9583333333333334
church_bells+glass_breaking+vacuum_cleaner,0.9583333333333334
church_bells+glass_breaking+washing_machine,0.8958333333333334
church_bells+glass_breaking+water_drops,0.8333333333333334
church_bells+glass_breaking+wind,0.9375
church_bells+hand_saw+helicopter,0.8958333333333334
church_bells+hand_saw+hen,0.9375
church_bells+hand_saw+insects,0.8333333333333334
church_bells+hand_saw+keyboard_typing,0.9166666666666666
church_bells+hand_saw+laughing,0.8125
church_bells+hand_saw+mouse_click,0.9791666666666666
church_bells+hand_saw+pig,0.7916666666666666
church_bells+hand_saw+pouring_water,0.875
church_bells+hand_saw+rain,0.875
church_bells+hand_saw+rooster,0.9583333333333334
church_bells+hand_saw+sea_waves,0.8333333333333334
church_bells+hand_saw+sheep,0.8333333333333334
church_bells+hand_saw+siren,0.8125
church_bells+hand_saw+sneezing,0.9791666666666666
church_bells+hand_saw+snoring,0.9791666666666666
church_bells+hand_saw+thunderstorm,0.9583333333333334
church_bells+hand_saw+toilet_flush,0.8125
church_bells+hand_saw+train,0.9583333333333334
church_bells+hand_saw+vacuum_cleaner,0.9166666666666666
church_bells+hand_saw+washing_machine,0.8958333333333334
church_bells+hand_saw+water_drops,0.9583333333333334
church_bells+hand_saw+wind,0.9375
church_bells+helicopter+hen,0.8333333333333334
church_bells+helicopter+insects,0.7083333333333334
church_bells+helicopter+keyboard_typing,0.8333333333333334
church_bells+helicopter+laughing,0.7916666666666666
church_bells+helicopter+mouse_click,0.7708333333333334
church_bells+helicopter+pig,0.8125
church_bells+helicopter+pouring_water,0.8958333333333334
church_bells+helicopter+rain,0.75
church_bells+helicopter+rooster,0.875
church_bells+helicopter+sea_waves,0.7916666666666666
church_bells+helicopter+sheep,0.8333333333333334
church_bells+helicopter+siren,0.6875
church_bells+helicopter+sneezing,0.8958333333333334
church_bells+helicopter+snoring,0.875
church_bells+helicopter+thunderstorm,0.75
church_bells+helicopter+toilet_flush,0.875
church_bells+helicopter+train,0.7291666666666666
church_bells+helicopter+vacuum_cleaner,0.8541666666666666
church_bells+helicopter+washing_machine,0.6041666666666666
church_bells+helicopter+water_drops,0.8541666666666666
church_bells+helicopter+wind,0.6041666666666666
church_bells+hen+insects,0.7291666666666666
church_bells+hen+keyboard_typing,0.7916666666666666
church_bells+hen+laughing,0.6458333333333334
church_bells+hen+mouse_click,0.9375
church_bells+hen+pig,0.7708333333333334
church_bells+hen+pouring_water,0.8125
church_bells+hen+rain,0.875
church_bells+hen+rooster,0.9166666666666666
church_bells+hen+sea_waves,0.8541666666666666
church_bells+hen+sheep,0.7708333333333334
church_bells+hen+siren,0.7708333333333334
church_bells+hen+sneezing,0.9166666666666666
church_bells+hen+snoring,0.9375
church_bells+hen+thunderstorm,0.9375
church_bells+hen+toilet_flush,0.8958333333333334
church_bells+hen+train,0.9166666666666666
church_bells+hen+vacuum_cleaner,0.9375
church_bells+hen+washing_machine,0.8541666666666666
church_bells+hen+water_drops,0.8958333333333334
church_bells+hen+wind,0.9166666666666666
church_bells+insects+keyboard_typing,0.6875
church_bells+insects+laughing,0.7291666666666666
church_bells+insects+mouse_click,0.6666666666666666
church_bells+insects+pig,0.7083333333333334
church_bells+insects+pouring_water,0.7708333333333334
church_bells+insects+rain,0.625
church_bells+insects+rooster,0.8125
church_bells+insects+sea_waves,0.7291666666666666
church_bells+insects+sheep,0.7083333333333334
church_bells+insects+siren,0.6666666666666666
church_bells+insects+sneezing,0.7916666666666666
church_bells+insects+snoring,0.75
church_bells+insects+thunderstorm,0.7708333333333334
church_bells+insects+toilet_flush,0.8125
church_bells+insects+train,0.7916666666666666
church_bells+insects+vacuum_cleaner,0.7916666666666666
church_bells+insects+washing_machine,0.6458333333333334
church_bells+insects+water_drops,0.7291666666666666
church_bells+insects+wind,0.7708333333333334
church_bells+keyboard_typing+laughing,0.6041666666666666
church_bells+keyboard_typing+mouse_click,0.8125
church_bells+keyboard_typing+pig,0.8125
church_bells+keyboard_typing+pouring_water,0.7291666666666666
church_bells+keyboard_typing+rain,0.8333333333333334
church_bells+keyboard_typing+rooster,0.8541666666666666
church_bells+keyboard_typing+sea_waves,0.8541666666666666
church_bells+keyboard_typing+sheep,0.7708333333333334
church_bells+keyboard_typing+siren,0.75
church_bells+keyboard_typing+sneezing,0.8333333333333334
church_bells+keyboard_typing+snoring,0.8333333333333334
church_bells+keyboard_typing+thunderstorm,0.8958333333333334
church_bells+keyboard_typing+toilet_flush,0.8958333333333334
church_bells+keyboard_typing+train,0.8958333333333334
church_bells+keyboard_typing+vacuum_cleaner,0.9166666666666666
church_bells+keyboard_typing+washing_machine,0.8125
church_bells+keyboard_typing+water_drops,0.8333333333333334
church_bells+keyboard_typing+wind,0.875
church_bells+laughing+mouse_click,0.8541666666666666
church_bells+laughing+pig,0.7916666666666666
church_bells+laughing+pouring_water,0.7291666666666666
church_bells+laughing+rain,0.8125
church_bells+laughing+rooster,0.6875
church_bells+laughing+sea_waves,0.7916666666666666
church_bells+laughing+sheep,0.6666666666666666
church_bells+laughing+siren,0.6666666666666666
church_bells+laughing+sneezing,0.8125
church_bells+laughing+snoring,0.875
church_bells+laughing+thunderstorm,0.8541666666666666
church_bells+laughing+toilet_flush,0.8333333333333334
church_bells+laughing+train,0.8333333333333334
church_bells+laughing+vacuum_cleaner,0.875
church_bells+laughing+washing_machine,0.8125
church_bells+laughing+water_drops,0.8541666666666666
church_bells+laughing+wind,0.8541666666666666
church_bells+mouse_click+pig,0.875
church_bells+mouse_click+pouring_water,0.875
church_bells+mouse_click+rain,0.8125
church_bells+mouse_click+rooster,0.9791666666666666
church_bells+mouse_click+sea_waves,0.8958333333333334
church_bells+mouse_click+sheep,0.875
church_bells+mouse_click+siren,0.7916666666666666
church_bells+mouse_click+sneezing,0.8541666666666666
church_bells+mouse_click+snoring,0.8333333333333334
church_bells+mouse_click+thunderstorm,0.875
church_bells+mouse_click+toilet_flush,0.9375
church_bells+mouse_click+train,0.9166666666666666
church_bells+mouse_click+vacuum_cleaner,0.9583333333333334
church_bells+mouse_click+washing_machine,0.875
church_bells+mouse_click+water_drops,0.6875
church_bells+mouse_click+wind,0.8958333333333334
church_bells+pig+pouring_water,0.7916666666666666
church_bells+pig+rain,0.875
church_bells+pig+rooster,0.8958333333333334
church_bells+pig+sea_waves,0.875
church_bells+pig+sheep,0.6666666666666666
church_bells+pig+siren,0.75
church_bells+pig+sneezing,0.8958333333333334
church_bells+pig+snoring,0.8125
church_bells+pig+thunderstorm,0.8958333333333334
church_bells+pig+toilet_flush,0.9375
church_bells+pig+train,0.8958333333333334
church_bells+pig+vacuum_cleaner,0.9166666666666666
church_bells+pig+washing_machine,0.8125
church_bells+pig+water_drops,0.875
church_bells+pig+wind,0.9166666666666666
church_bells+pouring_water+rain,0.8958333333333334
church_bells+pouring_water+rooster,0.7916666666666666
church_bells+pouring_water+sea_waves,0.9166666666666666
church_bells+pouring_water+sheep,0.7291666666666666
church_bells+pouring_water+siren,0.75
church_bells+pouring_water+sneezing,0.9166666666666666
church_bells+pouring_water+snoring,0.9375
church_bells+pouring_water+thunderstorm,0.9583333333333334
church_bells+pouring_water+toilet_flush,0.875
church_bells+pouring_water+train,0.9583333333333334
church_bells+pouring_water+vacuum_cleaner,0.9791666666666666
church_bells+pouring_water+washing_machine,0.875
church_bells+pouring_water+water_drops,0.8541666666666666
church_bells+pouring_water+wind,0.9375
church_bells+rain+rooster,0.8958333333333334
church_bells+rain+sea_waves,0.7708333333333334
church_bells+rain+sheep,0.7708333333333334
church_bells+rain+siren,0.6666666666666666
church_bells+rain+sneezing,0.8958333333333334
church_bells+rain+snoring,0.8333333333333334
church_bells+rain+thunderstorm,0.8333333333333334
church_bells+rain+toilet_flush,0.875
church_bells+rain+train,0.75
church_bells+rain+vacuum_cleaner,0.7916666666666666
church_bells+rain+washing_machine,0.6666666666666666
church_bells+rain+water_drops,0.8333333333333334
church_bells+rain+wind,0.7083333333333334
church_bells+rooster+sea_waves,0.9166666666666666
church_bells+rooster+sheep,0.8958333333333334
church_bells+rooster+siren,0.7916666666666666
church_bells+rooster+sneezing,0.8958333333333334
church_bells+rooster+snoring,0.9791666666666666
church_bells+rooster+thunderstorm,0.9583333333333334
church_bells+rooster+toilet_flush,0.9583333333333334
church_bells+rooster+train,0.9583333333333334
church_bells+rooster+vacuum_cleaner,0.9791666666666666
church_bells+rooster+washing_machine,0.8958333333333334
church_bells+rooster+water_drops,0.9375
church_bells+rooster+wind,0.9375
church_bells+sea_waves+sheep,0.8333333333333334
church_bells+sea_waves+siren,0.75
church_bells+sea_waves+sneezing,0.9166666666666666
church_bells+sea_waves+snoring,0.8958333333333334
church_bells+sea_waves+thunderstorm,0.875
church_bells+sea_waves+toilet_flush,0.875
church_bells+sea_waves+train,0.8333333333333334
church_bells+sea_waves+vacuum_cleaner,0.75
church_bells+sea_waves+washing_machine,0.7708333333333334
church_bells+sea_waves+water_drops,0.875
church_bells+sea_waves+wind,0.8541666666666666
church_bells+sheep+siren,0.6875
church_bells+sheep+sneezing,0.8333333333333334
church_bells+sheep+snoring,0.8333333333333334
church_bells+sheep+thunderstorm,0.7916666666666666
church_bells+sheep+toilet_flush,0.8541666666666666
church_bells+sheep+train,0.8125
church_bells+sheep+vacuum_cleaner,0.8541666666666666
church_bells+sheep+washing_machine,0.7916666666666666
church_bells+sheep+water_drops,0.8541666666666666
church_bells+sheep+wind,0.8333333333333334
church_bells+siren+sneezing,0.8125
church_bells+siren+snoring,0.7708333333333334
church_bells+siren+thunderstorm,0.7708333333333334
church_bells+siren+toilet_flush,0.7916666666666666
church_bells+siren+train,0.7083333333333334
church_bells+siren+vacuum_cleaner,0.7916666666666666
church_bells+siren+washing_machine,0.7083333333333334
church_bells+siren+water_drops,0.75
church_bells+siren+wind,0.75
church_bells+sneezing+snoring,0.9791666666666666
church_bells+sneezing+thunderstorm,0.9583333333333334
church_bells+sneezing+toilet_flush,0.9583333333333334
church_bells+sneezing+train,0.9583333333333334
church_bells+sneezing+vacuum_cleaner,0.9791666666666666
church_bells+sneezing+washing_machine,0.8958333333333334
church_bells+sneezing+water_drops,0.8333333333333334
church_bells+sneezing+wind,0.9375
church_bells+snoring+thunderstorm,0.875
church_bells+snoring+toilet_flush,0.9166666666666666
church_bells+snoring+train,0.9166666666666666
church_bells+snoring+vacuum_cleaner,0.9375
church_bells+snoring+washing_machine,0.8125
church_bells+snoring+water_drops,0.875
church_bells+snoring+wind,0.8958333333333334
church_bells+thunderstorm+toilet_flush,0.9375
church_bells+thunderstorm+train,0.8958333333333334
church_bells+thunderstorm+vacuum_cleaner,0.9375
church_bells+thunderstorm+washing_machine,0.7916666666666666
church_bells+thunderstorm+water_drops,0.875
church_bells+thunderstorm+wind,0.9166666666666666
church_bells+toilet_flush+train,0.9375
church_bells+toilet_flush+vacuum_cleaner,0.8541666666666666
church_bells+toilet_flush+washing_machine,0.8333333333333334
church_bells+toilet_flush+water_drops,0.9375
church_bells+toilet_flush+wind,0.9166666666666666
church_bells+train+vacuum_cleaner,0.9166666666666666
church_bells+train+washing_machine,0.7708333333333334
church_bells+train+water_drops,0.9166666666666666
church_bells+train+wind,0.75
church_bells+vacuum_cleaner+washing_machine,0.8333333333333334
church_bells+vacuum_cleaner+water_drops,0.9375
church_bells+vacuum_cleaner+wind,0.8333333333333334
church_bells+washing_machine+water_drops,0.8541666666666666
church_bells+washing_machine+wind,0.6875
church_bells+water_drops+wind,0.875
clapping+clock_alarm+clock_tick,0.75
clapping+clock_alarm+coughing,0.8541666666666666
clapping+clock_alarm+cow,0.7708333333333334
clapping+clock_alarm+crackling_fire,0.8541666666666666
clapping+clock_alarm+crickets,0.8125
clapping+clock_alarm+crow,0.7916666666666666
clapping+clock_alarm+crying_baby,0.75
clapping+clock_alarm+dog,0.8333333333333334
clapping+clock_alarm+door_wood_creaks,0.75
clapping+clock_alarm+door_wood_knock,0.8958333333333334
clapping+clock_alarm+drinking_sipping,0.8541666666666666
clapping+clock_alarm+engine,0.8333333333333334
clapping+clock_alarm+fireworks,0.8541666666666666
clapping+clock_alarm+footsteps,0.8333333333333334
clapping+clock_alarm+frog,0.8333333333333334
clapping+clock_alarm+glass_breaking,0.7708333333333334
clapping+clock_alarm+hand_saw,0.7708333333333334
clapping+clock_alarm+helicopter,0.8958333333333334
clapping+clock_alarm+hen,0.75
clapping+clock_alarm+insects,0.8541666666666666
clapping+clock_alarm+keyboard_typing,0.7708333333333334
clapping+clock_alarm+laughing,0.75
clapping+clock_alarm+mouse_click,0.8541666666666666
clapping+clock_alarm+pig,0.6875
clapping+clock_alarm+pouring_water,0.7291666666666666
clapping+clock_alarm+rain,0.7916666666666666
clapping+clock_alarm+rooster,0.8125
clapping+clock_alarm+sea_waves,0.8125
clapping+clock_alarm+sheep,0.7916666666666666
clapping+clock_alarm+siren,0.8541666666666666
clapping+clock_alarm+sneezing,0.8333333333333334
clapping+clock_alarm+snoring,0.875
clapping+clock_alarm+thunderstorm,0.875
clapping+clock_alarm+toilet_flush,0.75
clapping+clock_alarm+train,0.875
clapping+clock_alarm+vacuum_cleaner,0.7708333333333334
clapping+clock_alarm+washing_machine,0.8125
clapping+clock_alarm+water_drops,0.8541666666666666
clapping+clock_alarm+wind,0.875
clapping+clock_tick+coughing,0.7083333333333334
clapping+clock_tick+cow,0.7916666666666666
clapping+clock_tick+crackling_fire,0.8333333333333334
clapping+clock_tick+crickets,0.8541666666666666
clapping+clock_tick+crow,0.75
clapping+clock_tick+crying_baby,0.7291666666666666
clapping+clock_tick+dog,0.75
clapping+clock_tick+door_wood_creaks,0.6666666666666666
clapping+clock_tick+door_wood_knock,0.75
clapping+clock_tick+drinking_sipping,0.6666666666666666
clapping+clock_tick+engine,0.875
clapping+clock_tick+fireworks,0.75
clapping+clock_tick+footsteps,0.6875
clapping+clock_tick+frog,0.7708333333333334
clapping+clock_tick+glass_breaking,0.8125
clapping+clock_tick+hand_saw,0.7916666666666666
clapping+clock_tick+helicopter,0.875
clapping+clock_tick+hen,0.625
clapping+clock_tick+insects,0.6458333333333334
clapping+clock_tick+keyboard_typing,0.6041666666666666
clapping+clock_tick+laughing,0.5208333333333334
clapping+clock_tick+mouse_click,0.6458333333333334
clapping+clock_tick+pig,0.7291666666666666
clapping+clock_tick+pouring_water,0.6666666666666666
clapping+clock_tick+rain,0.8333333333333334
clapping+clock_tick+rooster,0.8333333333333334
clapping+clock_tick+sea_waves,0.8333333333333334
clapping+clock_tick+sheep,0.7291666666666666
clapping+clock_tick+siren,0.875
clapping+clock_tick+sneezing,0.7291666666666666
clapping+clock_tick+snoring,0.8125
clapping+clock_tick+thunderstorm,0.8958333333333334
clapping+clock_tick+toilet_flush,0.7916666666666666
clapping+clock_tick+train,0.9166666666666666
clapping+clock_tick+vacuum_cleaner,0.8125
clapping+clock_tick+washing_machine,0.7916666666666666
clapping+clock_tick+water_drops,0.6666666666666666
clapping+clock_tick+wind,0.8958333333333334
clapping+coughing+cow,0.7708333333333334
clapping+coughing+crackling_fire,0.9375
clapping+coughing+crickets,0.9166666666666666
clapping+coughing+crow,0.8333333333333334
clapping+coughing+crying_baby,0.8333333333333334
clapping+coughing+dog,0.8958333333333334
clapping+coughing+door_wood_creaks,0.8125
clapping+coughing+door_wood_knock,0.8958333333333334
clapping+coughing+drinking_sipping,0.6875
clapping+coughing+engine,0.8958333333333334
clapping+coughing+fireworks,0.9166666666666666
clapping+coughing+footsteps,0.8333333333333334
clapping+coughing+frog,0.8958333333333334
clapping+coughing+glass_breaking,0.7916666666666666
clapping+coughing+hand_saw,0.7708333333333334
clapping+coughing+helicopter,0.9583333333333334
clapping+coughing+hen,0.7916666666666666
clapping+coughing+insects,0.8958333333333334
clapping+coughing+keyboard_typing,0.8541666666666666
clapping+coughing+laughing,0.8125
clapping+coughing+mouse_click,0.8125
clapping+coughing+pig,0.7916666666666666
clapping+coughing+pouring_water,0.75
clapping+coughing+rain,0.875
clapping+coughing+rooster,0.875
clapping+coughing+sea_waves,0.875
clapping+coughing+sheep,0.875
clapping+coughing+siren,0.9166666666666666
clapping+coughing+sneezing,0.7291666666666666
clapping+coughing+snoring,0.9166666666666666
clapping+coughing+thunderstorm,0.9375
clapping+coughing+toilet_flush,0.8333333333333334
clapping+coughing+train,0.9375
clapping+coughing+vacuum_cleaner,0.8333333333333334
clapping+coughing+washing_machine,0.875
clapping+coughing+water_drops,0.8958333333333334
clapping+coughing+wind,0.9375
clapping+cow+crackling_fire,0.8333333333333334
clapping+cow+crickets,0.7916666666666666
clapping+cow+crow,0.7708333333333334
clapping+cow+crying_baby,0.75
clapping+cow+dog,0.7916666666666666
clapping+cow+door_wood_creaks,0.7083333333333334
clapping+cow+door_wood_knock,0.8125
clapping+cow+drinking_sipping,0.7708333333333334
clapping+cow+engine,0.7916666666666666
clapping+cow+fireworks,0.8125
clapping+cow+footsteps,0.7708333333333334
clapping+cow+frog,0.7708333333333334
clapping+cow+glass_breaking,0.7916666666666666
clapping+cow+hand_saw,0.7291666666666666
clapping+cow+helicopter,0.7916666666666666
clapping+cow+hen,0.6458333333333334
clapping+cow+insects,0.7083333333333334
clapping+cow+keyboard_typing,0.7083333333333334
clapping+cow+laughing,0.6458333333333334
clapping+cow+mouse_click,0.8333333333333334
clapping+cow+pig,0.6458333333333334
clapping+cow+pouring_water,0.75
clapping+cow+rain,0.7708333333333334
clapping+cow+rooster,0.7916666666666666
clapping+cow+sea_waves,0.7291666666666666
clapping+cow+sheep,0.625
clapping+cow+siren,0.6875
clapping+cow+sneezing,0.7916666666666666
clapping+cow+snoring,0.8333333333333334
clapping+cow+thunderstorm,0.8125
clapping+cow+toilet_flush,0.7083333333333334
clapping+cow+train,0.8125
clapping+cow+vacuum_cleaner,0.75
clapping+cow+washing_machine,0.7291666666666666
clapping+cow+water_drops,0.8125
clapping+cow+wind,0.8333333333333334
clapping+crackling_fire+crickets,0.8958333333333334
clapping+crackling_fire+crow,0.8541666666666666
clapping+crackling_fire+crying_baby,0.8541666666666666
clapping+crackling_fire+dog,0.9166666666666666
clapping+crackling_fire+door_wood_creaks,0.8333333333333334
clapping+crackling_fire+door_wood_knock,0.9375
clapping+crackling_fire+drinking_sipping,0.8541666666666666
clapping+crackling_fire+engine,0.8958333333333334
clapping+crackling_fire+fireworks,0.8333333333333334
clapping+crackling_fire+footsteps,0.8125
clapping+crackling_fire+frog,0.8125
clapping+crackling_fire+glass_breaking,0.875
clapping+crackling_fire+hand_saw,0.8333333333333334
clapping+crackling_fire+helicopter,0.9583333333333334
clapping+crackling_fire+hen,0.7708333333333334
clapping+crackling_fire+insects,0.8125
clapping+crackling_fire+keyboard_typing,0.8958333333333334
clapping+crackling_fire+laughing,0.7916666666666666
clapping+crackling_fire+mouse_click,0.6666666666666666
clapping+crackling_fire+pig,0.7708333333333334
clapping+crackling_fire+pouring_water,0.8541666666666666
clapping+crackling_fire+rain,0.8333333333333334
clapping+crackling_fire+rooster,0.9375
clapping+crackling_fire+sea_waves,0.875
clapping+crackling_fire+sheep,0.8333333333333334
clapping+crackling_fire+siren,0.9166666666666666
clapping+crackling_fire+sneezing,0.875
clapping+crackling_fire+snoring,0.7916666666666666
clapping+crackling_fire+thunderstorm,0.8125
clapping+crackling_fire+toilet_flush,0.8125
clapping+crackling_fire+train,0.9375
clapping+crackling_fire+vacuum_cleaner,0.8541666666666666
clapping+crackling_fire+washing_machine,0.8541666666666666
clapping+crackling_fire+water_drops,0.6666666666666666
clapping+crackling_fire+wind,0.9166666666666666
clapping+crickets+crow,0.8333333333333334
clapping+crickets+crying_baby,0.8125
clapping+crickets+dog,0.8958333333333334
clapping+crickets+door_wood_creaks,0.8333333333333334
clapping+crickets+door_wood_knock,0.9375
clapping+crickets+drinking_sipping,0.875
clapping+crickets+engine,0.875
clapping+crickets+fireworks,0.8958333333333334
clapping+crickets+footsteps,0.8958333333333334
clapping+crickets+frog,0.875
clapping+crickets+glass_breaking,0.875
clapping+crickets+hand_saw,0.7916666666666666
clapping+crickets+helicopter,0.8125
clapping+crickets+hen,0.75
clapping+crickets+insects,0.8333333333333334
clapping+crickets+keyboard_typing,0.875
clapping+crickets+laughing,0.7708333333333334
clapping+crickets+mouse_click,0.9166666666666666
clapping+crickets+pig,0.75
clapping+crickets+pouring_water,0.8125
clapping+crickets+rain,0.8333333333333334
clapping+crickets+rooster,0.8958333333333334
clapping+crickets+sea_waves,0.8333333333333334
clapping+crickets+sheep,0.8125
clapping+crickets+siren,0.8958333333333334
clapping+crickets+sneezing,0.8958333333333334
clapping+crickets+snoring,0.9166666666666666
clapping+crickets+thunderstorm,0.8958333333333334
clapping+crickets+toilet_flush,0.7916666666666666
clapping+crickets+train,0.875
clapping+crickets+vacuum_cleaner,0.8333333333333334
clapping+crickets+washing_machine,0.75
clapping+crickets+water_drops,0.875
clapping+crickets+wind,0.875
clapping+crow+crying_baby,0.7291666666666666
clapping+crow+dog,0.8125
clapping+crow+door_wood_creaks,0.6875
clapping+crow+door_wood_knock,0.875
clapping+crow+drinking_sipping,0.8333333333333334
clapping+crow+engine,0.8125
clapping+crow+fireworks,0.8125
clapping+crow+footsteps,0.8125
clapping+crow+frog,0.7291666666666666
clapping+crow+glass_breaking,0.8125
clapping+crow+hand_saw,0.6875
clapping+crow+helicopter,0.875
clapping+crow+hen,0.7083333333333334
clapping+crow+insects,0.8125
clapping+crow+keyboard_typing,0.7916666666666666
clapping+crow+laughing,0.7083333333333334
clapping+crow+mouse_click,0.7916666666666666
clapping+crow+pig,0.7083333333333334
clapping+crow+pouring_water,0.7083333333333334
clapping+crow+rain,0.7916666666666666
clapping+crow+rooster,0.7291666666666666
clapping+crow+sea_waves,0.7916666666666666
clapping+crow+sheep,0.7708333333333334
clapping+crow+siren,0.7916666666666666
clapping+crow+sneezing,0.8333333333333334
clapping+crow+snoring,0.8541666666666666
clapping+crow+thunderstorm,0.875
clapping+crow+toilet_flush,0.7291666666666666
clapping+crow+train,0.8541666666666666
clapping+crow+vacuum_cleaner,0.7708333333333334
clapping+crow+washing_machine,0.7916666666666666
clapping+crow+water_drops,0.8333333333333334
clapping+crow+wind,0.8541666666666666
clapping+crying_baby+dog,0.8125
clapping+crying_baby+door_wood_creaks,0.7291666666666666
clapping+crying_baby+door_wood_knock,0.8541666666666666
clapping+crying_baby+drinking_sipping,0.7916666666666666
clapping+crying_baby+engine,0.7916666666666666
clapping+crying_baby+fireworks,0.7708333333333334
clapping+crying_baby+footsteps,0.7708333333333334
clapping+crying_baby+frog,0.7916666666666666
clapping+crying_baby+glass_breaking,0.7916666666666666
clapping+crying_baby+hand_saw,0.7083333333333334
clapping+crying_baby+helicopter,0.8541666666666666
clapping+crying_baby+hen,0.6666666666666666
clapping+crying_baby+insects,0.8125
clapping+crying_baby+keyboard_typing,0.7708333333333334
clapping+crying_baby+laughing,0.6458333333333334
clapping+crying_baby+mouse_click,0.8333333333333334
clapping+crying_baby+pig,0.7083333333333334
clapping+crying_baby+pouring_water,0.625
clapping+crying_baby+rain,0.7708333333333334
clapping+crying_baby+rooster,0.7916666666666666
clapping+crying_baby+sea_waves,0.7708333333333334
clapping+crying_baby+sheep,0.6875
clapping+crying_baby+siren,0.7916666666666666
clapping+crying_baby+sneezing,0.8125
clapping+crying_baby+snoring,0.8125
clapping+crying_baby+thunderstorm,0.8333333333333334
clapping+crying_baby+toilet_flush,0.7291666666666666
clapping+crying_baby+train,0.8333333333333334
clapping+crying_baby+vacuum_cleaner,0.7291666666666666
clapping+crying_baby+washing_machine,0.7708333333333334
clapping+crying_baby+water_drops,0.8125
clapping+crying_baby+wind,0.8333333333333334
clapping+dog+door_wood_creaks,0.7708333333333334
clapping+dog+door_wood_knock,0.875
clapping+dog+drinking_sipping,0.7916666666666666
clapping+dog+engine,0.875
clapping+dog+fireworks,0.875
clapping+dog+footsteps,0.875
clapping+dog+frog,0.7916666666666666
clapping+dog+glass_breaking,0.875
clapping+dog+hand_saw,0.8125
clapping+dog+helicopter,0.9166666666666666
clapping+dog+hen,0.75
clapping+dog+insects,0.875
clapping+dog+keyboard_typing,0.8125
clapping+dog+laughing,0.625
clapping+dog+mouse_click,0.8958333333333334
clapping+dog+pig,0.7708333333333334
clapping+dog+pouring_water,0.75
clapping+dog+rain,0.8541666666666666
clapping+dog+rooster,0.8333333333333334
clapping+dog+sea_waves,0.8333333333333334
clapping+dog+sheep,0.7708333333333334
clapping+dog+siren,0.8541666666666666
clapping+dog+sneezing,0.8541666666666666
clapping+dog+snoring,0.9166666666666666
clapping+dog+thunderstorm,0.9166666666666666
clapping+dog+toilet_flush,0.8125
clapping+dog+train,0.9166666666666666
clapping+dog+vacuum_cleaner,0.7916666666666666
clapping+dog+washing_machine,0.8541666666666666
clapping+dog+water_drops,0.8125
clapping+dog+wind,0.9166666666666666
clapping+door_wood_creaks+door_wood_knock,0.7916666666666666
clapping+door_wood_creaks+drinking_sipping,0.7916666666666666
clapping+door_wood_creaks+engine,0.8125
clapping+door_wood_creaks+fireworks,0.75
clapping+door_wood_creaks+footsteps,0.7083333333333334
clapping+door_wood_creaks+frog,0.7708333333333334
clapping+door_wood_creaks+glass_breaking,0.6875
clapping+door_wood_creaks+hand_saw,0.6666666666666666
clapping+door_wood_creaks+helicopter,0.8333333333333334
clapping+door_wood_creaks+hen,0.7291666666666666
clapping+door_wood_creaks+insects,0.7708333333333334
clapping+door_wood_creaks+keyboard_typing,0.75
clapping+door_wood_creaks+laughing,0.625
clapping+door_wood_creaks+mouse_click,0.75
clapping+door_wood_creaks+pig,0.6666666666666666
clapping+door_wood_creaks+pouring_water,0.7083333333333334
clapping+door_wood_creaks+rain,0.75
clapping+door_wood_creaks+rooster,0.8333333333333334
clapping+door_wood_creaks+sea_waves,0.7916666666666666
clapping+door_wood_creaks+sheep,0.6875
clapping+door_wood_creaks+siren,0.8125
clapping+door_wood_creaks+sneezing,0.8125
clapping+door_wood_creaks+snoring,0.8125
clapping+door_wood_creaks+thunderstorm,0.8125
clapping+door_wood_creaks+toilet_flush,0.7291666666666666
clapping+door_wood_creaks+train,0.8333333333333334
clapping+door_wood_creaks+vacuum_cleaner,0.75
clapping+door_wood_creaks+washing_machine,0.7916666666666666
clapping+door_wood_creaks+water_drops,0.7916666666666666
clapping+door_wood_creaks+wind,0.8333333333333334
clapping+door_wood_knock+drinking_sipping,0.7916666666666666
clapping+door_wood_knock+engine,0.9166666666666666
clapping+door_wood_knock+fireworks,0.8333333333333334
clapping+door_wood_knock+footsteps,0.8125
clapping+door_wood_knock+frog,0.875
clapping+door_wood_knock+glass_breaking,0.9166666666666666
clapping+door_wood_knock+hand_saw,0.8333333333333334
clapping+door_wood_knock+helicopter,0.9791666666666666
clapping+door_wood_knock+hen,0.8125
clapping+door_wood_knock+insects,0.9375
clapping+door_wood_knock+keyboard_typing,0.8541666666666666
clapping+door_wood_knock+laughing,0.8333333333333334
clapping+door_wood_knock+mouse_click,0.8333333333333334
clapping+door_wood_knock+pig,0.75
clapping+door_wood_knock+pouring_water,0.8541666666666666
clapping+door_wood_knock+rain,0.8958333333333334
clapping+door_wood_knock+rooster,0.9166666666666666
clapping+door_wood_knock+sea_waves,0.8958333333333334
clapping+door_wood_knock+sheep,0.875
clapping+door_wood_knock+siren,0.9375
clapping+door_wood_knock+sneezing,0.9375
clapping+door_wood_knock+snoring,0.8333333333333334
clapping+door_wood_knock+thunderstorm,0.9375
clapping+door_wood_knock+toilet_flush,0.8333333333333334
clapping+door_wood_knock+train,0.9583333333333334
clapping+door_wood_knock+vacuum_cleaner,0.8541666666666666
clapping+door_wood_knock+washing_machine,0.875
clapping+door_wood_knock+water_drops,0.875
clapping+door_wood_knock+wind,0.9583333333333334
clapping+drinking_sipping+engine,0.875
clapping+drinking_sipping+fireworks,0.6875
clapping+drinking_sipping+footsteps,0.7708333333333334
clapping+drinking_sipping+frog,0.8333333333333334
clapping+drinking_sipping+glass_breaking,0.8541666666666666
clapping+drinking_sipping+hand_saw,0.8125
clapping+drinking_sipping+helicopter,0.9166666666666666
clapping+drinking_sipping+hen,0.7083333333333334
clapping+drinking_sipping+insects,0.7708333333333334
clapping+drinking_sipping+keyboard_typing,0.7291666666666666
clapping+drinking_sipping+laughing,0.6041666666666666
clapping+drinking_sipping+mouse_click,0.7708333333333334
clapping+drinking_sipping+pig,0.7916666666666666
clapping+drinking_sipping+pouring_water,0.7708333333333334
clapping+drinking_sipping+rain,0.8541666666666666
clapping+drinking_sipping+rooster,0.7916666666666666
clapping+drinking_sipping+sea_waves,0.8541666666666666
clapping+drinking_sipping+sheep,0.8125
clapping+drinking_sipping+siren,0.8541666666666666
clapping+drinking_sipping+sneezing,0.7916666666666666
clapping+drinking_sipping+snoring,0.8333333333333334
clapping+drinking_sipping+thunderstorm,0.9375
clapping+drinking_sipping+toilet_flush,0.8125
clapping+drinking_sipping+train,0.9166666666666666
clapping+drinking_sipping+vacuum_cleaner,0.8125
clapping+drinking_sipping+washing_machine,0.8333333333333334
clapping+drinking_sipping+water_drops,0.7083333333333334
clapping+drinking_sipping+wind,0.8958333333333334
clapping+engine+fireworks,0.875
clapping+engine+footsteps,0.875
clapping+engine+frog,0.8541666666666666
clapping+engine+glass_breaking,0.8541666666666666
clapping+engine+hand_saw,0.7708333333333334
clapping+engine+helicopter,0.7291666666666666
clapping+engine+hen,0.7708333333333334
clapping+engine+insects,0.875
clapping+engine+keyboard_typing,0.875
clapping+engine+laughing,0.7708333333333334
clapping+engine+mouse_click,0.875
clapping+engine+pig,0.75
clapping+engine+pouring_water,0.7916666666666666
clapping+engine+rain,0.75
clapping+engine+rooster,0.875
clapping+engine+sea_waves,0.7916666666666666
clapping+engine+sheep,0.7708333333333334
clapping+engine+siren,0.875
clapping+engine+sneezing,0.875
clapping+engine+snoring,0.875
clapping+engine+thunderstorm,0.8958333333333334
clapping+engine+toilet_flush,0.7708333333333334
clapping+engine+train,0.8541666666666666
clapping+engine+vacuum_cleaner,0.7916666666666666
clapping+engine+washing_machine,0.7291666666666666
clapping+engine+water_drops,0.875
clapping+engine+wind,0.8125
clapping+fireworks+footsteps,0.625
clapping+fireworks+frog,0.7916666666666666
clapping+fireworks+glass_breaking,0.875
clapping+fireworks+hand_saw,0.8125
clapping+fireworks+helicopter,0.9166666666666666
clapping+fireworks+hen,0.7708333333333334
clapping+fireworks+insects,0.875
clapping+fireworks+keyboard_typing,0.75
clapping+fireworks+laughing,0.6875
clapping+fireworks+mouse_click,0.8125
clapping+fireworks+pig,0.7916666666666666
clapping+fireworks+pouring_water,0.7916666666666666
clapping+fireworks+rain,0.875
clapping+fireworks+rooster,0.9166666666666666
clapping+fireworks+sea_waves,0.8541666666666666
clapping+fireworks+sheep,0.75
clapping+fireworks+siren,0.8958333333333334
clapping+fireworks+sneezing,0.875
clapping+fireworks+snoring,0.8958333333333334
clapping+fireworks+thunderstorm,0.9166666666666666
clapping+fireworks+toilet_flush,0.8125
clapping+fireworks+train,0.9166666666666666
clapping+fireworks+vacuum_cleaner,0.8125
clapping+fireworks+washing_machine,0.8541666666666666
clapping+fireworks+water_drops,0.8333333333333334
clapping+fireworks+wind,0.9166666666666666
clapping+footsteps+frog,0.7916666666666666
clapping+footsteps+glass_breaking,0.8541666666666666
clapping+footsteps+hand_saw,0.7916666666666666
clapping+footsteps+helicopter,0.8958333333333334
clapping+footsteps+hen,0.75
clapping+footsteps+insects,0.8125
clapping+footsteps+keyboard_typing,0.7291666666666666
clapping+footsteps+laughing,0.6875
clapping+footsteps+mouse_click,0.75
clapping+footsteps+pig,0.75
clapping+footsteps+pouring_water,0.7291666666666666
clapping+footsteps+rain,0.8333333333333334
clapping+footsteps+rooster,0.875
clapping+footsteps+sea_waves,0.8333333333333334
clapping+footsteps+sheep,0.7916666666666666
clapping+footsteps+siren,0.8958333333333334
clapping+footsteps+sneezing,0.8541666666666666
clapping+footsteps+snoring,0.7708333333333334
clapping+footsteps+thunderstorm,0.8541666666666666
clapping+footsteps+toilet_flush,0.8125
clapping+footsteps+train,0.9166666666666666
clapping+footsteps+vacuum_cleaner,0.8125
clapping+footsteps+washing_machine,0.8333333333333334
clapping+footsteps+water_drops,0.8333333333333334
clapping+footsteps+wind,0.9166666666666666
clapping+frog+glass_breaking,0.8541666666666666
clapping+frog+hand_saw,0.7708333333333334
clapping+frog+helicopter,0.9166666666666666
clapping+frog+hen,0.7291666666666666
clapping+frog+insects,0.8333333333333334
clapping+frog+keyboard_typing,0.7291666666666666
clapping+frog+laughing,0.7291666666666666
clapping+frog+mouse_click,0.7916666666666666
clapping+frog+pig,0.75
clapping+frog+pouring_water,0.7916666666666666
clapping+frog+rain,0.8333333333333334
clapping+frog+rooster,0.875
clapping+frog+sea_waves,0.8125
clapping+frog+sheep,0.7083333333333334
clapping+frog+siren,0.8541666666666666
clapping+frog+sneezing,0.875
clapping+frog+snoring,0.8541666666666666
clapping+frog+thunderstorm,0.8541666666666666
clapping+frog+toilet_flush,0.7708333333333334
clapping+frog+train,0.8958333333333334
clapping+frog+vacuum_cleaner,0.7916666666666666
clapping+frog+washing_machine,0.8125
clapping+frog+water_drops,0.8125
clapping+frog+wind,0.8958333333333334
clapping+glass_breaking+hand_saw,0.75
clapping+glass_breaking+helicopter,0.9166666666666666
clapping+glass_breaking+hen,0.7708333333333334
clapping+glass_breaking+insects,0.8541666666666666
clapping+glass_breaking+keyboard_typing,0.7916666666666666
clapping+glass_breaking+laughing,0.7708333333333334
clapping+glass_breaking+mouse_click,0.7083333333333334
clapping+glass_breaking+pig,0.7291666666666666
clapping+glass_breaking+pouring_water,0.75
clapping+glass_breaking+rain,0.8333333333333334
clapping+glass_breaking+rooster,0.8333333333333334
clapping+glass_breaking+sea_waves,0.8333333333333334
clapping+glass_breaking+sheep,0.8125
clapping+glass_breaking+siren,0.875
clapping+glass_breaking+sneezing,0.7291666666666666
clapping+glass_breaking+snoring,0.8958333333333334
clapping+glass_breaking+thunderstorm,0.8958333333333334
clapping+glass_breaking+toilet_flush,0.7708333333333334
clapping+glass_breaking+train,0.8958333333333334
clapping+glass_breaking+vacuum_cleaner,0.7916666666666666
clapping+glass_breaking+washing_machine,0.8333333333333334
clapping+glass_breaking+water_drops,0.7916666666666666
clapping+glass_breaking+wind,0.8958333333333334
clapping+hand_saw+helicopter,0.8541666666666666
clapping+hand_saw+hen,0.6875
clapping+hand_saw+insects,0.7916666666666666
clapping+hand_saw+keyboard_typing,0.7916666666666666
clapping+hand_saw+laughing,0.6875
clapping+hand_saw+mouse_click,0.8541666666666666
clapping+hand_saw+pig,0.6041666666666666
clapping+hand_saw+pouring_water,0.6875
clapping+hand_saw+rain,0.7708333333333334
clapping+hand_saw+rooster,0.7916666666666666
clapping+hand_saw+sea_waves,0.7083333333333334
clapping+hand_saw+sheep,0.7291666666666666
clapping+hand_saw+siren,0.8125
clapping+hand_saw+sneezing,0.7916666666666666
clapping+hand_saw+snoring,0.8333333333333334
clapping+hand_saw+thunderstorm,0.8333333333333334
clapping+hand_saw+toilet_flush,0.6041666666666666
clapping+hand_saw+train,0.8333333333333334
clapping+hand_saw+vacuum_cleaner,0.6875
clapping+hand_saw+washing_machine,0.7708333333333334
clapping+hand_saw+water_drops,0.8333333333333334
clapping+hand_saw+wind,0.8333333333333334
clapping+helicopter+hen,0.7916666666666666
clapping+helicopter+insects,0.8333333333333334
clapping+helicopter+keyboard_typing,0.9375
clapping+helicopter+laughing,0.8125
clapping+helicopter+mouse_click,0.8541666666666666
clapping+helicopter+pig,0.7916666666666666
clapping+helicopter+pouring_water,0.8541666666666666
clapping+helicopter+rain,0.8125
clapping+helicopter+rooster,0.9166666666666666
clapping+helicopter+sea_waves,0.8333333333333334
clapping+helicopter+sheep,0.8541666666666666
clapping+helicopter+siren,0.875
clapping+helicopter+sneezing,0.9375
clapping+helicopter+snoring,0.9583333333333334
clapping+helicopter+thunderstorm,0.8125
clapping+helicopter+toilet_flush,0.8333333333333334
clapping+helicopter+train,0.7916666666666666
clapping+helicopter+vacuum_cleaner,0.8333333333333334
clapping+helicopter+washing_machine,0.6666666666666666
clapping+helicopter+water_drops,0.9583333333333334
clapping+helicopter+wind,0.6666666666666666
clapping+hen+insects,0.7083333333333334
clapping+hen+keyboard_typing,0.6666666666666666
clapping+hen+laughing,0.5625
clapping+hen+mouse_click,0.7916666666666666
clapping+hen+pig,0.625
clapping+hen+pouring_water,0.625
clapping+hen+rain,0.7083333333333334
clapping+hen+rooster,0.75
clapping+hen+sea_waves,0.7083333333333334
clapping+hen+sheep,0.625
clapping+hen+siren,0.7916666666666666
clapping+hen+sneezing,0.7708333333333334
clapping+hen+snoring,0.7916666666666666
clapping+hen+thunderstorm,0.7916666666666666
clapping+hen+toilet_flush,0.7083333333333334
clapping+hen+train,0.8125
clapping+hen+vacuum_cleaner,0.7083333333333334
clapping+hen+washing_machine,0.7291666666666666
clapping+hen+water_drops,0.7916666666666666
clapping+hen+wind,0.8125
clapping+insects+keyboard_typing,0.8333333333333334
clapping+insects+laughing,0.7083333333333334
clapping+insects+mouse_click,0.7916666666666666
clapping+insects+pig,0.7083333333333334
clapping+insects+pouring_water,0.7916666666666666
clapping+insects+rain,0.6666666666666666
clapping+insects+rooster,0.8958333333333334
clapping+insects+sea_waves,0.7708333333333334
clapping+insects+sheep,0.8125
clapping+insects+siren,0.8958333333333334
clapping+insects+sneezing,0.875
clapping+insects+snoring,0.8958333333333334
clapping+insects+thunderstorm,0.8541666666666666
clapping+insects+toilet_flush,0.8125
clapping+insects+train,0.8125
clapping+insects+vacuum_cleaner,0.7708333333333334
clapping+insects+washing_machine,0.6875
clapping+insects+water_drops,0.8541666666666666
clapping+insects+wind,0.8125
clapping+keyboard_typing+laughing,0.5416666666666666
clapping+keyboard_typing+mouse_click,0.8125
clapping+keyboard_typing+pig,0.7708333333333334
clapping+keyboard_typing+pouring_water,0.6875
clapping+keyboard_typing+rain,0.8541666666666666
clapping+keyboard_typing+rooster,0.8333333333333334
clapping+keyboard_typing+sea_waves,0.8541666666666666
clapping+keyboard_typing+sheep,0.7708333333333334
clapping+keyboard_typing+siren,0.875
clapping+keyboard_typing+sneezing,0.8125
clapping+keyboard_typing+snoring,0.8333333333333334
clapping+keyboard_typing+thunderstorm,0.9166666666666666
clapping+keyboard_typing+toilet_flush,0.7916666666666666
clapping+keyboard_typing+train,0.9166666666666666
clapping+keyboard_typing+vacuum_cleaner,0.8125
clapping+keyboard_typing+washing_machine,0.8333333333333334
clapping+keyboard_typing+water_drops,0.8333333333333334
clapping+keyboard_typing+wind,0.9166666666666666
clapping+laughing+mouse_click,0.7708333333333334
clapping+laughing+pig,0.6458333333333334
clapping+laughing+pouring_water,0.625
clapping+laughing+rain,0.7291666666666666
clapping+laughing+rooster,0.625
clapping+laughing+sea_waves,0.7291666666666666
clapping+laughing+sheep,0.625
clapping+laughing+siren,0.7708333333333334
clapping+laughing+sneezing,0.75
clapping+laughing+snoring,0.7916666666666666
clapping+laughing+thunderstorm,0.8125
clapping+laughing+toilet_flush,0.6875
clapping+laughing+train,0.7916666666666666
clapping+laughing+vacuum_cleaner,0.7083333333333334
clapping+laughing+washing_machine,0.75
clapping+laughing+water_drops,0.7916666666666666
clapping+laughing+wind,0.8125
clapping+mouse_click+pig,0.7708333333333334
clapping+mouse_click+pouring_water,0.8125
clapping+mouse_click+rain,0.8125
clapping+mouse_click+rooster,0.9375
clapping+mouse_click+sea_waves,0.875
clapping+mouse_click+sheep,0.8333333333333334
clapping+mouse_click+siren,0.8958333333333334
clapping+mouse_click+sneezing,0.8125
clapping+mouse_click+snoring,0.8125
clapping+mouse_click+thunderstorm,0.875
clapping+mouse_click+toilet_flush,0.8125
clapping+mouse_click+train,0.9166666666666666
clapping+mouse_click+vacuum_cleaner,0.8333333333333334
clapping+mouse_click+washing_machine,0.875
clapping+mouse_click+water_drops,0.6875
clapping+mouse_click+wind,0.9166666666666666
clapping+pig+pouring_water,0.625
clapping+pig+rain,0.7291666666666666
clapping+pig+rooster,0.7708333333333334
clapping+pig+sea_waves,0.7291666666666666
clapping+pig+sheep,0.6458333333333334
clapping+pig+siren,0.75
clapping+pig+sneezing,0.75
clapping+pig+snoring,0.7291666666666666
clapping+pig+thunderstorm,0.7916666666666666
clapping+pig+toilet_flush,0.6875
clapping+pig+train,0.7916666666666666
clapping+pig+vacuum_cleaner,0.6666666666666666
clapping+pig+washing_machine,0.6875
clapping+pig+water_drops,0.8125
clapping+pig+wind,0.7916666666666666
clapping+pouring_water+rain,0.7708333333333334
clapping+pouring_water+rooster,0.7083333333333334
clapping+pouring_water+sea_waves,0.7708333333333334
clapping+pouring_water+sheep,0.6666666666666666
clapping+pouring_water+siren,0.7708333333333334
clapping+pouring_water+sneezing,0.7708333333333334
clapping+pouring_water+snoring,0.8333333333333334
clapping+pouring_water+thunderstorm,0.8333333333333334
clapping+pouring_water+toilet_flush,0.7083333333333334
clapping+pouring_water+train,0.8333333333333334
clapping+pouring_water+vacuum_cleaner,0.7291666666666666
clapping+pouring_water+washing_machine,0.7708333333333334
clapping+pouring_water+water_drops,0.75
clapping+pouring_water+wind,0.8333333333333334
clapping+rain+rooster,0.8541666666666666
clapping+rain+sea_waves,0.75
clapping+rain+sheep,0.7291666666666666
clapping+rain+siren,0.7916666666666666
clapping+rain+sneezing,0.8541666666666666
clapping+rain+snoring,0.8333333333333334
clapping+rain+thunderstorm,0.8333333333333334
clapping+rain+toilet_flush,0.75
clapping+rain+train,0.7291666666666666
clapping+rain+vacuum_cleaner,0.75
clapping+rain+washing_machine,0.6666666666666666
clapping+rain+water_drops,0.8541666666666666
clapping+rain+wind,0.7291666666666666
clapping+rooster+sea_waves,0.8541666666666666
clapping+rooster+sheep,0.8541666666666666
clapping+rooster+siren,0.875
clapping+rooster+sneezing,0.8333333333333334
clapping+rooster+snoring,0.9166666666666666
clapping+rooster+thunderstorm,0.9166666666666666
clapping+rooster+toilet_flush,0.8125
clapping+rooster+train,0.9166666666666666
clapping+rooster+vacuum_cleaner,0.8125
clapping+rooster+washing_machine,0.8541666666666666
clapping+rooster+water_drops,0.9166666666666666
clapping+rooster+wind,0.9166666666666666
clapping+sea_waves+sheep,0.7916666666666666
clapping+sea_waves+siren,0.8541666666666666
clapping+sea_waves+sneezing,0.8541666666666666
clapping+sea_waves+snoring,0.8541666666666666
clapping+sea_waves+thunderstorm,0.8541666666666666
clapping+sea_waves+toilet_flush,0.7291666666666666
clapping+sea_waves+train,0.8541666666666666
clapping+sea_waves+vacuum_cleaner,0.6875
clapping+sea_waves+washing_machine,0.7291666666666666
clapping+sea_waves+water_drops,0.8958333333333334
clapping+sea_waves+wind,0.8541666666666666
clapping+sheep+siren,0.75
clapping+sheep+sneezing,0.8125
clapping+sheep+snoring,0.8333333333333334
clapping+sheep+thunderstorm,0.7708333333333334
clapping+sheep+toilet_flush,0.7083333333333334
clapping+sheep+train,0.7708333333333334
clapping+sheep+vacuum_cleaner,0.7291666666666666
clapping+sheep+washing_machine,0.7708333333333334
clapping+sheep+water_drops,0.8541666666666666
clapping+sheep+wind,0.8333333333333334
clapping+siren+sneezing,0.8958333333333334
clapping+siren+snoring,0.9166666666666666
clapping+siren+thunderstorm,0.9166666666666666
clapping+siren+toilet_flush,0.7916666666666666
clapping+siren+train,0.8125
clapping+siren+vacuum_cleaner,0.8125
clapping+siren+washing_machine,0.8541666666666666
clapping+siren+water_drops,0.8958333333333334
clapping+siren+wind,0.8958333333333334
clapping+sneezing+snoring,0.9166666666666666
clapping+sneezing+thunderstorm,0.9166666666666666
clapping+sneezing+toilet_flush,0.7916666666666666
clapping+sneezing+train,0.9166666666666666
clapping+sneezing+vacuum_cleaner,0.8125
clapping+sneezing+washing_machine,0.8541666666666666
clapping+sneezing+water_drops,0.8125
clapping+sneezing+wind,0.9166666666666666
clapping+snoring+thunderstorm,0.8958333333333334
clapping+snoring+toilet_flush,0.8125
clapping+snoring+train,0.9166666666666666
clapping+snoring+vacuum_cleaner,0.8333333333333334
clapping+snoring+washing_machine,0.8125
clapping+snoring+water_drops,0.8541666666666666
clapping+snoring+wind,0.9166666666666666
clapping+thunderstorm+toilet_flush,0.8125
clapping+thunderstorm+train,0.9166666666666666
clapping+thunderstorm+vacuum_cleaner,0.8333333333333334
clapping+thunderstorm+washing_machine,0.7708333333333334
clapping+thunderstorm+water_drops,0.8958333333333334
clapping+thunderstorm+wind,0.9166666666666666
clapping+toilet_flush+train,0.8125
clapping+toilet_flush+vacuum_cleaner,0.6875
clapping+toilet_flush+washing_machine,0.7291666666666666
clapping+toilet_flush+water_drops,0.8333333333333334
clapping+toilet_flush+wind,0.8125
clapping+train+vacuum_cleaner,0.8333333333333334
clapping+train+washing_machine,0.7708333333333334
clapping+train+water_drops,0.9375
clapping+train+wind,0.7916666666666666
clapping+vacuum_cleaner+washing_machine,0.7708333333333334
clapping+vacuum_cleaner+water_drops,0.8541666666666666
clapping+vacuum_cleaner+wind,0.8125
clapping+washing_machine+water_drops,0.8958333333333334
clapping+washing_machine+wind,0.7083333333333334
clapping+water_drops+wind,0.9166666666666666
clock_alarm+clock_tick+coughing,0.6666666666666666
clock_alarm+clock_tick+cow,0.7916666666666666
clock_alarm+clock_tick+crackling_fire,0.75
clock_alarm+clock_tick+crickets,0.7708333333333334
clock_alarm+clock_tick+crow,0.7916666666666666
clock_alarm+clock_tick+crying_baby,0.6666666666666666
clock_alarm+clock_tick+dog,0.7083333333333334
clock_alarm+clock_tick+door_wood_creaks,0.5833333333333334
clock_alarm+clock_tick+door_wood_knock,0.7291666666666666
clock_alarm+clock_tick+drinking_sipping,0.6875
clock_alarm+clock_tick+engine,0.8541666666666666
clock_alarm+clock_tick+fireworks,0.6458333333333334
clock_alarm+clock_tick+footsteps,0.6458333333333334
clock_alarm+clock_tick+frog,0.6458333333333334
clock_alarm+clock_tick+glass_breaking,0.7916666666666666
clock_alarm+clock_tick+hand_saw,0.7916666666666666
clock_alarm+clock_tick+helicopter,0.7916666666666666
clock_alarm+clock_tick+hen,0.625
clock_alarm+clock_tick+insects,0.5625
clock_alarm+clock_tick+keyboard_typing,0.5416666666666666
clock_alarm+clock_tick+laughing,0.6041666666666666
clock_alarm+clock_tick+mouse_click,0.625
clock_alarm+clock_tick+pig,0.5833333333333334
clock_alarm+clock_tick+pouring_water,0.6041666666666666
clock_alarm+clock_tick+rain,0.8333333333333334
clock_alarm+clock_tick+rooster,0.7916666666666666
clock_alarm+clock_tick+sea_waves,0.7916666666666666
clock_alarm+clock_tick+sheep,0.7083333333333334
clock_alarm+clock_tick+siren,0.7916666666666666
clock_alarm+clock_tick+sneezing,0.7291666666666666
clock_alarm+clock_tick+snoring,0.7083333333333334
clock_alarm+clock_tick+thunderstorm,0.8125
clock_alarm+clock_tick+toilet_flush,0.75
clock_alarm+clock_tick+train,0.8541666666666666
clock_alarm+clock_tick+vacuum_cleaner,0.8541666666666666
clock_alarm+clock_tick+washing_machine,0.7291666666666666
clock_alarm+clock_tick+water_drops,0.5625
clock_alarm+clock_tick+wind,0.8333333333333334
clock_alarm+coughing+cow,0.8333333333333334
clock_alarm+coughing+crackling_fire,0.875
clock_alarm+coughing+crickets,0.8333333333333334
clock_alarm+coughing+crow,0.875
clock_alarm+coughing+crying_baby,0.7916666666666666
clock_alarm+coughing+dog,0.8541666666666666
clock_alarm+coughing+door_wood_creaks,0.8333333333333334
clock_alarm+coughing+door_wood_knock,0.8541666666666666
clock_alarm+coughing+drinking_sipping,0.6666666666666666
clock_alarm+coughing+engine,0.875
clock_alarm+coughing+fireworks,0.875
clock_alarm+coughing+footsteps,0.8125
clock_alarm+coughing+frog,0.8541666666666666
clock_alarm+coughing+glass_breaking,0.7708333333333334
clock_alarm+coughing+hand_saw,0.8333333333333334
clock_alarm+coughing+helicopter,0.9166666666666666
clock_alarm+coughing+hen,0.8541666666666666
clock_alarm+coughing+insects,0.8541666666666666
clock_alarm+coughing+keyboard_typing,0.7708333333333334
clock_alarm+coughing+laughing,0.8125
clock_alarm+coughing+mouse_click,0.7916666666666666
clock_alarm+coughing+pig,0.7916666666666666
clock_alarm+coughing+pouring_water,0.7083333333333334
clock_alarm+coughing+rain,0.875
clock_alarm+coughing+rooster,0.8333333333333334
clock_alarm+coughing+sea_waves,0.9166666666666666
clock_alarm+coughing+sheep,0.9166666666666666
clock_alarm+coughing+siren,0.9166666666666666
clock_alarm+coughing+sneezing,0.6875
clock_alarm+coughing+snoring,0.8958333333333334
clock_alarm+coughing+thunderstorm,0.9166666666666666
clock_alarm+coughing+toilet_flush,0.8541666666666666
clock_alarm+coughing+train,0.9166666666666666
clock_alarm+coughing+vacuum_cleaner,0.9166666666666666
clock_alarm+coughing+washing_machine,0.9166666666666666
clock_alarm+coughing+water_drops,0.8125
clock_alarm+coughing+wind,0.9166666666666666
clock_alarm+cow+crackling_fire,0.9166666666666666
clock_alarm+cow+crickets,0.875
clock_alarm+cow+crow,0.875
clock_alarm+cow+crying_baby,0.8541666666666666
clock_alarm+cow+dog,0.8541666666666666
clock_alarm+cow+door_wood_creaks,0.7291666666666666
clock_alarm+cow+door_wood_knock,0.9375
clock_alarm+cow+drinking_sipping,0.8958333333333334
clock_alarm+cow+engine,0.9583333333333334
clock_alarm+cow+fireworks,0.9166666666666666
clock_alarm+cow+footsteps,0.8541666666666666
clock_alarm+cow+frog,0.8541666666666666
clock_alarm+cow+glass_breaking,0.8958333333333334
clock_alarm+cow+hand_saw,0.875
clock_alarm+cow+helicopter,0.9166666666666666
clock_alarm+cow+hen,0.7708333333333334
clock_alarm+cow+insects,0.7708333333333334
clock_alarm+cow+keyboard_typing,0.7083333333333334
clock_alarm+cow+laughing,0.7708333333333334
clock_alarm+cow+mouse_click,0.9166666666666666
clock_alarm+cow+pig,0.6666666666666666
clock_alarm+cow+pouring_water,0.8125
clock_alarm+cow+rain,0.8958333333333334
clock_alarm+cow+rooster,0.8541666666666666
clock_alarm+cow+sea_waves,0.8958333333333334
clock_alarm+cow+sheep,0.75
clock_alarm+cow+siren,0.7916666666666666
clock_alarm+cow+sneezing,0.8958333333333334
clock_alarm+cow+snoring,0.9375
clock_alarm+cow+thunderstorm,0.9166666666666666
clock_alarm+cow+toilet_flush,0.8333333333333334
clock_alarm+cow+train,0.9583333333333334
clock_alarm+cow+vacuum_cleaner,0.9583333333333334
clock_alarm+cow+washing_machine,0.875
clock_alarm+cow+water_drops,0.875
clock_alarm+cow+wind,0.9791666666666666
clock_alarm+crackling_fire+crickets,0.8333333333333334
clock_alarm+crackling_fire+crow,0.8541666666666666
clock_alarm+crackling_fire+crying_baby,0.875
clock_alarm+crackling_fire+dog,0.875
clock_alarm+crackling_fire+door_wood_creaks,0.8125
clock_alarm+crackling_fire+door_wood_knock,0.8958333333333334
clock_alarm+crackling_fire+drinking_sipping,0.8541666666666666
clock_alarm+crackling_fire+engine,0.9166666666666666
clock_alarm+crackling_fire+fireworks,0.8125
clock_alarm+crackling_fire+footsteps,0.7708333333333334
clock_alarm+crackling_fire+frog,0.7708333333333334
clock_alarm+crackling_fire+glass_breaking,0.8333333333333334
clock_alarm+crackling_fire+hand_saw,0.8541666666666666
clock_alarm+crackling_fire+helicopter,0.9166666666666666
clock_alarm+crackling_fire+hen,0.8125
clock_alarm+crackling_fire+insects,0.7291666666666666
clock_alarm+crackling_fire+keyboard_typing,0.7916666666666666
clock_alarm+crackling_fire+laughing,0.8541666666666666
clock_alarm+crackling_fire+mouse_click,0.625
clock_alarm+crackling_fire+pig,0.75
clock_alarm+crackling_fire+pouring_water,0.8125
clock_alarm+crackling_fire+rain,0.8541666666666666
clock_alarm+crackling_fire+rooster,0.9166666666666666
clock_alarm+crackling_fire+sea_waves,0.8958333333333334
clock_alarm+crackling_fire+sheep,0.8541666666666666
clock_alarm+crackling_fire+siren,0.8958333333333334
clock_alarm+crackling_fire+sneezing,0.8541666666666666
clock_alarm+crackling_fire+snoring,0.75
clock_alarm+crackling_fire+thunderstorm,0.7916666666666666
clock_alarm+crackling_fire+toilet_flush,0.8541666666666666
clock_alarm+crackling_fire+train,0.9166666666666666
clock_alarm+crackling_fire+vacuum_cleaner,0.9375
clock_alarm+crackling_fire+washing_machine,0.8958333333333334
clock_alarm+crackling_fire+water_drops,0.5625
clock_alarm+crackling_fire+wind,0.8958333333333334
clock_alarm+crickets+crow,0.8541666666666666
clock_alarm+crickets+crying_baby,0.8541666666666666
clock_alarm+crickets+dog,0.8333333333333334
clock_alarm+crickets+door_wood_creaks,0.7708333333333334
clock_alarm+crickets+door_wood_knock,0.8958333333333334
clock_alarm+crickets+drinking_sipping,0.875
clock_alarm+crickets+engine,0.875
clock_alarm+crickets+fireworks,0.875
clock_alarm+crickets+footsteps,0.8541666666666666
clock_alarm+crickets+frog,0.8333333333333334
clock_alarm+crickets+glass_breaking,0.8125
clock_alarm+crickets+hand_saw,0.8125
clock_alarm+crickets+helicopter,0.7708333333333334
clock_alarm+crickets+hen,0.7708333333333334
clock_alarm+crickets+insects,0.75
clock_alarm+crickets+keyboard_typing,0.75
clock_alarm+crickets+laughing,0.8333333333333334
clock_alarm+crickets+mouse_click,0.8541666666666666
clock_alarm+crickets+pig,0.7083333333333334
clock_alarm+crickets+pouring_water,0.7916666666666666
clock_alarm+crickets+rain,0.8333333333333334
clock_alarm+crickets+rooster,0.8541666666666666
clock_alarm+crickets+sea_waves,0.8333333333333334
clock_alarm+crickets+sheep,0.8333333333333334
clock_alarm+crickets+siren,0.875
clock_alarm+crickets+sneezing,0.8541666666666666
clock_alarm+crickets+snoring,0.875
clock_alarm+crickets+thunderstorm,0.875
clock_alarm+crickets+toilet_flush,0.8333333333333334
clock_alarm+crickets+train,0.8333333333333334
clock_alarm+crickets+vacuum_cleaner,0.8958333333333334
clock_alarm+crickets+washing_machine,0.75
clock_alarm+crickets+water_drops,0.7708333333333334
clock_alarm+crickets+wind,0.8333333333333334
clock_alarm+crow+crying_baby,0.8125
clock_alarm+crow+dog,0.8541666666666666
clock_alarm+crow+door_wood_creaks,0.6875
clock_alarm+crow+door_wood_knock,0.9166666666666666
clock_alarm+crow+drinking_sipping,0.8958333333333334
clock_alarm+crow+engine,0.875
clock_alarm+crow+fireworks,0.8541666666666666
clock_alarm+crow+footsteps,0.875
clock_alarm+crow+frog,0.7708333333333334
clock_alarm+crow+glass_breaking,0.875
clock_alarm+crow+hand_saw,0.8125
clock_alarm+crow+helicopter,0.9166666666666666
clock_alarm+crow+hen,0.8541666666666666
clock_alarm+crow+insects,0.8541666666666666
clock_alarm+crow+keyboard_typing,0.7916666666666666
clock_alarm+crow+laughing,0.7916666666666666
clock_alarm+crow+mouse_click,0.8333333333333334
clock_alarm+crow+pig,0.7083333333333334
clock_alarm+crow+pouring_water,0.7708333333333334
clock_alarm+crow+rain,0.875
clock_alarm+crow+rooster,0.7708333333333334
clock_alarm+crow+sea_waves,0.8958333333333334
clock_alarm+crow+sheep,0.875
clock_alarm+crow+siren,0.8541666666666666
clock_alarm+crow+sneezing,0.8958333333333334
clock_alarm+crow+snoring,0.9166666666666666
clock_alarm+crow+thunderstorm,0.8958333333333334
clock_alarm+crow+toilet_flush,0.7916666666666666
clock_alarm+crow+train,0.9375
clock_alarm+crow+vacuum_cleaner,0.8958333333333334
clock_alarm+crow+washing_machine,0.8541666666666666
clock_alarm+crow+water_drops,0.8333333333333334
clock_alarm+crow+wind,0.9375
clock_alarm+crying_baby+dog,0.75
clock_alarm+crying_baby+door_wood_creaks,0.7291666666666666
clock_alarm+crying_baby+door_wood_knock,0.9166666666666666
clock_alarm+crying_baby+drinking_sipping,0.8125
clock_alarm+crying_baby+engine,0.9166666666666666
clock_alarm+crying_baby+fireworks,0.8333333333333334
clock_alarm+crying_baby+footsteps,0.75
clock_alarm+crying_baby+frog,0.8541666666666666
clock_alarm+crying_baby+glass_breaking,0.7708333333333334
clock_alarm+crying_baby+hand_saw,0.8125
clock_alarm+crying_baby+helicopter,0.9166666666666666
clock_alarm+crying_baby+hen,0.7708333333333334
clock_alarm+crying_baby+insects,0.8125
clock_alarm+crying_baby+keyboard_typing,0.7291666666666666
clock_alarm+crying_baby+laughing,0.7083333333333334
clock_alarm+crying_baby+mouse_click,0.8333333333333334
clock_alarm+crying_baby+pig,0.7291666666666666
clock_alarm+crying_baby+pouring_water,0.625
clock_alarm+crying_baby+rain,0.8958333333333334
clock_alarm+crying_baby+rooster,0.7916666666666666
clock_alarm+crying_baby+sea_waves,0.9166666666666666
clock_alarm+crying_baby+sheep,0.75
clock_alarm+crying_baby+siren,0.8541666666666666
clock_alarm+crying_baby+sneezing,0.8333333333333334
clock_alarm+crying_baby+snoring,0.875
clock_alarm+crying_baby+thunderstorm,0.8958333333333334
clock_alarm+crying_baby+toilet_flush,0.875
clock_alarm+crying_baby+train,0.8958333333333334
clock_alarm+crying_baby+vacuum_cleaner,0.9166666666666666
clock_alarm+crying_baby+washing_machine,0.8958333333333334
clock_alarm+crying_baby+water_drops,0.8333333333333334
clock_alarm+crying_baby+wind,0.9166666666666666
clock_alarm+dog+door_wood_creaks,0.7291666666666666
clock_alarm+dog+door_wood_knock,0.8541666666666666
clock_alarm+dog+drinking_sipping,0.7916666666666666
clock_alarm+dog+engine,0.8958333333333334
clock_alarm+dog+fireworks,0.8541666666666666
clock_alarm+dog+footsteps,0.8541666666666666
clock_alarm+dog+frog,0.75
clock_alarm+dog+glass_breaking,0.875
clock_alarm+dog+hand_saw,0.8958333333333334
clock_alarm+dog+helicopter,0.8958333333333334
clock_alarm+dog+hen,0.7708333333333334
clock_alarm+dog+insects,0.8541666666666666
clock_alarm+dog+keyboard_typing,0.7291666666666666
clock_alarm+dog+laughing,0.5833333333333334
clock_alarm+dog+mouse_click,0.8958333333333334
clock_alarm+dog+pig,0.75
clock_alarm+dog+pouring_water,0.7291666666666666
clock_alarm+dog+rain,0.8541666666666666
clock_alarm+dog+rooster,0.8125
clock_alarm+dog+sea_waves,0.875
clock_alarm+dog+sheep,0.8125
clock_alarm+dog+siren,0.8333333333333334
clock_alarm+dog+sneezing,0.875
clock_alarm+dog+snoring,0.9166666666666666
clock_alarm+dog+thunderstorm,0.9166666666666666
clock_alarm+dog+toilet_flush,0.8125
clock_alarm+dog+train,0.9166666666666666
clock_alarm+dog+vacuum_cleaner,0.8541666666666666
clock_alarm+dog+washing_machine,0.8541666666666666
clock_alarm+dog+water_drops,0.75
clock_alarm+dog+wind,0.9166666666666666
clock_alarm+door_wood_creaks+door_wood_knock,0.7291666666666666
clock_alarm+door_wood_creaks+drinking_sipping,0.7708333333333334
clock_alarm+door_wood_creaks+engine,0.7708333333333334
clock_alarm+door_wood_creaks+fireworks,0.6875
clock_alarm+door_wood_creaks+footsteps,0.6666666666666666
clock_alarm+door_wood_creaks+frog,0.6875
clock_alarm+door_wood_creaks+glass_breaking,0.6666666666666666
clock_alarm+door_wood_creaks+hand_saw,0.6875
clock_alarm+door_wood_creaks+helicopter,0.75
clock_alarm+door_wood_creaks+hen,0.75
clock_alarm+door_wood_creaks+insects,0.7083333333333334
clock_alarm+door_wood_creaks+keyboard_typing,0.6458333333333334
clock_alarm+door_wood_creaks+laughing,0.6458333333333334
clock_alarm+door_wood_creaks+mouse_click,0.7708333333333334
clock_alarm+door_wood_creaks+pig,0.625
clock_alarm+door_wood_creaks+pouring_water,0.7291666666666666
clock_alarm+door_wood_creaks+rain,0.7083333333333334
clock_alarm+door_wood_creaks+rooster,0.8541666666666666
clock_alarm+door_wood_creaks+sea_waves,0.7708333333333334
clock_alarm+door_wood_creaks+sheep,0.7083333333333334
clock_alarm+door_wood_creaks+siren,0.7708333333333334
clock_alarm+door_wood_creaks+sneezing,0.8541666666666666
clock_alarm+door_wood_creaks+snoring,0.75
clock_alarm+door_wood_creaks+thunderstorm,0.7708333333333334
clock_alarm+door_wood_creaks+toilet_flush,0.6875
clock_alarm+door_wood_creaks+train,0.7916666666666666
clock_alarm+door_wood_creaks+vacuum_cleaner,0.8125
clock_alarm+door_wood_creaks+washing_machine,0.7291666666666666
clock_alarm+door_wood_creaks+water_drops,0.7083333333333334
clock_alarm+door_wood_creaks+wind,0.7916666666666666
clock_alarm+door_wood_knock+drinking_sipping,0.8333333333333334
clock_alarm+door_wood_knock+engine,0.9791666666666666
clock_alarm+door_wood_knock+fireworks,0.8541666666666666
clock_alarm+door_wood_knock+footsteps,0.8333333333333334
clock_alarm+door_wood_knock+frog,0.8541666666666666
clock_alarm+door_wood_knock+glass_breaking,0.8958333333333334
clock_alarm+door_wood_knock+hand_saw,0.8958333333333334
clock_alarm+door_wood_knock+helicopter,0.9791666666666666
clock_alarm+door_wood_knock+hen,0.8958333333333334
clock_alarm+door_wood_knock+insects,0.8958333333333334
clock_alarm+door_wood_knock+keyboard_typing,0.7916666666666666
clock_alarm+door_wood_knock+laughing,0.9375
clock_alarm+door_wood_knock+mouse_click,0.8125
clock_alarm+door_wood_knock+pig,0.75
clock_alarm+door_wood_knock+pouring_water,0.8333333333333334
clock_alarm+door_wood_knock+rain,0.9375
clock_alarm+door_wood_knock+rooster,0.8958333333333334
clock_alarm+door_wood_knock+sea_waves,0.9583333333333334
clock_alarm+door_wood_knock+sheep,0.9375
clock_alarm+door_wood_knock+siren,0.9583333333333334
clock_alarm+door_wood_knock+sneezing,0.9375
clock_alarm+door_wood_knock+snoring,0.8333333333333334
clock_alarm+door_wood_knock+thunderstorm,0.9583333333333334
clock_alarm+door_wood_knock+toilet_flush,0.9166666666666666
clock_alarm+door_wood_knock+train,0.9791666666666666
clock_alarm+door_wood_knock+vacuum_cleaner,0.9583333333333334
clock_alarm+door_wood_knock+washing_machine,0.8958333333333334
clock_alarm+door_wood_knock+water_drops,0.8125
clock_alarm+door_wood_knock+wind,0.9791666666666666
clock_alarm+drinking_sipping+engine,0.9791666666666666
clock_alarm+drinking_sipping+fireworks,0.7291666666666666
clock_alarm+drinking_sipping+footsteps,0.8125
clock_alarm+drinking_sipping+frog,0.8333333333333334
clock_alarm+drinking_sipping+glass_breaking,0.875
clock_alarm+drinking_sipping+hand_saw,0.9166666666666666
clock_alarm+drinking_sipping+helicopter,0.9583333333333334
clock_alarm+drinking_sipping+hen,0.8125
clock_alarm+drinking_sipping+insects,0.7916666666666666
clock_alarm+drinking_sipping+keyboard_typing,0.6666666666666666
clock_alarm+drinking_sipping+laughing,0.7083333333333334
clock_alarm+drinking_sipping+mouse_click,0.7916666666666666
clock_alarm+drinking_sipping+pig,0.75
clock_alarm+drinking_sipping+pouring_water,0.7291666666666666
clock_alarm+drinking_sipping+rain,0.9375
clock_alarm+drinking_sipping+rooster,0.7916666666666666
clock_alarm+drinking_sipping+sea_waves,0.9375
clock_alarm+drinking_sipping+sheep,0.875
clock_alarm+drinking_sipping+siren,0.875
clock_alarm+drinking_sipping+sneezing,0.8125
clock_alarm+drinking_sipping+snoring,0.8541666666666666
clock_alarm+drinking_sipping+thunderstorm,0.9791666666666666
clock_alarm+drinking_sipping+toilet_flush,0.8958333333333334
clock_alarm+drinking_sipping+train,0.9791666666666666
clock_alarm+drinking_sipping+vacuum_cleaner,0.9791666666666666
clock_alarm+drinking_sipping+washing_machine,0.8958333333333334
clock_alarm+drinking_sipping+water_drops,0.6875
clock_alarm+drinking_sipping+wind,0.9583333333333334
clock_alarm+engine+fireworks,0.9166666666666666
clock_alarm+engine+footsteps,0.9375
clock_alarm+engine+frog,0.9166666666666666
clock_alarm+engine+glass_breaking,0.9166666666666666
clock_alarm+engine+hand_saw,0.875
clock_alarm+engine+helicopter,0.7916666666666666
clock_alarm+engine+hen,0.9166666666666666
clock_alarm+engine+insects,0.875
clock_alarm+engine+keyboard_typing,0.8333333333333334
clock_alarm+engine+laughing,0.9375
clock_alarm+engine+mouse_click,0.9166666666666666
clock_alarm+engine+pig,0.8125
clock_alarm+engine+pouring_water,0.875
clock_alarm+engine+rain,0.7916666666666666
clock_alarm+engine+rooster,0.9166666666666666
clock_alarm+engine+sea_waves,0.8333333333333334
clock_alarm+engine+sheep,0.8958333333333334
clock_alarm+engine+siren,0.9583333333333334
clock_alarm+engine+sneezing,0.9583333333333334
clock_alarm+engine+snoring,0.9375
clock_alarm+engine+thunderstorm,0.9791666666666666
clock_alarm+engine+toilet_flush,0.875
clock_alarm+engine+train,0.9166666666666666
clock_alarm+engine+vacuum_cleaner,0.8958333333333334
clock_alarm+engine+washing_machine,0.875
clock_alarm+engine+water_drops,0.875
clock_alarm+engine+wind,0.8541666666666666
clock_alarm+fireworks+footsteps,0.6041666666666666
clock_alarm+fireworks+frog,0.7708333333333334
clock_alarm+fireworks+glass_breaking,0.8541666666666666
clock_alarm+fireworks+hand_saw,0.8958333333333334
clock_alarm+fireworks+helicopter,0.9375
clock_alarm+fireworks+hen,0.8125
clock_alarm+fireworks+insects,0.8541666666666666
clock_alarm+fireworks+keyboard_typing,0.6458333333333334
clock_alarm+fireworks+laughing,0.7708333333333334
clock_alarm+fireworks+mouse_click,0.8125
clock_alarm+fireworks+pig,0.7708333333333334
clock_alarm+fireworks+pouring_water,0.8125
clock_alarm+fireworks+rain,0.9166666666666666
clock_alarm+fireworks+rooster,0.8958333333333334
clock_alarm+fireworks+sea_waves,0.9166666666666666
clock_alarm+fireworks+sheep,0.75
clock_alarm+fireworks+siren,0.9166666666666666
clock_alarm+fireworks+sneezing,0.8958333333333334
clock_alarm+fireworks+snoring,0.8958333333333334
clock_alarm+fireworks+thunderstorm,0.9583333333333334
clock_alarm+fireworks+toilet_flush,0.875
clock_alarm+fireworks+train,0.9375
clock_alarm+fireworks+vacuum_cleaner,0.9375
clock_alarm+fireworks+washing_machine,0.8958333333333334
clock_alarm+fireworks+water_drops,0.7916666666666666
clock_alarm+fireworks+wind,0.9583333333333334
clock_alarm+footsteps+frog,0.7291666666666666
clock_alarm+footsteps+glass_breaking,0.875
clock_alarm+footsteps+hand_saw,0.8541666666666666
clock_alarm+footsteps+helicopter,0.8958333333333334
clock_alarm+footsteps+hen,0.7916666666666666
clock_alarm+footsteps+insects,0.7708333333333334
clock_alarm+footsteps+keyboard_typing,0.6458333333333334
clock_alarm+footsteps+laughing,0.75
clock_alarm+footsteps+mouse_click,0.7708333333333334
clock_alarm+footsteps+pig,0.6875
clock_alarm+footsteps+pouring_water,0.7083333333333334
clock_alarm+footsteps+rain,0.875
clock_alarm+footsteps+rooster,0.8541666666666666
clock_alarm+footsteps+sea_waves,0.875
clock_alarm+footsteps+sheep,0.8333333333333334
clock_alarm+footsteps+siren,0.8958333333333334
clock_alarm+footsteps+sneezing,0.8958333333333334
clock_alarm+footsteps+snoring,0.75
clock_alarm+footsteps+thunderstorm,0.8541666666666666
clock_alarm+footsteps+toilet_flush,0.8333333333333334
clock_alarm+footsteps+train,0.9375
clock_alarm+footsteps+vacuum_cleaner,0.9166666666666666
clock_alarm+footsteps+washing_machine,0.8541666666666666
clock_alarm+footsteps+water_drops,0.7916666666666666
clock_alarm+footsteps+wind,0.9375
clock_alarm+frog+glass_breaking,0.8333333333333334
clock_alarm+frog+hand_saw,0.8333333333333334
clock_alarm+frog+helicopter,0.9166666666666666
clock_alarm+frog+hen,0.8125
clock_alarm+frog+insects,0.7708333333333334
clock_alarm+frog+keyboard_typing,0.6458333333333334
clock_alarm+frog+laughing,0.7916666666666666
clock_alarm+frog+mouse_click,0.7291666666666666
clock_alarm+frog+pig,0.75
clock_alarm+frog+pouring_water,0.8333333333333334
clock_alarm+frog+rain,0.875
clock_alarm+frog+rooster,0.8541666666666666
clock_alarm+frog+sea_waves,0.875
clock_alarm+frog+sheep,0.7083333333333334
clock_alarm+frog+siren,0.8958333333333334
clock_alarm+frog+sneezing,0.875
clock_alarm+frog+snoring,0.8333333333333334
clock_alarm+frog+thunderstorm,0.8333333333333334
clock_alarm+frog+toilet_flush,0.8958333333333334
clock_alarm+frog+train,0.9166666666666666
clock_alarm+frog+vacuum_cleaner,0.8958333333333334
clock_alarm+frog+washing_machine,0.8541666666666666
clock_alarm+frog+water_drops,0.7291666666666666
clock_alarm+frog+wind,0.9166666666666666
clock_alarm+glass_breaking+hand_saw,0.8125
clock_alarm+glass_breaking+helicopter,0.8958333333333334
clock_alarm+glass_breaking+hen,0.8541666666666666
clock_alarm+glass_breaking+insects,0.8125
clock_alarm+glass_breaking+keyboard_typing,0.75
clock_alarm+glass_breaking+laughing,0.8333333333333334
clock_alarm+glass_breaking+mouse_click,0.7083333333333334
clock_alarm+glass_breaking+pig,0.7708333333333334
clock_alarm+glass_breaking+pouring_water,0.7708333333333334
clock_alarm+glass_breaking+rain,0.8541666666666666
clock_alarm+glass_breaking+rooster,0.8333333333333334
clock_alarm+glass_breaking+sea_waves,0.875
clock_alarm+glass_breaking+sheep,0.875
clock_alarm+glass_breaking+siren,0.875
clock_alarm+glass_breaking+sneezing,0.75
clock_alarm+glass_breaking+snoring,0.875
clock_alarm+glass_breaking+thunderstorm,0.8958333333333334
clock_alarm+glass_breaking+toilet_flush,0.8125
clock_alarm+glass_breaking+train,0.8958333333333334
clock_alarm+glass_breaking+vacuum_cleaner,0.8958333333333334
clock_alarm+glass_breaking+washing_machine,0.8958333333333334
clock_alarm+glass_breaking+water_drops,0.7291666666666666
clock_alarm+glass_breaking+wind,0.8958333333333334
clock_alarm+hand_saw+helicopter,0.9166666666666666
clock_alarm+hand_saw+hen,0.875
clock_alarm+hand_saw+insects,0.8333333333333334
clock_alarm+hand_saw+keyboard_typing,0.7916666666666666
clock_alarm+hand_saw+laughing,0.8125
clock_alarm+hand_saw+mouse_click,0.8958333333333334
clock_alarm+hand_saw+pig,0.625
clock_alarm+hand_saw+pouring_water,0.75
clock_alarm+hand_saw+rain,0.8333333333333334
clock_alarm+hand_saw+rooster,0.8333333333333334
clock_alarm+hand_saw+sea_waves,0.8333333333333334
clock_alarm+hand_saw+sheep,0.8541666666666666
clock_alarm+hand_saw+siren,0.875
clock_alarm+hand_saw+sneezing,0.875
clock_alarm+hand_saw+snoring,0.9166666666666666
clock_alarm+hand_saw+thunderstorm,0.9166666666666666
clock_alarm+hand_saw+toilet_flush,0.7291666666666666
clock_alarm+hand_saw+train,0.9166666666666666
clock_alarm+hand_saw+vacuum_cleaner,0.8333333333333334
clock_alarm+hand_saw+washing_machine,0.8541666666666666
clock_alarm+hand_saw+water_drops,0.8541666666666666
clock_alarm+hand_saw+wind,0.9166666666666666
clock_alarm+helicopter+hen,0.875
clock_alarm+helicopter+insects,0.7916666666666666
clock_alarm+helicopter+keyboard_typing,0.8333333333333334
clock_alarm+helicopter+laughing,0.9166666666666666
clock_alarm+helicopter+mouse_click,0.8333333333333334
clock_alarm+helicopter+pig,0.7916666666666666
clock_alarm+helicopter+pouring_water,0.875
clock_alarm+helicopter+rain,0.8125
clock_alarm+helicopter+rooster,0.8958333333333334
clock_alarm+helicopter+sea_waves,0.875
clock_alarm+helicopter+sheep,0.9166666666666666
clock_alarm+helicopter+siren,0.8958333333333334
clock_alarm+helicopter+sneezing,0.9375
clock_alarm+helicopter+snoring,0.9583333333333334
clock_alarm+helicopter+thunderstorm,0.8333333333333334
clock_alarm+helicopter+toilet_flush,0.9166666666666666
clock_alarm+helicopter+train,0.8125
clock_alarm+helicopter+vacuum_cleaner,0.9375
clock_alarm+helicopter+washing_machine,0.7083333333333334
clock_alarm+helicopter+water_drops,0.8958333333333334
clock_alarm+helicopter+wind,0.6875
clock_alarm+hen+insects,0.7291666666666666
clock_alarm+hen+keyboard_typing,0.7083333333333334
clock_alarm+hen+laughing,0.6458333333333334
clock_alarm+hen+mouse_click,0.8541666666666666
clock_alarm+hen+pig,0.6666666666666666
clock_alarm+hen+pouring_water,0.7083333333333334
clock_alarm+hen+rain,0.7916666666666666
clock_alarm+hen+rooster,0.8125
clock_alarm+hen+sea_waves,0.8541666666666666
clock_alarm+hen+sheep,0.75
clock_alarm+hen+siren,0.8333333333333334
clock_alarm+hen+sneezing,0.8333333333333334
clock_alarm+hen+snoring,0.8958333333333334
clock_alarm+hen+thunderstorm,0.875
clock_alarm+hen+toilet_flush,0.8333333333333334
clock_alarm+hen+train,0.875
clock_alarm+hen+vacuum_cleaner,0.8958333333333334
clock_alarm+hen+washing_machine,0.8333333333333334
clock_alarm+hen+water_drops,0.8333333333333334
clock_alarm+hen+wind,0.9166666666666666
clock_alarm+insects+keyboard_typing,0.7291666666666666
clock_alarm+insects+laughing,0.7916666666666666
clock_alarm+insects+mouse_click,0.75
clock_alarm+insects+pig,0.6458333333333334
clock_alarm+insects+pouring_water,0.7916666666666666
clock_alarm+insects+rain,0.6666666666666666
clock_alarm+insects+rooster,0.8541666666666666
clock_alarm+insects+sea_waves,0.8125
clock_alarm+insects+sheep,0.8541666666666666
clock_alarm+insects+siren,0.875
clock_alarm+insects+sneezing,0.8541666666666666
clock_alarm+insects+snoring,0.8541666666666666
clock_alarm+insects+thunderstorm,0.8333333333333334
clock_alarm+insects+toilet_flush,0.8541666666666666
clock_alarm+insects+train,0.7916666666666666
clock_alarm+insects+vacuum_cleaner,0.8541666666666666
clock_alarm+insects+washing_machine,0.6666666666666666
clock_alarm+insects+water_drops,0.7708333333333334
clock_alarm+insects+wind,0.7916666666666666
clock_alarm+keyboard_typing+laughing,0.6041666666666666
clock_alarm+keyboard_typing+mouse_click,0.7291666666666666
clock_alarm+keyboard_typing+pig,0.6666666666666666
clock_alarm+keyboard_typing+pouring_water,0.6458333333333334
clock_alarm+keyboard_typing+rain,0.7916666666666666
clock_alarm+keyboard_typing+rooster,0.75
clock_alarm+keyboard_typing+sea_waves,0.8333333333333334
clock_alarm+keyboard_typing+sheep,0.7291666666666666
clock_alarm+keyboard_typing+siren,0.7708333333333334
clock_alarm+keyboard_typing+sneezing,0.75
clock_alarm+keyboard_typing+snoring,0.7083333333333334
clock_alarm+keyboard_typing+thunderstorm,0.8125
clock_alarm+keyboard_typing+toilet_flush,0.7708333333333334
clock_alarm+keyboard_typing+train,0.8125
clock_alarm+keyboard_typing+vacuum_cleaner,0.8333333333333334
clock_alarm+keyboard_typing+washing_machine,0.7916666666666666
clock_alarm+keyboard_typing+water_drops,0.7291666666666666
clock_alarm+keyboard_typing+wind,0.8125
clock_alarm+laughing+mouse_click,0.8333333333333334
clock_alarm+laughing+pig,0.7708333333333334
clock_alarm+laughing+pouring_water,0.6875
clock_alarm+laughing+rain,0.8541666666666666
clock_alarm+laughing+rooster,0.6458333333333334
clock_alarm+laughing+sea_waves,0.8333333333333334
clock_alarm+laughing+sheep,0.6875
clock_alarm+laughing+siren,0.8125
clock_alarm+laughing+sneezing,0.7916666666666666
clock_alarm+laughing+snoring,0.8958333333333334
clock_alarm+laughing+thunderstorm,0.9166666666666666
clock_alarm+laughing+toilet_flush,0.8333333333333334
clock_alarm+laughing+train,0.8958333333333334
clock_alarm+laughing+vacuum_cleaner,0.8958333333333334
clock_alarm+laughing+washing_machine,0.875
clock_alarm+laughing+water_drops,0.8541666666666666
clock_alarm+laughing+wind,0.9375
clock_alarm+mouse_click+pig,0.7916666666666666
clock_alarm+mouse_click+pouring_water,0.7708333333333334
clock_alarm+mouse_click+rain,0.8333333333333334
clock_alarm+mouse_click+rooster,0.9166666666666666
clock_alarm+mouse_click+sea_waves,0.9166666666666666
clock_alarm+mouse_click+sheep,0.8958333333333334
clock_alarm+mouse_click+siren,0.8958333333333334
clock_alarm+mouse_click+sneezing,0.8125
clock_alarm+mouse_click+snoring,0.7916666666666666
clock_alarm+mouse_click+thunderstorm,0.875
clock_alarm+mouse_click+toilet_flush,0.875
clock_alarm+mouse_click+train,0.9166666666666666
clock_alarm+mouse_click+vacuum_cleaner,0.9375
clock_alarm+mouse_click+washing_machine,0.9166666666666666
clock_alarm+mouse_click+water_drops,0.625
clock_alarm+mouse_click+wind,0.9166666666666666
clock_alarm+pig+pouring_water,0.6875
clock_alarm+pig+rain,0.7291666666666666
clock_alarm+pig+rooster,0.7708333333333334
clock_alarm+pig+sea_waves,0.75
clock_alarm+pig+sheep,0.625
clock_alarm+pig+siren,0.75
clock_alarm+pig+sneezing,0.7916666666666666
clock_alarm+pig+snoring,0.7083333333333334
clock_alarm+pig+thunderstorm,0.75
clock_alarm+pig+toilet_flush,0.7916666666666666
clock_alarm+pig+train,0.7708333333333334
clock_alarm+pig+vacuum_cleaner,0.75
clock_alarm+pig+washing_machine,0.6875
clock_alarm+pig+water_drops,0.7708333333333334
clock_alarm+pig+wind,0.8125
clock_alarm+pouring_water+rain,0.8333333333333334
clock_alarm+pouring_water+rooster,0.6458333333333334
clock_alarm+pouring_water+sea_waves,0.875
clock_alarm+pouring_water+sheep,0.7083333333333334
clock_alarm+pouring_water+siren,0.8125
clock_alarm+pouring_water+sneezing,0.7916666666666666
clock_alarm+pouring_water+snoring,0.8333333333333334
clock_alarm+pouring_water+thunderstorm,0.875
clock_alarm+pouring_water+toilet_flush,0.75
clock_alarm+pouring_water+train,0.875
clock_alarm+pouring_water+vacuum_cleaner,0.875
clock_alarm+pouring_water+washing_machine,0.8541666666666666
clock_alarm+pouring_water+water_drops,0.75
clock_alarm+pouring_water+wind,0.875
clock_alarm+rain+rooster,0.8958333333333334
clock_alarm+rain+sea_waves,0.75
clock_alarm+rain+sheep,0.7916666666666666
clock_alarm+rain+siren,0.8333333333333334
clock_alarm+rain+sneezing,0.8958333333333334
clock_alarm+rain+snoring,0.8541666666666666
clock_alarm+rain+thunderstorm,0.875
clock_alarm+rain+toilet_flush,0.7916666666666666
clock_alarm+rain+train,0.7291666666666666
clock_alarm+rain+vacuum_cleaner,0.7916666666666666
clock_alarm+rain+washing_machine,0.6875
clock_alarm+rain+water_drops,0.8333333333333334
clock_alarm+rain+wind,0.7083333333333334
clock_alarm+rooster+sea_waves,0.8958333333333334
clock_alarm+rooster+sheep,0.8958333333333334
clock_alarm+rooster+siren,0.875
clock_alarm+rooster+sneezing,0.8125
clock_alarm+rooster+snoring,0.8958333333333334
clock_alarm+rooster+thunderstorm,0.9166666666666666
clock_alarm+rooster+toilet_flush,0.8333333333333334
clock_alarm+rooster+train,0.9166666666666666
clock_alarm+rooster+vacuum_cleaner,0.9166666666666666
clock_alarm+rooster+washing_machine,0.9166666666666666
clock_alarm+rooster+water_drops,0.8333333333333334
clock_alarm+rooster+wind,0.9166666666666666
clock_alarm+sea_waves+sheep,0.875
clock_alarm+sea_waves+siren,0.8958333333333334
clock_alarm+sea_waves+sneezing,0.9166666666666666
clock_alarm+sea_waves+snoring,0.9375
clock_alarm+sea_waves+thunderstorm,0.9166666666666666
clock_alarm+sea_waves+toilet_flush,0.875
clock_alarm+sea_waves+train,0.8958333333333334
clock_alarm+sea_waves+vacuum_cleaner,0.7916666666666666
clock_alarm+sea_waves+washing_machine,0.8125
clock_alarm+sea_waves+water_drops,0.9166666666666666
clock_alarm+sea_waves+wind,0.9166666666666666
clock_alarm+sheep+siren,0.8333333333333334
clock_alarm+sheep+sneezing,0.8541666666666666
clock_alarm+sheep+snoring,0.8958333333333334
clock_alarm+sheep+thunderstorm,0.8125
clock_alarm+sheep+toilet_flush,0.8333333333333334
clock_alarm+sheep+train,0.8541666666666666
clock_alarm+sheep+vacuum_cleaner,0.8958333333333334
clock_alarm+sheep+washing_machine,0.8541666666666666
clock_alarm+sheep+water_drops,0.875
clock_alarm+sheep+wind,0.9166666666666666
clock_alarm+siren+sneezing,0.9166666666666666
clock_alarm+siren+snoring,0.9166666666666666
clock_alarm+siren+thunderstorm,0.9166666666666666
clock_alarm+siren+toilet_flush,0.875
clock_alarm+siren+train,0.8333333333333334
clock_alarm+siren+vacuum_cleaner,0.9375
clock_alarm+siren+washing_machine,0.9166666666666666
clock_alarm+siren+water_drops,0.875
clock_alarm+siren+wind,0.9375
clock_alarm+sneezing+snoring,0.9166666666666666
clock_alarm+sneezing+thunderstorm,0.9375
clock_alarm+sneezing+toilet_flush,0.8541666666666666
clock_alarm+sneezing+train,0.9375
clock_alarm+sneezing+vacuum_cleaner,0.9583333333333334
clock_alarm+sneezing+washing_machine,0.9375
clock_alarm+sneezing+water_drops,0.7708333333333334
clock_alarm+sneezing+wind,0.9375
clock_alarm+snoring+thunderstorm,0.8958333333333334
clock_alarm+snoring+toilet_flush,0.8958333333333334
clock_alarm+snoring+train,0.9375
clock_alarm+snoring+vacuum_cleaner,0.9375
clock_alarm+snoring+washing_machine,0.8333333333333334
clock_alarm+snoring+water_drops,0.8125
clock_alarm+snoring+wind,0.9375
clock_alarm+thunderstorm+toilet_flush,0.9166666666666666
clock_alarm+thunderstorm+train,0.9375
clock_alarm+thunderstorm+vacuum_cleaner,0.9791666666666666
clock_alarm+thunderstorm+washing_machine,0.8125
clock_alarm+thunderstorm+water_drops,0.8541666666666666
clock_alarm+thunderstorm+wind,0.9583333333333334
clock_alarm+toilet_flush+train,0.9166666666666666
clock_alarm+toilet_flush+vacuum_cleaner,0.7916666666666666
clock_alarm+toilet_flush+washing_machine,0.8333333333333334
clock_alarm+toilet_flush+water_drops,0.8541666666666666
clock_alarm+toilet_flush+wind,0.9166666666666666
clock_alarm+train+vacuum_cleaner,0.9583333333333334
clock_alarm+train+washing_machine,0.8125
clock_alarm+train+water_drops,0.8958333333333334
clock_alarm+train+wind,0.8125
clock_alarm+vacuum_cleaner+washing_machine,0.9166666666666666
clock_alarm+vacuum_cleaner+water_drops,0.9166666666666666
clock_alarm+vacuum_cleaner+wind,0.875
clock_alarm+washing_machine+water_drops,0.875
clock_alarm+washing_machine+wind,0.75
clock_alarm+water_drops+wind,0.875
clock_tick+coughing+cow,0.6458333333333334
clock_tick+coughing+crackling_fire,0.6875
clock_tick+coughing+crickets,0.7291666666666666
clock_tick+coughing+crow,0.7291666666666666
clock_tick+coughing+crying_baby,0.6041666666666666
clock_tick+coughing+dog,0.6666666666666666
clock_tick+coughing+door_wood_creaks,0.6041666666666666
clock_tick+coughing+door_wood_knock,0.6666666666666666
clock_tick+coughing+drinking_sipping,0.4791666666666667
clock_tick+coughing+engine,0.7291666666666666
clock_tick+coughing+fireworks,0.6458333333333334
clock_tick+coughing+footsteps,0.5208333333333334
clock_tick+coughing+frog,0.6041666666666666
clock_tick+coughing+glass_breaking,0.6666666666666666
clock_tick+coughing+hand_saw,0.6875
clock_tick+coughing+helicopter,0.7083333333333334
clock_tick+coughing+hen,0.6458333333333334
clock_tick+coughing+insects,0.5416666666666666
clock_tick+coughing+keyboard_typing,0.5833333333333334
clock_tick+coughing+laughing,0.625
clock_tick+coughing+mouse_click,0.5625
clock_tick+coughing+pig,0.625
clock_tick+coughing+pouring_water,0.5416666666666666
clock_tick+coughing+rain,0.75
clock_tick+coughing+rooster,0.7083333333333334
clock_tick+coughing+sea_waves,0.7291666666666666
clock_tick+coughing+sheep,0.6666666666666666
clock_tick+coughing+siren,0.7291666666666666
clock_tick+coughing+sneezing,0.5208333333333334
clock_tick+coughing+snoring,0.6666666666666666
clock_tick+coughing+thunderstorm,0.7291666666666666
clock_tick+coughing+toilet_flush,0.7291666666666666
clock_tick+coughing+train,0.7708333333333334
clock_tick+coughing+vacuum_cleaner,0.7708333333333334
clock_tick+coughing+washing_machine,0.6666666666666666
clock_tick+coughing+water_drops,0.6041666666666666
clock_tick+coughing+wind,0.75
clock_tick+cow+crackling_fire,0.8333333333333334
clock_tick+cow+crickets,0.8541666666666666
clock_tick+cow+crow,0.7916666666666666
clock_tick+cow+crying_baby,0.7916666666666666
clock_tick+cow+dog,0.75
clock_tick+cow+door_wood_creaks,0.6666666666666666
clock_tick+cow+door_wood_knock,0.7291666666666666
clock_tick+cow+drinking_sipping,0.6458333333333334
clock_tick+cow+engine,0.9166666666666666
clock_tick+cow+fireworks,0.7708333333333334
clock_tick+cow+footsteps,0.6666666666666666
clock_tick+cow+frog,0.7708333333333334
clock_tick+cow+glass_breaking,0.875
clock_tick+cow+hand_saw,0.8958333333333334
clock_tick+cow+helicopter,0.8125
clock_tick+cow+hen,0.625
clock_tick+cow+insects,0.6041666666666666
clock_tick+cow+keyboard_typing,0.5625
clock_tick+cow+laughing,0.5
clock_tick+cow+mouse_click,0.6666666666666666
clock_tick+cow+pig,0.7083333333333334
clock_tick+cow+pouring_water,0.7083333333333334
clock_tick+cow+rain,0.8541666666666666
clock_tick+cow+rooster,0.8125
clock_tick+cow+sea_waves,0.875
clock_tick+cow+sheep,0.7083333333333334
clock_tick+cow+siren,0.75
clock_tick+cow+sneezing,0.7291666666666666
clock_tick+cow+snoring,0.8333333333333334
clock_tick+cow+thunderstorm,0.875
clock_tick+cow+toilet_flush,0.8333333333333334
clock_tick+cow+train,0.9166666666666666
clock_tick+cow+vacuum_cleaner,0.9166666666666666
clock_tick+cow+washing_machine,0.7708333333333334
clock_tick+cow+water_drops,0.6875
clock_tick+cow+wind,0.9375
clock_tick+crackling_fire+crickets,0.8333333333333334
clock_tick+crackling_fire+crow,0.7916666666666666
clock_tick+crackling_fire+crying_baby,0.75
clock_tick+crackling_fire+dog,0.7083333333333334
clock_tick+crackling_fire+door_wood_creaks,0.6458333333333334
clock_tick+crackling_fire+door_wood_knock,0.75
clock_tick+crackling_fire+drinking_sipping,0.6458333333333334
clock_tick+crackling_fire+engine,0.8958333333333334
clock_tick+crackling_fire+fireworks,0.7083333333333334
clock_tick+crackling_fire+footsteps,0.625
clock_tick+crackling_fire+frog,0.7083333333333334
clock_tick+crackling_fire+glass_breaking,0.8125
clock_tick+crackling_fire+hand_saw,0.875
clock_tick+crackling_fire+helicopter,0.8333333333333334
clock_tick+crackling_fire+hen,0.6458333333333334
clock_tick+crackling_fire+insects,0.5416666666666666
clock_tick+crackling_fire+keyboard_typing,0.5833333333333334
clock_tick+crackling_fire+laughing,0.625
clock_tick+crackling_fire+mouse_click,0.4791666666666667
clock_tick+crackling_fire+pig,0.7083333333333334
clock_tick+crackling_fire+pouring_water,0.6666666666666666
clock_tick+crackling_fire+rain,0.8333333333333334
clock_tick+crackling_fire+rooster,0.8333333333333334
clock_tick+crackling_fire+sea_waves,0.8541666666666666
clock_tick+crackling_fire+sheep,0.7708333333333334
clock_tick+crackling_fire+siren,0.8541666666666666
clock_tick+crackling_fire+sneezing,0.6875
clock_tick+crackling_fire+snoring,0.6875
clock_tick+crackling_fire+thunderstorm,0.7291666666666666
clock_tick+crackling_fire+toilet_flush,0.8333333333333334
clock_tick+crackling_fire+train,0.8958333333333334
clock_tick+crackling_fire+vacuum_cleaner,0.8958333333333334
clock_tick+crackling_fire+washing_machine,0.7708333333333334
clock_tick+crackling_fire+water_drops,0.4791666666666667
clock_tick+crackling_fire+wind,0.8541666666666666
clock_tick+crickets+crow,0.8333333333333334
clock_tick+crickets+crying_baby,0.7708333333333334
clock_tick+crickets+dog,0.7708333333333334
clock_tick+crickets+door_wood_creaks,0.6875
clock_tick+crickets+door_wood_knock,0.7708333333333334
clock_tick+crickets+drinking_sipping,0.6875
clock_tick+crickets+engine,0.8958333333333334
clock_tick+crickets+fireworks,0.7291666666666666
clock_tick+crickets+footsteps,0.7083333333333334
clock_tick+crickets+frog,0.7291666666666666
clock_tick+crickets+glass_breaking,0.8958333333333334
clock_tick+crickets+hand_saw,0.8958333333333334
clock_tick+crickets+helicopter,0.7708333333333334
clock_tick+crickets+hen,0.6458333333333334
clock_tick+crickets+insects,0.6458333333333334
clock_tick+crickets+keyboard_typing,0.6041666666666666
clock_tick+crickets+laughing,0.6666666666666666
clock_tick+crickets+mouse_click,0.6666666666666666
clock_tick+crickets+pig,0.7291666666666666
clock_tick+crickets+pouring_water,0.7083333333333334
clock_tick+crickets+rain,0.8541666666666666
clock_tick+crickets+rooster,0.875
clock_tick+crickets+sea_waves,0.875
clock_tick+crickets+sheep,0.7916666666666666
clock_tick+crickets+siren,0.875
clock_tick+crickets+sneezing,0.7708333333333334
clock_tick+crickets+snoring,0.8125
clock_tick+crickets+thunderstorm,0.875
clock_tick+crickets+toilet_flush,0.8541666666666666
clock_tick+crickets+train,0.875
clock_tick+crickets+vacuum_cleaner,0.9375
clock_tick+crickets+washing_machine,0.75
clock_tick+crickets+water_drops,0.6458333333333334
clock_tick+crickets+wind,0.875
clock_tick+crow+crying_baby,0.6875
clock_tick+crow+dog,0.75
clock_tick+crow+door_wood_creaks,0.625
clock_tick+crow+door_wood_knock,0.75
clock_tick+crow+drinking_sipping,0.6875
clock_tick+crow+engine,0.8541666666666666
clock_tick+crow+fireworks,0.6875
clock_tick+crow+footsteps,0.6666666666666666
clock_tick+crow+frog,0.7291666666666666
clock_tick+crow+glass_breaking,0.875
clock_tick+crow+hand_saw,0.7916666666666666
clock_tick+crow+helicopter,0.8333333333333334
clock_tick+crow+hen,0.7083333333333334
clock_tick+crow+insects,0.6041666666666666
clock_tick+crow+keyboard_typing,0.6458333333333334
clock_tick+crow+laughing,0.6041666666666666
clock_tick+crow+mouse_click,0.6041666666666666
clock_tick+crow+pig,0.6666666666666666
clock_tick+crow+pouring_water,0.6666666666666666
clock_tick+crow+rain,0.8333333333333334
clock_tick+crow+rooster,0.75
clock_tick+crow+sea_waves,0.8333333333333334
clock_tick+crow+sheep,0.7708333333333334
clock_tick+crow+siren,0.7916666666666666
clock_tick+crow+sneezing,0.7708333333333334
clock_tick+crow+snoring,0.7708333333333334
clock_tick+crow+thunderstorm,0.8333333333333334
clock_tick+crow+toilet_flush,0.7708333333333334
clock_tick+crow+train,0.8958333333333334
clock_tick+crow+vacuum_cleaner,0.8541666666666666
clock_tick+crow+washing_machine,0.7708333333333334
clock_tick+crow+water_drops,0.6458333333333334
clock_tick+crow+wind,0.875
clock_tick+crying_baby+dog,0.6458333333333334
clock_tick+crying_baby+door_wood_creaks,0.5625
clock_tick+crying_baby+door_wood_knock,0.6666666666666666
clock_tick+crying_baby+drinking_sipping,0.6041666666666666
clock_tick+crying_baby+engine,0.8333333333333334
clock_tick+crying_baby+fireworks,0.6666666666666666
clock_tick+crying_baby+footsteps,0.6041666666666666
clock_tick+crying_baby+frog,0.6458333333333334
clock_tick+crying_baby+glass_breaking,0.7708333333333334
clock_tick+crying_baby+hand_saw,0.7916666666666666
clock_tick+crying_baby+helicopter,0.7708333333333334
clock_tick+crying_baby+hen,0.5416666666666666
clock_tick+crying_baby+insects,0.5625
clock_tick+crying_baby+keyboard_typing,0.5208333333333334
clock_tick+crying_baby+laughing,0.4791666666666667
clock_tick+crying_baby+mouse_click,0.5833333333333334
clock_tick+crying_baby+pig,0.6458333333333334
clock_tick+crying_baby+pouring_water,0.5833333333333334
clock_tick+crying_baby+rain,0.8125
clock_tick+crying_baby+rooster,0.7916666666666666
clock_tick+crying_baby+sea_waves,0.7916666666666666
clock_tick+crying_baby+sheep,0.6666666666666666
clock_tick+crying_baby+siren,0.75
clock_tick+crying_baby+sneezing,0.6666666666666666
clock_tick+crying_baby+snoring,0.7083333333333334
clock_tick+crying_baby+thunderstorm,0.7916666666666666
clock_tick+crying_baby+toilet_flush,0.7916666666666666
clock_tick+crying_baby+train,0.8333333333333334
clock_tick+crying_baby+vacuum_cleaner,0.8333333333333334
clock_tick+crying_baby+washing_machine,0.7083333333333334
clock_tick+crying_baby+water_drops,0.5833333333333334
clock_tick+crying_baby+wind,0.8125
clock_tick+dog+door_wood_creaks,0.6041666666666666
clock_tick+dog+door_wood_knock,0.6666666666666666
clock_tick+dog+drinking_sipping,0.5833333333333334
clock_tick+dog+engine,0.7916666666666666
clock_tick+dog+fireworks,0.6666666666666666
clock_tick+dog+footsteps,0.6458333333333334
clock_tick+dog+frog,0.6458333333333334
clock_tick+dog+glass_breaking,0.8125
clock_tick+dog+hand_saw,0.8125
clock_tick+dog+helicopter,0.7291666666666666
clock_tick+dog+hen,0.6458333333333334
clock_tick+dog+insects,0.6041666666666666
clock_tick+dog+keyboard_typing,0.5833333333333334
clock_tick+dog+laughing,0.3958333333333333
clock_tick+dog+mouse_click,0.625
clock_tick+dog+pig,0.6666666666666666
clock_tick+dog+pouring_water,0.625
clock_tick+dog+rain,0.7708333333333334
clock_tick+dog+rooster,0.7291666666666666
clock_tick+dog+sea_waves,0.75
clock_tick+dog+sheep,0.7083333333333334
clock_tick+dog+siren,0.7083333333333334
clock_tick+dog+sneezing,0.6875
clock_tick+dog+snoring,0.7083333333333334
clock_tick+dog+thunderstorm,0.8125
clock_tick+dog+toilet_flush,0.7291666666666666
clock_tick+dog+train,0.8125
clock_tick+dog+vacuum_cleaner,0.75
clock_tick+dog+washing_machine,0.6875
clock_tick+dog+water_drops,0.5416666666666666
clock_tick+dog+wind,0.8125
clock_tick+door_wood_creaks+door_wood_knock,0.6041666666666666
clock_tick+door_wood_creaks+drinking_sipping,0.625
clock_tick+door_wood_creaks+engine,0.7083333333333334
clock_tick+door_wood_creaks+fireworks,0.5625
clock_tick+door_wood_creaks+footsteps,0.4791666666666667
clock_tick+door_wood_creaks+frog,0.5625
clock_tick+door_wood_creaks+glass_breaking,0.5416666666666666
clock_tick+door_wood_creaks+hand_saw,0.6458333333333334
clock_tick+door_wood_creaks+helicopter,0.6458333333333334
clock_tick+door_wood_creaks+hen,0.5416666666666666
clock_tick+door_wood_creaks+insects,0.5208333333333334
clock_tick+door_wood_creaks+keyboard_typing,0.5208333333333334
clock_tick+door_wood_creaks+laughing,0.4583333333333333
clock_tick+door_wood_creaks+mouse_click,0.5208333333333334
clock_tick+door_wood_creaks+pig,0.5625
clock_tick+door_wood_creaks+pouring_water,0.5208333333333334
clock_tick+door_wood_creaks+rain,0.6666666666666666
clock_tick+door_wood_creaks+rooster,0.6875
clock_tick+door_wood_creaks+sea_waves,0.6666666666666666
clock_tick+door_wood_creaks+sheep,0.5833333333333334
clock_tick+door_wood_creaks+siren,0.6458333333333334
clock_tick+door_wood_creaks+sneezing,0.625
clock_tick+door_wood_creaks+snoring,0.6458333333333334
clock_tick+door_wood_creaks+thunderstorm,0.7083333333333334
clock_tick+door_wood_creaks+toilet_flush,0.625
clock_tick+door_wood_creaks+train,0.75
clock_tick+door_wood_creaks+vacuum_cleaner,0.7291666666666666
clock_tick+door_wood_creaks+washing_machine,0.625
clock_tick+door_wood_creaks+water_drops,0.5625
clock_tick+door_wood_creaks+wind,0.75
clock_tick+door_wood_knock+drinking_sipping,0.6041666666666666
clock_tick+door_wood_knock+engine,0.8125
clock_tick+door_wood_knock+fireworks,0.625
clock_tick+door_wood_knock+footsteps,0.6041666666666666
clock_tick+door_wood_knock+frog,0.625
clock_tick+door_wood_knock+glass_breaking,0.8125
clock_tick+door_wood_knock+hand_saw,0.7916666666666666
clock_tick+door_wood_knock+helicopter,0.75
clock_tick+door_wood_knock+hen,0.6458333333333334
clock_tick+door_wood_knock+insects,0.6041666666666666
clock_tick+door_wood_knock+keyboard_typing,0.5833333333333334
clock_tick+door_wood_knock+laughing,0.6458333333333334
clock_tick+door_wood_knock+mouse_click,0.625
clock_tick+door_wood_knock+pig,0.625
clock_tick+door_wood_knock+pouring_water,0.625
clock_tick+door_wood_knock+rain,0.7916666666666666
clock_tick+door_wood_knock+rooster,0.7291666666666666
clock_tick+door_wood_knock+sea_waves,0.7708333333333334
clock_tick+door_wood_knock+sheep,0.6875
clock_tick+door_wood_knock+siren,0.7708333333333334
clock_tick+door_wood_knock+sneezing,0.75
clock_tick+door_wood_knock+snoring,0.6875
clock_tick+door_wood_knock+thunderstorm,0.7708333333333334
clock_tick+door_wood_knock+toilet_flush,0.75
clock_tick+door_wood_knock+train,0.8125
clock_tick+door_wood_knock+vacuum_cleaner,0.7916666666666666
clock_tick+door_wood_knock+washing_machine,0.7083333333333334
clock_tick+door_wood_knock+water_drops,0.6041666666666666
clock_tick+door_wood_knock+wind,0.7916666666666666
clock_tick+drinking_sipping+engine,0.75
clock_tick+drinking_sipping+fireworks,0.5
clock_tick+drinking_sipping+footsteps,0.5625
clock_tick+drinking_sipping+frog,0.5833333333333334
clock_tick+drinking_sipping+glass_breaking,0.7291666666666666
clock_tick+drinking_sipping+hand_saw,0.75
clock_tick+drinking_sipping+helicopter,0.6666666666666666
clock_tick+drinking_sipping+hen,0.5416666666666666
clock_tick+drinking_sipping+insects,0.5208333333333334
clock_tick+drinking_sipping+keyboard_typing,0.5
clock_tick+drinking_sipping+laughing,0.4375
clock_tick+drinking_sipping+mouse_click,0.5833333333333334
clock_tick+drinking_sipping+pig,0.6041666666666666
clock_tick+drinking_sipping+pouring_water,0.5625
clock_tick+drinking_sipping+rain,0.7291666666666666
clock_tick+drinking_sipping+rooster,0.6041666666666666
clock_tick+drinking_sipping+sea_waves,0.7083333333333334
clock_tick+drinking_sipping+sheep,0.625
clock_tick+drinking_sipping+siren,0.6666666666666666
clock_tick+drinking_sipping+sneezing,0.6041666666666666
clock_tick+drinking_sipping+snoring,0.6458333333333334
clock_tick+drinking_sipping+thunderstorm,0.7291666666666666
clock_tick+drinking_sipping+toilet_flush,0.7083333333333334
clock_tick+drinking_sipping+train,0.75
clock_tick+drinking_sipping+vacuum_cleaner,0.75
clock_tick+drinking_sipping+washing_machine,0.625
clock_tick+drinking_sipping+water_drops,0.5
clock_tick+drinking_sipping+wind,0.7291666666666666
clock_tick+engine+fireworks,0.7708333333333334
clock_tick+engine+footsteps,0.75
clock_tick+engine+frog,0.8125
clock_tick+engine+glass_breaking,0.9375
clock_tick+engine+hand_saw,0.9375
clock_tick+engine+helicopter,0.8125
clock_tick+engine+hen,0.75
clock_tick+engine+insects,0.6666666666666666
clock_tick+engine+keyboard_typing,0.6666666666666666
clock_tick+engine+laughing,0.7083333333333334
clock_tick+engine+mouse_click,0.7083333333333334
clock_tick+engine+pig,0.8125
clock_tick+engine+pouring_water,0.75
clock_tick+engine+rain,0.8125
clock_tick+engine+rooster,0.9166666666666666
clock_tick+engine+sea_waves,0.8541666666666666
clock_tick+engine+sheep,0.8541666666666666
clock_tick+engine+siren,0.9375
clock_tick+engine+sneezing,0.8125
clock_tick+engine+snoring,0.8541666666666666
clock_tick+engine+thunderstorm,0.9583333333333334
clock_tick+engine+toilet_flush,0.8958333333333334
clock_tick+engine+train,0.9375
clock_tick+engine+vacuum_cleaner,0.8958333333333334
clock_tick+engine+washing_machine,0.7916666666666666
clock_tick+engine+water_drops,0.7083333333333334
clock_tick+engine+wind,0.8541666666666666
clock_tick+fireworks+footsteps,0.4375
clock_tick+fireworks+frog,0.625
clock_tick+fireworks+glass_breaking,0.7291666666666666
clock_tick+fireworks+hand_saw,0.7916666666666666
clock_tick+fireworks+helicopter,0.7291666666666666
clock_tick+fireworks+hen,0.5833333333333334
clock_tick+fireworks+insects,0.5625
clock_tick+fireworks+keyboard_typing,0.4583333333333333
clock_tick+fireworks+laughing,0.4791666666666667
clock_tick+fireworks+mouse_click,0.5625
clock_tick+fireworks+pig,0.6875
clock_tick+fireworks+pouring_water,0.5625
clock_tick+fireworks+rain,0.7708333333333334
clock_tick+fireworks+rooster,0.75
clock_tick+fireworks+sea_waves,0.7708333333333334
clock_tick+fireworks+sheep,0.6041666666666666
clock_tick+fireworks+siren,0.75
clock_tick+fireworks+sneezing,0.6666666666666666
clock_tick+fireworks+snoring,0.7291666666666666
clock_tick+fireworks+thunderstorm,0.8125
clock_tick+fireworks+toilet_flush,0.7291666666666666
clock_tick+fireworks+train,0.7916666666666666
clock_tick+fireworks+vacuum_cleaner,0.7916666666666666
clock_tick+fireworks+washing_machine,0.7083333333333334
clock_tick+fireworks+water_drops,0.625
clock_tick+fireworks+wind,0.8125
clock_tick+footsteps+frog,0.5833333333333334
clock_tick+footsteps+glass_breaking,0.7083333333333334
clock_tick+footsteps+hand_saw,0.7291666666666666
clock_tick+footsteps+helicopter,0.6458333333333334
clock_tick+footsteps+hen,0.5625
clock_tick+footsteps+insects,0.5
clock_tick+footsteps+keyboard_typing,0.4583333333333333
clock_tick+footsteps+laughing,0.4791666666666667
clock_tick+footsteps+mouse_click,0.4791666666666667
clock_tick+footsteps+pig,0.5625
clock_tick+footsteps+pouring_water,0.5
clock_tick+footsteps+rain,0.7083333333333334
clock_tick+footsteps+rooster,0.6875
clock_tick+footsteps+sea_waves,0.7083333333333334
clock_tick+footsteps+sheep,0.625
clock_tick+footsteps+siren,0.7083333333333334
clock_tick+footsteps+sneezing,0.6458333333333334
clock_tick+footsteps+snoring,0.5416666666666666
clock_tick+footsteps+thunderstorm,0.6875
clock_tick+footsteps+toilet_flush,0.7083333333333334
clock_tick+footsteps+train,0.75
clock_tick+footsteps+vacuum_cleaner,0.7291666666666666
clock_tick+footsteps+washing_machine,0.6041666666666666
clock_tick+footsteps+water_drops,0.5416666666666666
clock_tick+footsteps+wind,0.75
clock_tick+frog+glass_breaking,0.75
clock_tick+frog+hand_saw,0.7916666666666666
clock_tick+frog+helicopter,0.75
clock_tick+frog+hen,0.6041666666666666
clock_tick+frog+insects,0.5
clock_tick+frog+keyboard_typing,0.4583333333333333
clock_tick+frog+laughing,0.5
clock_tick+frog+mouse_click,0.5208333333333334
clock_tick+frog+pig,0.6458333333333334
clock_tick+frog+pouring_water,0.5833333333333334
clock_tick+frog+rain,0.7708333333333334
clock_tick+frog+rooster,0.75
clock_tick+frog+sea_waves,0.7708333333333334
clock_tick+frog+sheep,0.6458333333333334
clock_tick+frog+siren,0.7291666666666666
clock_tick+frog+sneezing,0.6458333333333334
clock_tick+frog+snoring,0.6875
clock_tick+frog+thunderstorm,0.7916666666666666
clock_tick+frog+toilet_flush,0.75
clock_tick+frog+train,0.8125
clock_tick+frog+vacuum_cleaner,0.7916666666666666
clock_tick+frog+washing_machine,0.6875
clock_tick+frog+water_drops,0.5208333333333334
clock_tick+frog+wind,0.7916666666666666
clock_tick+glass_breaking+hand_saw,0.875
clock_tick+glass_breaking+helicopter,0.875
clock_tick+glass_breaking+hen,0.7291666666666666
clock_tick+glass_breaking+insects,0.6458333333333334
clock_tick+glass_breaking+keyboard_typing,0.6666666666666666
clock_tick+glass_breaking+laughing,0.6875
clock_tick+glass_breaking+mouse_click,0.5416666666666666
clock_tick+glass_breaking+pig,0.7291666666666666
clock_tick+glass_breaking+pouring_water,0.7291666666666666
clock_tick+glass_breaking+rain,0.9166666666666666
clock_tick+glass_breaking+rooster,0.8333333333333334
clock_tick+glass_breaking+sea_waves,0.8958333333333334
clock_tick+glass_breaking+sheep,0.8125
clock_tick+glass_breaking+siren,0.8958333333333334
clock_tick+glass_breaking+sneezing,0.6458333333333334
clock_tick+glass_breaking+snoring,0.8125
clock_tick+glass_breaking+thunderstorm,0.8958333333333334
clock_tick+glass_breaking+toilet_flush,0.875
clock_tick+glass_breaking+train,0.9375
clock_tick+glass_breaking+vacuum_cleaner,0.9166666666666666
clock_tick+glass_breaking+washing_machine,0.8125
clock_tick+glass_breaking+water_drops,0.6041666666666666
clock_tick+glass_breaking+wind,0.9166666666666666
clock_tick+hand_saw+helicopter,0.9166666666666666
clock_tick+hand_saw+hen,0.7083333333333334
clock_tick+hand_saw+insects,0.6875
clock_tick+hand_saw+keyboard_typing,0.6458333333333334
clock_tick+hand_saw+laughing,0.5833333333333334
clock_tick+hand_saw+mouse_click,0.7291666666666666
clock_tick+hand_saw+pig,0.6666666666666666
clock_tick+hand_saw+pouring_water,0.6666666666666666
clock_tick+hand_saw+rain,0.8958333333333334
clock_tick+hand_saw+rooster,0.8541666666666666
clock_tick+hand_saw+sea_waves,0.8541666666666666
clock_tick+hand_saw+sheep,0.8333333333333334
clock_tick+hand_saw+siren,0.9166666666666666
clock_tick+hand_saw+sneezing,0.7708333333333334
clock_tick+hand_saw+snoring,0.875
clock_tick+hand_saw+thunderstorm,0.9583333333333334
clock_tick+hand_saw+toilet_flush,0.7708333333333334
clock_tick+hand_saw+train,0.9791666666666666
clock_tick+hand_saw+vacuum_cleaner,0.8958333333333334
clock_tick+hand_saw+washing_machine,0.8541666666666666
clock_tick+hand_saw+water_drops,0.7083333333333334
clock_tick+hand_saw+wind,0.9791666666666666
clock_tick+helicopter+hen,0.6458333333333334
clock_tick+helicopter+insects,0.6041666666666666
clock_tick+helicopter+keyboard_typing,0.6041666666666666
clock_tick+helicopter+laughing,0.625
clock_tick+helicopter+mouse_click,0.625
clock_tick+helicopter+pig,0.75
clock_tick+helicopter+pouring_water,0.6875
clock_tick+helicopter+rain,0.7708333333333334
clock_tick+helicopter+rooster,0.8333333333333334
clock_tick+helicopter+sea_waves,0.8333333333333334
clock_tick+helicopter+sheep,0.8125
clock_tick+helicopter+siren,0.8125
clock_tick+helicopter+sneezing,0.75
clock_tick+helicopter+snoring,0.8125
clock_tick+helicopter+thunderstorm,0.7916666666666666
clock_tick+helicopter+toilet_flush,0.875
clock_tick+helicopter+train,0.7708333333333334
clock_tick+helicopter+vacuum_cleaner,0.8958333333333334
clock_tick+helicopter+washing_machine,0.625
clock_tick+helicopter+water_drops,0.6458333333333334
clock_tick+helicopter+wind,0.6875
clock_tick+hen+insects,0.5
clock_tick+hen+keyboard_typing,0.5208333333333334
clock_tick+hen+laughing,0.3958333333333333
clock_tick+hen+mouse_click,0.5625
clock_tick+hen+pig,0.5416666666666666
clock_tick+hen+pouring_water,0.5416666666666666
clock_tick+hen+rain,0.6458333333333334
clock_tick+hen+rooster,0.6666666666666666
clock_tick+hen+sea_waves,0.7083333333333334
clock_tick+hen+sheep,0.5625
clock_tick+hen+siren,0.6666666666666666
clock_tick+hen+sneezing,0.625
clock_tick+hen+snoring,0.6458333333333334
clock_tick+hen+thunderstorm,0.7083333333333334
clock_tick+hen+toilet_flush,0.6666666666666666
clock_tick+hen+train,0.7291666666666666
clock_tick+hen+vacuum_cleaner,0.7291666666666666
clock_tick+hen+washing_machine,0.625
clock_tick+hen+water_drops,0.5416666666666666
clock_tick+hen+wind,0.7291666666666666
clock_tick+insects+keyboard_typing,0.4791666666666667
clock_tick+insects+laughing,0.5
clock_tick+insects+mouse_click,0.4583333333333333
clock_tick+insects+pig,0.5
clock_tick+insects+pouring_water,0.4791666666666667
clock_tick+insects+rain,0.5416666666666666
clock_tick+insects+rooster,0.625
clock_tick+insects+sea_waves,0.625
clock_tick+insects+sheep,0.5833333333333334
clock_tick+insects+siren,0.6458333333333334
clock_tick+insects+sneezing,0.5833333333333334
clock_tick+insects+snoring,0.6041666666666666
clock_tick+insects+thunderstorm,0.6458333333333334
clock_tick+insects+toilet_flush,0.6458333333333334
clock_tick+insects+train,0.6666666666666666
clock_tick+insects+vacuum_cleaner,0.6458333333333334
clock_tick+insects+washing_machine,0.5
clock_tick+insects+water_drops,0.5
clock_tick+insects+wind,0.6666666666666666
clock_tick+keyboard_typing+laughing,0.4166666666666667
clock_tick+keyboard_typing+mouse_click,0.5208333333333334
clock_tick+keyboard_typing+pig,0.5
clock_tick+keyboard_typing+pouring_water,0.4791666666666667
clock_tick+keyboard_typing+rain,0.6458333333333334
clock_tick+keyboard_typing+rooster,0.6458333333333334
clock_tick+keyboard_typing+sea_waves,0.625
clock_tick+keyboard_typing+sheep,0.5625
clock_tick+keyboard_typing+siren,0.6041666666666666
clock_tick+keyboard_typing+sneezing,0.5416666666666666
clock_tick+keyboard_typing+snoring,0.5416666666666666
clock_tick+keyboard_typing+thunderstorm,0.6458333333333334
clock_tick+keyboard_typing+toilet_flush,0.6041666666666666
clock_tick+keyboard_typing+train,0.6666666666666666
clock_tick+keyboard_typing+vacuum_cleaner,0.6666666666666666
clock_tick+keyboard_typing+washing_machine,0.5625
clock_tick+keyboard_typing+water_drops,0.5208333333333334
clock_tick+keyboard_typing+wind,0.6666666666666666
clock_tick+laughing+mouse_click,0.5625
clock_tick+laughing+pig,0.5416666666666666
clock_tick+laughing+pouring_water,0.5
clock_tick+laughing+rain,0.6458333333333334
clock_tick+laughing+rooster,0.5208333333333334
clock_tick+laughing+sea_waves,0.5833333333333334
clock_tick+laughing+sheep,0.4375
clock_tick+laughing+siren,0.6041666666666666
clock_tick+laughing+sneezing,0.6041666666666666
clock_tick+laughing+snoring,0.6041666666666666
clock_tick+laughing+thunderstorm,0.6458333333333334
clock_tick+laughing+toilet_flush,0.6041666666666666
clock_tick+laughing+train,0.6666666666666666
clock_tick+laughing+vacuum_cleaner,0.6666666666666666
clock_tick+laughing+washing_machine,0.6041666666666666
clock_tick+laughing+water_drops,0.5416666666666666
clock_tick+laughing+wind,0.6875
clock_tick+mouse_click+pig,0.5625
clock_tick+mouse_click+pouring_water,0.4791666666666667
clock_tick+mouse_click+rain,0.6458333333333334
clock_tick+mouse_click+rooster,0.6666666666666666
clock_tick+mouse_click+sea_waves,0.6875
clock_tick+mouse_click+sheep,0.6041666666666666
clock_tick+mouse_click+siren,0.6666666666666666
clock_tick+mouse_click+sneezing,0.5833333333333334
clock_tick+mouse_click+snoring,0.6041666666666666
clock_tick+mouse_click+thunderstorm,0.6666666666666666
clock_tick+mouse_click+toilet_flush,0.6666666666666666
clock_tick+mouse_click+train,0.7083333333333334
clock_tick+mouse_click+vacuum_cleaner,0.7291666666666666
clock_tick+mouse_click+washing_machine,0.625
clock_tick+mouse_click+water_drops,0.4583333333333333
clock_tick+mouse_click+wind,0.7083333333333334
clock_tick+pig+pouring_water,0.5208333333333334
clock_tick+pig+rain,0.7291666666666666
clock_tick+pig+rooster,0.75
clock_tick+pig+sea_waves,0.75
clock_tick+pig+sheep,0.625
clock_tick+pig+siren,0.7291666666666666
clock_tick+pig+sneezing,0.625
clock_tick+pig+snoring,0.6458333333333334
clock_tick+pig+thunderstorm,0.7708333333333334
clock_tick+pig+toilet_flush,0.7708333333333334
clock_tick+pig+train,0.7916666666666666
clock_tick+pig+vacuum_cleaner,0.75
clock_tick+pig+washing_machine,0.6875
clock_tick+pig+water_drops,0.5625
clock_tick+pig+wind,0.7916666666666666
clock_tick+pouring_water+rain,0.7291666666666666
clock_tick+pouring_water+rooster,0.6458333333333334
clock_tick+pouring_water+sea_waves,0.7083333333333334
clock_tick+pouring_water+sheep,0.6041666666666666
clock_tick+pouring_water+siren,0.6666666666666666
clock_tick+pouring_water+sneezing,0.6041666666666666
clock_tick+pouring_water+snoring,0.625
clock_tick+pouring_water+thunderstorm,0.7083333333333334
clock_tick+pouring_water+toilet_flush,0.6666666666666666
clock_tick+pouring_water+train,0.75
clock_tick+pouring_water+vacuum_cleaner,0.75
clock_tick+pouring_water+washing_machine,0.625
clock_tick+pouring_water+water_drops,0.4583333333333333
clock_tick+pouring_water+wind,0.7291666666666666
clock_tick+rain+rooster,0.8958333333333334
clock_tick+rain+sea_waves,0.7708333333333334
clock_tick+rain+sheep,0.7708333333333334
clock_tick+rain+siren,0.8333333333333334
clock_tick+rain+sneezing,0.7916666666666666
clock_tick+rain+snoring,0.7708333333333334
clock_tick+rain+thunderstorm,0.8541666666666666
clock_tick+rain+toilet_flush,0.8333333333333334
clock_tick+rain+train,0.75
clock_tick+rain+vacuum_cleaner,0.8125
clock_tick+rain+washing_machine,0.6458333333333334
clock_tick+rain+water_drops,0.6875
clock_tick+rain+wind,0.7083333333333334
clock_tick+rooster+sea_waves,0.875
clock_tick+rooster+sheep,0.8125
clock_tick+rooster+siren,0.8541666666666666
clock_tick+rooster+sneezing,0.6875
clock_tick+rooster+snoring,0.7916666666666666
clock_tick+rooster+thunderstorm,0.875
clock_tick+rooster+toilet_flush,0.875
clock_tick+rooster+train,0.9166666666666666
clock_tick+rooster+vacuum_cleaner,0.9166666666666666
clock_tick+rooster+washing_machine,0.7916666666666666
clock_tick+rooster+water_drops,0.6666666666666666
clock_tick+rooster+wind,0.8958333333333334
clock_tick+sea_waves+sheep,0.8125
clock_tick+sea_waves+siren,0.875
clock_tick+sea_waves+sneezing,0.7708333333333334
clock_tick+sea_waves+snoring,0.8333333333333334
clock_tick+sea_waves+thunderstorm,0.9166666666666666
clock_tick+sea_waves+toilet_flush,0.875
clock_tick+sea_waves+train,0.9166666666666666
clock_tick+sea_waves+vacuum_cleaner,0.7916666666666666
clock_tick+sea_waves+washing_machine,0.7708333333333334
clock_tick+sea_waves+water_drops,0.6666666666666666
clock_tick+sea_waves+wind,0.9166666666666666
clock_tick+sheep+siren,0.7708333333333334
clock_tick+sheep+sneezing,0.6458333333333334
clock_tick+sheep+snoring,0.7708333333333334
clock_tick+sheep+thunderstorm,0.7708333333333334
clock_tick+sheep+toilet_flush,0.8125
clock_tick+sheep+train,0.8125
clock_tick+sheep+vacuum_cleaner,0.8333333333333334
clock_tick+sheep+washing_machine,0.75
clock_tick+sheep+water_drops,0.6041666666666666
clock_tick+sheep+wind,0.875
clock_tick+siren+sneezing,0.7708333333333334
clock_tick+siren+snoring,0.8125
clock_tick+siren+thunderstorm,0.8958333333333334
clock_tick+siren+toilet_flush,0.875
clock_tick+siren+train,0.8333333333333334
clock_tick+siren+vacuum_cleaner,0.9166666666666666
clock_tick+siren+washing_machine,0.8125
clock_tick+siren+water_drops,0.6458333333333334
clock_tick+siren+wind,0.8958333333333334
clock_tick+sneezing+snoring,0.7083333333333334
clock_tick+sneezing+thunderstorm,0.7708333333333334
clock_tick+sneezing+toilet_flush,0.75
clock_tick+sneezing+train,0.8125
clock_tick+sneezing+vacuum_cleaner,0.8125
clock_tick+sneezing+washing_machine,0.6875
clock_tick+sneezing+water_drops,0.5208333333333334
clock_tick+sneezing+wind,0.7916666666666666
clock_tick+snoring+thunderstorm,0.8125
clock_tick+snoring+toilet_flush,0.8125
clock_tick+snoring+train,0.8541666666666666
clock_tick+snoring+vacuum_cleaner,0.8541666666666666
clock_tick+snoring+washing_machine,0.7291666666666666
clock_tick+snoring+water_drops,0.6458333333333334
clock_tick+snoring+wind,0.8541666666666666
clock_tick+thunderstorm+toilet_flush,0.8958333333333334
clock_tick+thunderstorm+train,0.9166666666666666
clock_tick+thunderstorm+vacuum_cleaner,0.9583333333333334
clock_tick+thunderstorm+washing_machine,0.7708333333333334
clock_tick+thunderstorm+water_drops,0.6666666666666666
clock_tick+thunderstorm+wind,0.9375
clock_tick+toilet_flush+train,0.9375
clock_tick+toilet_flush+vacuum_cleaner,0.8125
clock_tick+toilet_flush+washing_machine,0.8125
clock_tick+toilet_flush+water_drops,0.6666666666666666
clock_tick+toilet_flush+wind,0.9166666666666666
clock_tick+train+vacuum_cleaner,0.9791666666666666
clock_tick+train+washing_machine,0.7916666666666666
clock_tick+train+water_drops,0.7083333333333334
clock_tick+train+wind,0.8125
clock_tick+vacuum_cleaner+washing_machine,0.8333333333333334
clock_tick+vacuum_cleaner+water_drops,0.7083333333333334
clock_tick+vacuum_cleaner+wind,0.875
clock_tick+washing_machine+water_drops,0.6041666666666666
clock_tick+washing_machine+wind,0.7083333333333334
clock_tick+water_drops+wind,0.7083333333333334
coughing+cow+crackling_fire,0.875
coughing+cow+crickets,0.8541666666666666
coughing+cow+crow,0.8541666666666666
coughing+cow+crying_baby,0.8125
coughing+cow+dog,0.8333333333333334
coughing+cow+door_wood_creaks,0.7291666666666666
coughing+cow+door_wood_knock,0.8333333333333334
coughing+cow+drinking_sipping,0.6458333333333334
coughing+cow+engine,0.875
coughing+cow+fireworks,0.8541666666666666
coughing+cow+footsteps,0.7708333333333334
coughing+cow+frog,0.8333333333333334
coughing+cow+glass_breaking,0.8125
coughing+cow+hand_saw,0.8333333333333334
coughing+cow+helicopter,0.8541666666666666
coughing+cow+hen,0.7708333333333334
coughing+cow+insects,0.7291666666666666
coughing+cow+keyboard_typing,0.7708333333333334
coughing+cow+laughing,0.75
coughing+cow+mouse_click,0.7708333333333334
coughing+cow+pig,0.7291666666666666
coughing+cow+pouring_water,0.7291666666666666
coughing+cow+rain,0.8541666666666666
coughing+cow+rooster,0.8541666666666666
coughing+cow+sea_waves,0.8541666666666666
coughing+cow+sheep,0.7708333333333334
coughing+cow+siren,0.75
coughing+cow+sneezing,0.6875
coughing+cow+snoring,0.875
coughing+cow+thunderstorm,0.875
coughing+cow+toilet_flush,0.8125
coughing+cow+train,0.8958333333333334
coughing+cow+vacuum_cleaner,0.8958333333333334
coughing+cow+washing_machine,0.8333333333333334
coughing+cow+water_drops,0.8333333333333334
coughing+cow+wind,0.9166666666666666
coughing+crackling_fire+crickets,0.9166666666666666
coughing+crackling_fire+crow,0.9166666666666666
coughing+crackling_fire+crying_baby,0.8958333333333334
coughing+crackling_fire+dog,0.8958333333333334
coughing+crackling_fire+door_wood_creaks,0.875
coughing+crackling_fire+door_wood_knock,0.8958333333333334
coughing+crackling_fire+drinking_sipping,0.6458333333333334
coughing+crackling_fire+engine,0.9166666666666666
coughing+crackling_fire+fireworks,0.875
coughing+crackling_fire+footsteps,0.7708333333333334
coughing+crackling_fire+frog,0.8333333333333334
coughing+crackling_fire+glass_breaking,0.8333333333333334
coughing+crackling_fire+hand_saw,0.8958333333333334
coughing+crackling_fire+helicopter,0.9583333333333334
coughing+crackling_fire+hen,0.8958333333333334
coughing+crackling_fire+insects,0.7916666666666666
coughing+crackling_fire+keyboard_typing,0.8958333333333334
coughing+crackling_fire+laughing,0.875
coughing+crackling_fire+mouse_click,0.6041666666666666
coughing+crackling_fire+pig,0.875
coughing+crackling_fire+pouring_water,0.8125
coughing+crackling_fire+rain,0.8958333333333334
coughing+crackling_fire+rooster,0.9166666666666666
coughing+crackling_fire+sea_waves,0.9583333333333334
coughing+crackling_fire+sheep,0.9375
coughing+crackling_fire+siren,0.9583333333333334
coughing+crackling_fire+sneezing,0.7083333333333334
coughing+crackling_fire+snoring,0.8125
coughing+crackling_fire+thunderstorm,0.8333333333333334
coughing+crackling_fire+toilet_flush,0.9166666666666666
coughing+crackling_fire+train,0.9583333333333334
coughing+crackling_fire+vacuum_cleaner,0.9791666666666666
coughing+crackling_fire+washing_machine,0.9375
coughing+crackling_fire+water_drops,0.6666666666666666
coughing+crackling_fire+wind,0.9375
coughing+crickets+crow,0.9375
coughing+crickets+crying_baby,0.875
coughing+crickets+dog,0.9166666666666666
coughing+crickets+door_wood_creaks,0.8958333333333334
coughing+crickets+door_wood_knock,0.9166666666666666
coughing+crickets+drinking_sipping,0.7083333333333334
coughing+crickets+engine,0.8958333333333334
coughing+crickets+fireworks,0.9375
coughing+crickets+footsteps,0.875
coughing+crickets+frog,0.9166666666666666
coughing+crickets+glass_breaking,0.875
coughing+crickets+hand_saw,0.875
coughing+crickets+helicopter,0.8333333333333334
coughing+crickets+hen,0.8541666666666666
coughing+crickets+insects,0.8333333333333334
coughing+crickets+keyboard_typing,0.875
coughing+crickets+laughing,0.875
coughing+crickets+mouse_click,0.8333333333333334
coughing+crickets+pig,0.8541666666666666
coughing+crickets+pouring_water,0.8125
coughing+crickets+rain,0.8958333333333334
coughing+crickets+rooster,0.9166666666666666
coughing+crickets+sea_waves,0.9166666666666666
coughing+crickets+sheep,0.9375
coughing+crickets+siren,0.9583333333333334
coughing+crickets+sneezing,0.75
coughing+crickets+snoring,0.9583333333333334
coughing+crickets+thunderstorm,0.9583333333333334
coughing+crickets+toilet_flush,0.9166666666666666
coughing+crickets+train,0.8958333333333334
coughing+crickets+vacuum_cleaner,0.9791666666666666
coughing+crickets+washing_machine,0.8333333333333334
coughing+crickets+water_drops,0.8541666666666666
coughing+crickets+wind,0.9166666666666666
coughing+crow+crying_baby,0.8541666666666666
coughing+crow+dog,0.8958333333333334
coughing+crow+door_wood_creaks,0.75
coughing+crow+door_wood_knock,0.8958333333333334
coughing+crow+drinking_sipping,0.7083333333333334
coughing+crow+engine,0.9166666666666666
coughing+crow+fireworks,0.8958333333333334
coughing+crow+footsteps,0.8333333333333334
coughing+crow+frog,0.8125
coughing+crow+glass_breaking,0.8541666666666666
coughing+crow+hand_saw,0.8333333333333334
coughing+crow+helicopter,0.9583333333333334
coughing+crow+hen,0.875
coughing+crow+insects,0.875
coughing+crow+keyboard_typing,0.8541666666666666
coughing+crow+laughing,0.8125
coughing+crow+mouse_click,0.7916666666666666
coughing+crow+pig,0.7916666666666666
coughing+crow+pouring_water,0.75
coughing+crow+rain,0.9166666666666666
coughing+crow+rooster,0.8333333333333334
coughing+crow+sea_waves,0.9166666666666666
coughing+crow+sheep,0.9166666666666666
coughing+crow+siren,0.8958333333333334
coughing+crow+sneezing,0.7291666666666666
coughing+crow+snoring,0.9375
coughing+crow+thunderstorm,0.9375
coughing+crow+toilet_flush,0.8541666666666666
coughing+crow+train,0.9583333333333334
coughing+crow+vacuum_cleaner,0.9166666666666666
coughing+crow+washing_machine,0.8958333333333334
coughing+crow+water_drops,0.875
coughing+crow+wind,0.9583333333333334
coughing+crying_baby+dog,0.8125
coughing+crying_baby+door_wood_creaks,0.7916666666666666
coughing+crying_baby+door_wood_knock,0.8541666666666666
coughing+crying_baby+drinking_sipping,0.6041666666666666
coughing+crying_baby+engine,0.875
coughing+crying_baby+fireworks,0.8333333333333334
coughing+crying_baby+footsteps,0.7291666666666666
coughing+crying_baby+frog,0.8541666666666666
coughing+crying_baby+glass_breaking,0.7916666666666666
coughing+crying_baby+hand_saw,0.8125
coughing+crying_baby+helicopter,0.9166666666666666
coughing+crying_baby+hen,0.8125
coughing+crying_baby+insects,0.8125
coughing+crying_baby+keyboard_typing,0.7708333333333334
coughing+crying_baby+laughing,0.7291666666666666
coughing+crying_baby+mouse_click,0.7916666666666666
coughing+crying_baby+pig,0.8125
coughing+crying_baby+pouring_water,0.6458333333333334
coughing+crying_baby+rain,0.8958333333333334
coughing+crying_baby+rooster,0.8125
coughing+crying_baby+sea_waves,0.9166666666666666
coughing+crying_baby+sheep,0.8333333333333334
coughing+crying_baby+siren,0.875
coughing+crying_baby+sneezing,0.6875
coughing+crying_baby+snoring,0.8541666666666666
coughing+crying_baby+thunderstorm,0.8958333333333334
coughing+crying_baby+toilet_flush,0.875
coughing+crying_baby+train,0.8958333333333334
coughing+crying_baby+vacuum_cleaner,0.9166666666666666
coughing+crying_baby+washing_machine,0.8958333333333334
coughing+crying_baby+water_drops,0.8125
coughing+crying_baby+wind,0.9166666666666666
coughing+dog+door_wood_creaks,0.7708333333333334
coughing+dog+door_wood_knock,0.8125
coughing+dog+drinking_sipping,0.6458333333333334
coughing+dog+engine,0.8958333333333334
coughing+dog+fireworks,0.8958333333333334
coughing+dog+footsteps,0.7916666666666666
coughing+dog+frog,0.7916666666666666
coughing+dog+glass_breaking,0.8541666666666666
coughing+dog+hand_saw,0.875
coughing+dog+helicopter,0.9166666666666666
coughing+dog+hen,0.7916666666666666
coughing+dog+insects,0.8541666666666666
coughing+dog+keyboard_typing,0.7708333333333334
coughing+dog+laughing,0.6666666666666666
coughing+dog+mouse_click,0.8125
coughing+dog+pig,0.8125
coughing+dog+pouring_water,0.7291666666666666
coughing+dog+rain,0.8958333333333334
coughing+dog+rooster,0.7916666666666666
coughing+dog+sea_waves,0.8958333333333334
coughing+dog+sheep,0.8333333333333334
coughing+dog+siren,0.875
coughing+dog+sneezing,0.7291666666666666
coughing+dog+snoring,0.9166666666666666
coughing+dog+thunderstorm,0.9375
coughing+dog+toilet_flush,0.875
coughing+dog+train,0.9375
coughing+dog+vacuum_cleaner,0.8958333333333334
coughing+dog+washing_machine,0.875
coughing+dog+water_drops,0.7916666666666666
coughing+dog+wind,0.9375
coughing+door_wood_creaks+door_wood_knock,0.7708333333333334
coughing+door_wood_creaks+drinking_sipping,0.5833333333333334
coughing+door_wood_creaks+engine,0.8333333333333334
coughing+door_wood_creaks+fireworks,0.75
coughing+door_wood_creaks+footsteps,0.6666666666666666
coughing+door_wood_creaks+frog,0.75
coughing+door_wood_creaks+glass_breaking,0.7083333333333334
coughing+door_wood_creaks+hand_saw,0.7083333333333334
coughing+door_wood_creaks+helicopter,0.8125
coughing+door_wood_creaks+hen,0.7708333333333334
coughing+door_wood_creaks+insects,0.75
coughing+door_wood_creaks+keyboard_typing,0.7291666666666666
coughing+door_wood_creaks+laughing,0.6458333333333334
coughing+door_wood_creaks+mouse_click,0.75
coughing+door_wood_creaks+pig,0.7083333333333334
coughing+door_wood_creaks+pouring_water,0.75
coughing+door_wood_creaks+rain,0.7916666666666666
coughing+door_wood_creaks+rooster,0.875
coughing+door_wood_creaks+sea_waves,0.8333333333333334
coughing+door_wood_creaks+sheep,0.7708333333333334
coughing+door_wood_creaks+siren,0.8333333333333334
coughing+door_wood_creaks+sneezing,0.75
coughing+door_wood_creaks+snoring,0.7916666666666666
coughing+door_wood_creaks+thunderstorm,0.8333333333333334
coughing+door_wood_creaks+toilet_flush,0.75
coughing+door_wood_creaks+train,0.8541666666666666
coughing+door_wood_creaks+vacuum_cleaner,0.875
coughing+door_wood_creaks+washing_machine,0.7916666666666666
coughing+door_wood_creaks+water_drops,0.7708333333333334
coughing+door_wood_creaks+wind,0.8541666666666666
coughing+door_wood_knock+drinking_sipping,0.6041666666666666
coughing+door_wood_knock+engine,0.8958333333333334
coughing+door_wood_knock+fireworks,0.8541666666666666
coughing+door_wood_knock+footsteps,0.7708333333333334
coughing+door_wood_knock+frog,0.8541666666666666
coughing+door_wood_knock+glass_breaking,0.8333333333333334
coughing+door_wood_knock+hand_saw,0.8541666666666666
coughing+door_wood_knock+helicopter,0.9375
coughing+door_wood_knock+hen,0.8958333333333334
coughing+door_wood_knock+insects,0.875
coughing+door_wood_knock+keyboard_typing,0.8541666666666666
coughing+door_wood_knock+laughing,0.8541666666666666
coughing+door_wood_knock+mouse_click,0.75
coughing+door_wood_knock+pig,0.8333333333333334
coughing+door_wood_knock+pouring_water,0.7708333333333334
coughing+door_wood_knock+rain,0.9166666666666666
coughing+door_wood_knock+rooster,0.875
coughing+door_wood_knock+sea_waves,0.9375
coughing+door_wood_knock+sheep,0.9375
coughing+door_wood_knock+siren,0.9375
coughing+door_wood_knock+sneezing,0.7083333333333334
coughing+door_wood_knock+snoring,0.8125
coughing+door_wood_knock+thunderstorm,0.9166666666666666
coughing+door_wood_knock+toilet_flush,0.8958333333333334
coughing+door_wood_knock+train,0.9375
coughing+door_wood_knock+vacuum_cleaner,0.9166666666666666
coughing+door_wood_knock+washing_machine,0.875
coughing+door_wood_knock+water_drops,0.8125
coughing+door_wood_knock+wind,0.9375
coughing+drinking_sipping+engine,0.7083333333333334
coughing+drinking_sipping+fireworks,0.5208333333333334
coughing+drinking_sipping+footsteps,0.5416666666666666
coughing+drinking_sipping+frog,0.6458333333333334
coughing+drinking_sipping+glass_breaking,0.6458333333333334
coughing+drinking_sipping+hand_saw,0.6875
coughing+drinking_sipping+helicopter,0.7291666666666666
coughing+drinking_sipping+hen,0.7083333333333334
coughing+drinking_sipping+insects,0.625
coughing+drinking_sipping+keyboard_typing,0.5625
coughing+drinking_sipping+laughing,0.625
coughing+drinking_sipping+mouse_click,0.5416666666666666
coughing+drinking_sipping+pig,0.625
coughing+drinking_sipping+pouring_water,0.5625
coughing+drinking_sipping+rain,0.7291666666666666
coughing+drinking_sipping+rooster,0.6666666666666666
coughing+drinking_sipping+sea_waves,0.7291666666666666
coughing+drinking_sipping+sheep,0.6875
coughing+drinking_sipping+siren,0.6666666666666666
coughing+drinking_sipping+sneezing,0.5416666666666666
coughing+drinking_sipping+snoring,0.625
coughing+drinking_sipping+thunderstorm,0.75
coughing+drinking_sipping+toilet_flush,0.7083333333333334
coughing+drinking_sipping+train,0.75
coughing+drinking_sipping+vacuum_cleaner,0.75
coughing+drinking_sipping+washing_machine,0.6666666666666666
coughing+drinking_sipping+water_drops,0.5625
coughing+drinking_sipping+wind,0.7291666666666666
coughing+engine+fireworks,0.9375
coughing+engine+footsteps,0.8541666666666666
coughing+engine+frog,0.9166666666666666
coughing+engine+glass_breaking,0.8541666666666666
coughing+engine+hand_saw,0.875
coughing+engine+helicopter,0.7708333333333334
coughing+engine+hen,0.9166666666666666
coughing+engine+insects,0.8541666666666666
coughing+engine+keyboard_typing,0.875
coughing+engine+laughing,0.875
coughing+engine+mouse_click,0.8125
coughing+engine+pig,0.875
coughing+engine+pouring_water,0.7916666666666666
coughing+engine+rain,0.7916666666666666
coughing+engine+rooster,0.8958333333333334
coughing+engine+sea_waves,0.875
coughing+engine+sheep,0.9166666666666666
coughing+engine+siren,0.9583333333333334
coughing+engine+sneezing,0.7291666666666666
coughing+engine+snoring,0.9166666666666666
coughing+engine+thunderstorm,0.9583333333333334
coughing+engine+toilet_flush,0.9166666666666666
coughing+engine+train,0.8958333333333334
coughing+engine+vacuum_cleaner,0.8958333333333334
coughing+engine+washing_machine,0.8541666666666666
coughing+engine+water_drops,0.8541666666666666
coughing+engine+wind,0.8333333333333334
coughing+fireworks+footsteps,0.625
coughing+fireworks+frog,0.8125
coughing+fireworks+glass_breaking,0.8541666666666666
coughing+fireworks+hand_saw,0.8958333333333334
coughing+fireworks+helicopter,0.9583333333333334
coughing+fireworks+hen,0.875
coughing+fireworks+insects,0.875
coughing+fireworks+keyboard_typing,0.75
coughing+fireworks+laughing,0.7708333333333334
coughing+fireworks+mouse_click,0.75
coughing+fireworks+pig,0.8541666666666666
coughing+fireworks+pouring_water,0.7916666666666666
coughing+fireworks+rain,0.9583333333333334
coughing+fireworks+rooster,0.9166666666666666
coughing+fireworks+sea_waves,0.9583333333333334
coughing+fireworks+sheep,0.8125
coughing+fireworks+siren,0.9583333333333334
coughing+fireworks+sneezing,0.75
coughing+fireworks+snoring,0.9166666666666666
coughing+fireworks+thunderstorm,0.9791666666666666
coughing+fireworks+toilet_flush,0.8958333333333334
coughing+fireworks+train,0.9583333333333334
coughing+fireworks+vacuum_cleaner,0.9583333333333334
coughing+fireworks+washing_machine,0.9166666666666666
coughing+fireworks+water_drops,0.8541666666666666
coughing+fireworks+wind,0.9791666666666666
coughing+footsteps+frog,0.7291666666666666
coughing+footsteps+glass_breaking,0.7916666666666666
coughing+footsteps+hand_saw,0.8125
coughing+footsteps+helicopter,0.875
coughing+footsteps+hen,0.7708333333333334
coughing+footsteps+insects,0.7291666666666666
coughing+footsteps+keyboard_typing,0.7291666666666666
coughing+footsteps+laughing,0.75
coughing+footsteps+mouse_click,0.6875
coughing+footsteps+pig,0.75
coughing+footsteps+pouring_water,0.6666666666666666
coughing+footsteps+rain,0.8541666666666666
coughing+footsteps+rooster,0.8333333333333334
coughing+footsteps+sea_waves,0.8541666666666666
coughing+footsteps+sheep,0.8125
coughing+footsteps+siren,0.875
coughing+footsteps+sneezing,0.6458333333333334
coughing+footsteps+snoring,0.7291666666666666
coughing+footsteps+thunderstorm,0.8125
coughing+footsteps+toilet_flush,0.8333333333333334
coughing+footsteps+train,0.8958333333333334
coughing+footsteps+vacuum_cleaner,0.875
coughing+footsteps+washing_machine,0.8333333333333334
coughing+footsteps+water_drops,0.75
coughing+footsteps+wind,0.8958333333333334
coughing+frog+glass_breaking,0.8541666666666666
coughing+frog+hand_saw,0.8541666666666666
coughing+frog+helicopter,0.9583333333333334
coughing+frog+hen,0.8541666666666666
coughing+frog+insects,0.8125
coughing+frog+keyboard_typing,0.7291666666666666
coughing+frog+laughing,0.7708333333333334
coughing+frog+mouse_click,0.7083333333333334
coughing+frog+pig,0.8541666666666666
coughing+frog+pouring_water,0.7708333333333334
coughing+frog+rain,0.9375
coughing+frog+rooster,0.8958333333333334
coughing+frog+sea_waves,0.9166666666666666
coughing+frog+sheep,0.7916666666666666
coughing+frog+siren,0.9375
coughing+frog+sneezing,0.7291666666666666
coughing+frog+snoring,0.875
coughing+frog+thunderstorm,0.8958333333333334
coughing+frog+toilet_flush,0.9166666666666666
coughing+frog+train,0.9583333333333334
coughing+frog+vacuum_cleaner,0.9375
coughing+frog+washing_machine,0.8958333333333334
coughing+frog+water_drops,0.7708333333333334
coughing+frog+wind,0.9583333333333334
coughing+glass_breaking+hand_saw,0.8125
coughing+glass_breaking+helicopter,0.8958333333333334
coughing+glass_breaking+hen,0.8541666666666666
coughing+glass_breaking+insects,0.8333333333333334
coughing+glass_breaking+keyboard_typing,0.7708333333333334
coughing+glass_breaking+laughing,0.8125
coughing+glass_breaking+mouse_click,0.6875
coughing+glass_breaking+pig,0.7916666666666666
coughing+glass_breaking+pouring_water,0.7291666666666666
coughing+glass_breaking+rain,0.875
coughing+glass_breaking+rooster,0.8333333333333334
coughing+glass_breaking+sea_waves,0.8958333333333334
coughing+glass_breaking+sheep,0.8958333333333334
coughing+glass_breaking+siren,0.8958333333333334
coughing+glass_breaking+sneezing,0.6458333333333334
coughing+glass_breaking+snoring,0.875
coughing+glass_breaking+thunderstorm,0.8958333333333334
coughing+glass_breaking+toilet_flush,0.8541666666666666
coughing+glass_breaking+train,0.8958333333333334
coughing+glass_breaking+vacuum_cleaner,0.875
coughing+glass_breaking+washing_machine,0.8958333333333334
coughing+glass_breaking+water_drops,0.7708333333333334
coughing+glass_breaking+wind,0.8958333333333334
coughing+hand_saw+helicopter,0.9375
coughing+hand_saw+hen,0.8541666666666666
coughing+hand_saw+insects,0.8333333333333334
coughing+hand_saw+keyboard_typing,0.8333333333333334
coughing+hand_saw+laughing,0.7916666666666666
coughing+hand_saw+mouse_click,0.8125
coughing+hand_saw+pig,0.6875
coughing+hand_saw+pouring_water,0.7083333333333334
coughing+hand_saw+rain,0.875
coughing+hand_saw+rooster,0.875
coughing+hand_saw+sea_waves,0.8541666666666666
coughing+hand_saw+sheep,0.875
coughing+hand_saw+siren,0.8958333333333334
coughing+hand_saw+sneezing,0.7083333333333334
coughing+hand_saw+snoring,0.9166666666666666
coughing+hand_saw+thunderstorm,0.9375
coughing+hand_saw+toilet_flush,0.75
coughing+hand_saw+train,0.9375
coughing+hand_saw+vacuum_cleaner,0.8541666666666666
coughing+hand_saw+washing_machine,0.875
coughing+hand_saw+water_drops,0.8541666666666666
coughing+hand_saw+wind,0.9375
coughing+helicopter+hen,0.9166666666666666
coughing+helicopter+insects,0.8125
coughing+helicopter+keyboard_typing,0.9166666666666666
coughing+helicopter+laughing,0.8958333333333334
coughing+helicopter+mouse_click,0.7916666666666666
coughing+helicopter+pig,0.9166666666666666
coughing+helicopter+pouring_water,0.8333333333333334
coughing+helicopter+rain,0.8541666666666666
coughing+helicopter+rooster,0.9166666666666666
coughing+helicopter+sea_waves,0.9166666666666666
coughing+helicopter+sheep,0.9791666666666666
coughing+helicopter+siren,0.9375
coughing+helicopter+sneezing,0.7708333333333334
coughing+helicopter+snoring,0.9791666666666666
coughing+helicopter+thunderstorm,0.8541666666666666
coughing+helicopter+toilet_flush,0.9583333333333334
coughing+helicopter+train,0.8333333333333334
coughing+helicopter+vacuum_cleaner,0.9583333333333334
coughing+helicopter+washing_machine,0.7291666666666666
coughing+helicopter+water_drops,0.9166666666666666
coughing+helicopter+wind,0.7083333333333334
coughing+hen+insects,0.7708333333333334
coughing+hen+keyboard_typing,0.7708333333333334
coughing+hen+laughing,0.6666666666666666
coughing+hen+mouse_click,0.8125
coughing+hen+pig,0.7708333333333334
coughing+hen+pouring_water,0.7083333333333334
coughing+hen+rain,0.8541666666666666
coughing+hen+rooster,0.8541666666666666
coughing+hen+sea_waves,0.8958333333333334
coughing+hen+sheep,0.7916666666666666
coughing+hen+siren,0.875
coughing+hen+sneezing,0.7291666666666666
coughing+hen+snoring,0.9375
coughing+hen+thunderstorm,0.9166666666666666
coughing+hen+toilet_flush,0.875
coughing+hen+train,0.9166666666666666
coughing+hen+vacuum_cleaner,0.9375
coughing+hen+washing_machine,0.8958333333333334
coughing+hen+water_drops,0.8958333333333334
coughing+hen+wind,0.9583333333333334
coughing+insects+keyboard_typing,0.7916666666666666
coughing+insects+laughing,0.7708333333333334
coughing+insects+mouse_click,0.7291666666666666
coughing+insects+pig,0.7291666666666666
coughing+insects+pouring_water,0.7291666666666666
coughing+insects+rain,0.7083333333333334
coughing+insects+rooster,0.875
coughing+insects+sea_waves,0.8333333333333334
coughing+insects+sheep,0.8958333333333334
coughing+insects+siren,0.8958333333333334
coughing+insects+sneezing,0.6875
coughing+insects+snoring,0.8541666666666666
coughing+insects+thunderstorm,0.8541666666666666
coughing+insects+toilet_flush,0.8958333333333334
coughing+insects+train,0.8125
coughing+insects+vacuum_cleaner,0.875
coughing+insects+washing_machine,0.6875
coughing+insects+water_drops,0.7916666666666666
coughing+insects+wind,0.8125
coughing+keyboard_typing+laughing,0.625
coughing+keyboard_typing+mouse_click,0.75
coughing+keyboard_typing+pig,0.75
coughing+keyboard_typing+pouring_water,0.6666666666666666
coughing+keyboard_typing+rain,0.875
coughing+keyboard_typing+rooster,0.7916666666666666
coughing+keyboard_typing+sea_waves,0.9166666666666666
coughing+keyboard_typing+sheep,0.8125
coughing+keyboard_typing+siren,0.8541666666666666
coughing+keyboard_typing+sneezing,0.6666666666666666
coughing+keyboard_typing+snoring,0.8125
coughing+keyboard_typing+thunderstorm,0.8958333333333334
coughing+keyboard_typing+toilet_flush,0.8541666666666666
coughing+keyboard_typing+train,0.8958333333333334
coughing+keyboard_typing+vacuum_cleaner,0.9166666666666666
coughing+keyboard_typing+washing_machine,0.8958333333333334
coughing+keyboard_typing+water_drops,0.8333333333333334
coughing+keyboard_typing+wind,0.8958333333333334
coughing+laughing+mouse_click,0.7916666666666666
coughing+laughing+pig,0.8125
coughing+laughing+pouring_water,0.6666666666666666
coughing+laughing+rain,0.8541666666666666
coughing+laughing+rooster,0.7083333333333334
coughing+laughing+sea_waves,0.8125
coughing+laughing+sheep,0.75
coughing+laughing+siren,0.8333333333333334
coughing+laughing+sneezing,0.6875
coughing+laughing+snoring,0.8541666666666666
coughing+laughing+thunderstorm,0.8958333333333334
coughing+laughing+toilet_flush,0.8125
coughing+laughing+train,0.875
coughing+laughing+vacuum_cleaner,0.875
coughing+laughing+washing_machine,0.8541666666666666
coughing+laughing+water_drops,0.8333333333333334
coughing+laughing+wind,0.9166666666666666
coughing+mouse_click+pig,0.7916666666666666
coughing+mouse_click+pouring_water,0.7291666666666666
coughing+mouse_click+rain,0.7916666666666666
coughing+mouse_click+rooster,0.8125
coughing+mouse_click+sea_waves,0.875
coughing+mouse_click+sheep,0.8541666666666666
coughing+mouse_click+siren,0.8541666666666666
coughing+mouse_click+sneezing,0.625
coughing+mouse_click+snoring,0.7708333333333334
coughing+mouse_click+thunderstorm,0.8125
coughing+mouse_click+toilet_flush,0.8333333333333334
coughing+mouse_click+train,0.8541666666666666
coughing+mouse_click+vacuum_cleaner,0.875
coughing+mouse_click+washing_machine,0.8541666666666666
coughing+mouse_click+water_drops,0.6041666666666666
coughing+mouse_click+wind,0.8541666666666666
coughing+pig+pouring_water,0.6875
coughing+pig+rain,0.8541666666666666
coughing+pig+rooster,0.8541666666666666
coughing+pig+sea_waves,0.8541666666666666
coughing+pig+sheep,0.75
coughing+pig+siren,0.8541666666666666
coughing+pig+sneezing,0.6875
coughing+pig+snoring,0.8125
coughing+pig+thunderstorm,0.8541666666666666
coughing+pig+toilet_flush,0.875
coughing+pig+train,0.875
coughing+pig+vacuum_cleaner,0.8541666666666666
coughing+pig+washing_machine,0.7916666666666666
coughing+pig+water_drops,0.8541666666666666
coughing+pig+wind,0.9166666666666666
coughing+pouring_water+rain,0.8125
coughing+pouring_water+rooster,0.7083333333333334
coughing+pouring_water+sea_waves,0.8333333333333334
coughing+pouring_water+sheep,0.75
coughing+pouring_water+siren,0.7708333333333334
coughing+pouring_water+sneezing,0.625
coughing+pouring_water+snoring,0.7916666666666666
coughing+pouring_water+thunderstorm,0.8333333333333334
coughing+pouring_water+toilet_flush,0.75
coughing+pouring_water+train,0.8333333333333334
coughing+pouring_water+vacuum_cleaner,0.8333333333333334
coughing+pouring_water+washing_machine,0.8333333333333334
coughing+pouring_water+water_drops,0.6875
coughing+pouring_water+wind,0.8333333333333334
coughing+rain+rooster,0.9166666666666666
coughing+rain+sea_waves,0.8125
coughing+rain+sheep,0.875
coughing+rain+siren,0.8958333333333334
coughing+rain+sneezing,0.75
coughing+rain+snoring,0.8958333333333334
coughing+rain+thunderstorm,0.9166666666666666
coughing+rain+toilet_flush,0.875
coughing+rain+train,0.7708333333333334
coughing+rain+vacuum_cleaner,0.8333333333333334
coughing+rain+washing_machine,0.7291666666666666
coughing+rain+water_drops,0.875
coughing+rain+wind,0.75
coughing+rooster+sea_waves,0.9375
coughing+rooster+sheep,0.9375
coughing+rooster+siren,0.9166666666666666
coughing+rooster+sneezing,0.6875
coughing+rooster+snoring,0.9166666666666666
coughing+rooster+thunderstorm,0.9375
coughing+rooster+toilet_flush,0.8958333333333334
coughing+rooster+train,0.9375
coughing+rooster+vacuum_cleaner,0.9375
coughing+rooster+washing_machine,0.9375
coughing+rooster+water_drops,0.875
coughing+rooster+wind,0.9375
coughing+sea_waves+sheep,0.9375
coughing+sea_waves+siren,0.9375
coughing+sea_waves+sneezing,0.7708333333333334
coughing+sea_waves+snoring,0.9583333333333334
coughing+sea_waves+thunderstorm,0.9583333333333334
coughing+sea_waves+toilet_flush,0.9166666666666666
coughing+sea_waves+train,0.9375
coughing+sea_waves+vacuum_cleaner,0.8333333333333334
coughing+sea_waves+washing_machine,0.8541666666666666
coughing+sea_waves+water_drops,0.9375
coughing+sea_waves+wind,0.9583333333333334
coughing+sheep+siren,0.8958333333333334
coughing+sheep+sneezing,0.7708333333333334
coughing+sheep+snoring,0.9375
coughing+sheep+thunderstorm,0.875
coughing+sheep+toilet_flush,0.9166666666666666
coughing+sheep+train,0.9166666666666666
coughing+sheep+vacuum_cleaner,0.9583333333333334
coughing+sheep+washing_machine,0.9166666666666666
coughing+sheep+water_drops,0.9166666666666666
coughing+sheep+wind,0.9791666666666666
coughing+siren+sneezing,0.7708333333333334
coughing+siren+snoring,0.9375
coughing+siren+thunderstorm,0.9583333333333334
coughing+siren+toilet_flush,0.9375
coughing+siren+train,0.875
coughing+siren+vacuum_cleaner,0.9791666666666666
coughing+siren+washing_machine,0.9583333333333334
coughing+siren+water_drops,0.8958333333333334
coughing+siren+wind,0.9791666666666666
coughing+sneezing+snoring,0.75
coughing+sneezing+thunderstorm,0.7708333333333334
coughing+sneezing+toilet_flush,0.7291666666666666
coughing+sneezing+train,0.7708333333333334
coughing+sneezing+vacuum_cleaner,0.7708333333333334
coughing+sneezing+washing_machine,0.7708333333333334
coughing+sneezing+water_drops,0.6041666666666666
coughing+sneezing+wind,0.7708333333333334
coughing+snoring+thunderstorm,0.9166666666666666
coughing+snoring+toilet_flush,0.9166666666666666
coughing+snoring+train,0.9583333333333334
coughing+snoring+vacuum_cleaner,0.9583333333333334
coughing+snoring+washing_machine,0.875
coughing+snoring+water_drops,0.8541666666666666
coughing+snoring+wind,0.9583333333333334
coughing+thunderstorm+toilet_flush,0.9583333333333334
coughing+thunderstorm+train,0.9583333333333334
coughing+thunderstorm+vacuum_cleaner,1.0
coughing+thunderstorm+washing_machine,0.8333333333333334
coughing+thunderstorm+water_drops,0.875
coughing+thunderstorm+wind,0.9791666666666666
coughing+toilet_flush+train,0.9583333333333334
coughing+toilet_flush+vacuum_cleaner,0.8333333333333334
coughing+toilet_flush+washing_machine,0.875
coughing+toilet_flush+water_drops,0.8958333333333334
coughing+toilet_flush+wind,0.9583333333333334
coughing+train+vacuum_cleaner,0.9791666666666666
coughing+train+washing_machine,0.8333333333333334
coughing+train+water_drops,0.9166666666666666
coughing+train+wind,0.8333333333333334
coughing+vacuum_cleaner+washing_machine,0.9375
coughing+vacuum_cleaner+water_drops,0.9375
coughing+vacuum_cleaner+wind,0.8958333333333334
coughing+washing_machine+water_drops,0.8958333333333334
coughing+washing_machine+wind,0.7708333333333334
coughing+water_drops+wind,0.8958333333333334
cow+crackling_fire+crickets,0.8958333333333334
cow+crackling_fire+crow,0.9166666666666666
cow+crackling_fire+crying_baby,0.9166666666666666
cow+crackling_fire+dog,0.8958333333333334
cow+crackling_fire+door_wood_creaks,0.8333333333333334
cow+crackling_fire+door_wood_knock,0.9166666666666666
cow+crackling_fire+drinking_sipping,0.8333333333333334
cow+crackling_fire+engine,0.9583333333333334
cow+crackling_fire+fireworks,0.8333333333333334
cow+crackling_fire+footsteps,0.7916666666666666
cow+crackling_fire+frog,0.8333333333333334
cow+crackling_fire+glass_breaking,0.9375
cow+crackling_fire+hand_saw,0.9375
cow+crackling_fire+helicopter,0.9166666666666666
cow+crackling_fire+hen,0.7916666666666666
cow+crackling_fire+insects,0.6875
cow+crackling_fire+keyboard_typing,0.8125
cow+crackling_fire+laughing,0.7916666666666666
cow+crackling_fire+mouse_click,0.6875
cow+crackling_fire+pig,0.7708333333333334
cow+crackling_fire+pouring_water,0.8958333333333334
cow+crackling_fire+rain,0.875
cow+crackling_fire+rooster,0.9166666666666666
cow+crackling_fire+sea_waves,0.9166666666666666
cow+crackling_fire+sheep,0.7916666666666666
cow+crackling_fire+siren,0.8125
cow+crackling_fire+sneezing,0.875
cow+crackling_fire+snoring,0.8125
cow+crackling_fire+thunderstorm,0.7916666666666666
cow+crackling_fire+toilet_flush,0.875
cow+crackling_fire+train,0.9583333333333334
cow+crackling_fire+vacuum_cleaner,0.9583333333333334
cow+crackling_fire+washing_machine,0.8541666666666666
cow+crackling_fire+water_drops,0.6875
cow+crackling_fire+wind,0.9583333333333334
cow+crickets+crow,0.875
cow+crickets+crying_baby,0.875
cow+crickets+dog,0.875
cow+crickets+door_wood_creaks,0.7916666666666666
cow+crickets+door_wood_knock,0.8958333333333334
cow+crickets+drinking_sipping,0.8333333333333334
cow+crickets+engine,0.8958333333333334
cow+crickets+fireworks,0.8958333333333334
cow+crickets+footsteps,0.8541666666666666
cow+crickets+frog,0.8541666666666666
cow+crickets+glass_breaking,0.9375
cow+crickets+hand_saw,0.8958333333333334
cow+crickets+helicopter,0.7708333333333334
cow+crickets+hen,0.7708333333333334
cow+crickets+insects,0.7708333333333334
cow+crickets+keyboard_typing,0.7708333333333334
cow+crickets+laughing,0.7708333333333334
cow+crickets+mouse_click,0.9166666666666666
cow+crickets+pig,0.7291666666666666
cow+crickets+pouring_water,0.875
cow+crickets+rain,0.8333333333333334
cow+crickets+rooster,0.875
cow+crickets+sea_waves,0.875
cow+crickets+sheep,0.75
cow+crickets+siren,0.7708333333333334
cow+crickets+sneezing,0.8958333333333334
cow+crickets+snoring,0.9166666666666666
cow+crickets+thunderstorm,0.8541666666666666
cow+crickets+toilet_flush,0.8333333333333334
cow+crickets+train,0.875
cow+crickets+vacuum_cleaner,0.9166666666666666
cow+crickets+washing_machine,0.75
cow+crickets+water_drops,0.8541666666666666
cow+crickets+wind,0.8958333333333334
cow+crow+crying_baby,0.8333333333333334
cow+crow+dog,0.8333333333333334
cow+crow+door_wood_creaks,0.7291666666666666
cow+crow+door_wood_knock,0.8958333333333334
cow+crow+drinking_sipping,0.8333333333333334
cow+crow+engine,0.8958333333333334
cow+crow+fireworks,0.875
cow+crow+footsteps,0.8333333333333334
cow+crow+frog,0.7916666666666666
cow+crow+glass_breaking,0.9375
cow+crow+hand_saw,0.8333333333333334
cow+crow+helicopter,0.875
cow+crow+hen,0.7916666666666666
cow+crow+insects,0.75
cow+crow+keyboard_typing,0.7708333333333334
cow+crow+laughing,0.7083333333333334
cow+crow+mouse_click,0.8958333333333334
cow+crow+pig,0.7083333333333334
cow+crow+pouring_water,0.8125
cow+crow+rain,0.875
cow+crow+rooster,0.7916666666666666
cow+crow+sea_waves,0.875
cow+crow+sheep,0.75
cow+crow+siren,0.75
cow+crow+sneezing,0.8958333333333334
cow+crow+snoring,0.9166666666666666
cow+crow+thunderstorm,0.875
cow+crow+toilet_flush,0.8125
cow+crow+train,0.9166666666666666
cow+crow+vacuum_cleaner,0.8958333333333334
cow+crow+washing_machine,0.8333333333333334
cow+crow+water_drops,0.8958333333333334
cow+crow+wind,0.9375
cow+crying_baby+dog,0.8125
cow+crying_baby+door_wood_creaks,0.7083333333333334
cow+crying_baby+door_wood_knock,0.8958333333333334
cow+crying_baby+drinking_sipping,0.8125
cow+crying_baby+engine,0.9166666666666666
cow+crying_baby+fireworks,0.8333333333333334
cow+crying_baby+footsteps,0.7916666666666666
cow+crying_baby+frog,0.8541666666666666
cow+crying_baby+glass_breaking,0.9166666666666666
cow+crying_baby+hand_saw,0.8541666666666666
cow+crying_baby+helicopter,0.875
cow+crying_baby+hen,0.7083333333333334
cow+crying_baby+insects,0.75
cow+crying_baby+keyboard_typing,0.7708333333333334
cow+crying_baby+laughing,0.6458333333333334
cow+crying_baby+mouse_click,0.9166666666666666
cow+crying_baby+pig,0.7083333333333334
cow+crying_baby+pouring_water,0.7291666666666666
cow+crying_baby+rain,0.875
cow+crying_baby+rooster,0.8333333333333334
cow+crying_baby+sea_waves,0.875
cow+crying_baby+sheep,0.6666666666666666
cow+crying_baby+siren,0.7291666666666666
cow+crying_baby+sneezing,0.8958333333333334
cow+crying_baby+snoring,0.8958333333333334
cow+crying_baby+thunderstorm,0.875
cow+crying_baby+toilet_flush,0.8333333333333334
cow+crying_baby+train,0.9166666666666666
cow+crying_baby+vacuum_cleaner,0.9166666666666666
cow+crying_baby+washing_machine,0.8333333333333334
cow+crying_baby+water_drops,0.8541666666666666
cow+crying_baby+wind,0.9375
cow+dog+door_wood_creaks,0.7083333333333334
cow+dog+door_wood_knock,0.8541666666666666
cow+dog+drinking_sipping,0.7708333333333334
cow+dog+engine,0.9166666666666666
cow+dog+fireworks,0.8541666666666666
cow+dog+footsteps,0.8125
cow+dog+frog,0.7916666666666666
cow+dog+glass_breaking,0.9375
cow+dog+hand_saw,0.8958333333333334
cow+dog+helicopter,0.875
cow+dog+hen,0.7916666666666666
cow+dog+insects,0.7916666666666666
cow+dog+keyboard_typing,0.7916666666666666
cow+dog+laughing,0.5625
cow+dog+mouse_click,0.9166666666666666
cow+dog+pig,0.75
cow+dog+pouring_water,0.7708333333333334
cow+dog+rain,0.8541666666666666
cow+dog+rooster,0.8333333333333334
cow+dog+sea_waves,0.8333333333333334
cow+dog+sheep,0.7708333333333334
cow+dog+siren,0.7291666666666666
cow+dog+sneezing,0.875
cow+dog+snoring,0.9166666666666666
cow+dog+thunderstorm,0.8958333333333334
cow+dog+toilet_flush,0.7916666666666666
cow+dog+train,0.9166666666666666
cow+dog+vacuum_cleaner,0.875
cow+dog+washing_machine,0.8333333333333334
cow+dog+water_drops,0.8125
cow+dog+wind,0.9375
cow+door_wood_creaks+door_wood_knock,0.7708333333333334
cow+door_wood_creaks+drinking_sipping,0.7291666666666666
cow+door_wood_creaks+engine,0.8125
cow+door_wood_creaks+fireworks,0.75
cow+door_wood_creaks+footsteps,0.7083333333333334
cow+door_wood_creaks+frog,0.75
cow+door_wood_creaks+glass_breaking,0.6666666666666666
cow+door_wood_creaks+hand_saw,0.75
cow+door_wood_creaks+helicopter,0.75
cow+door_wood_creaks+hen,0.6458333333333334
cow+door_wood_creaks+insects,0.6666666666666666
cow+door_wood_creaks+keyboard_typing,0.6666666666666666
cow+door_wood_creaks+laughing,0.5625
cow+door_wood_creaks+mouse_click,0.7708333333333334
cow+door_wood_creaks+pig,0.625
cow+door_wood_creaks+pouring_water,0.7083333333333334
cow+door_wood_creaks+rain,0.75
cow+door_wood_creaks+rooster,0.7708333333333334
cow+door_wood_creaks+sea_waves,0.75
cow+door_wood_creaks+sheep,0.6041666666666666
cow+door_wood_creaks+siren,0.6666666666666666
cow+door_wood_creaks+sneezing,0.7916666666666666
cow+door_wood_creaks+snoring,0.8125
cow+door_wood_creaks+thunderstorm,0.8125
cow+door_wood_creaks+toilet_flush,0.6875
cow+door_wood_creaks+train,0.8333333333333334
cow+door_wood_creaks+vacuum_cleaner,0.8125
cow+door_wood_creaks+washing_machine,0.75
cow+door_wood_creaks+water_drops,0.7916666666666666
cow+door_wood_creaks+wind,0.8541666666666666
cow+door_wood_knock+drinking_sipping,0.75
cow+door_wood_knock+engine,0.9375
cow+door_wood_knock+fireworks,0.8333333333333334
cow+door_wood_knock+footsteps,0.8125
cow+door_wood_knock+frog,0.8541666666666666
cow+door_wood_knock+glass_breaking,0.9583333333333334
cow+door_wood_knock+hand_saw,0.9375
cow+door_wood_knock+helicopter,0.8958333333333334
cow+door_wood_knock+hen,0.7916666666666666
cow+door_wood_knock+insects,0.7916666666666666
cow+door_wood_knock+keyboard_typing,0.75
cow+door_wood_knock+laughing,0.8125
cow+door_wood_knock+mouse_click,0.8125
cow+door_wood_knock+pig,0.7291666666666666
cow+door_wood_knock+pouring_water,0.8958333333333334
cow+door_wood_knock+rain,0.8958333333333334
cow+door_wood_knock+rooster,0.875
cow+door_wood_knock+sea_waves,0.8958333333333334
cow+door_wood_knock+sheep,0.7708333333333334
cow+door_wood_knock+siren,0.7916666666666666
cow+door_wood_knock+sneezing,0.9166666666666666
cow+door_wood_knock+snoring,0.8333333333333334
cow+door_wood_knock+thunderstorm,0.9166666666666666
cow+door_wood_knock+toilet_flush,0.8541666666666666
cow+door_wood_knock+train,0.9375
cow+door_wood_knock+vacuum_cleaner,0.9375
cow+door_wood_knock+washing_machine,0.8541666666666666
cow+door_wood_knock+water_drops,0.8333333333333334
cow+door_wood_knock+wind,0.9583333333333334
cow+drinking_sipping+engine,0.8958333333333334
cow+drinking_sipping+fireworks,0.6458333333333334
cow+drinking_sipping+footsteps,0.7083333333333334
cow+drinking_sipping+frog,0.8125
cow+drinking_sipping+glass_breaking,0.8958333333333334
cow+drinking_sipping+hand_saw,0.875
cow+drinking_sipping+helicopter,0.8541666666666666
cow+drinking_sipping+hen,0.7083333333333334
cow+drinking_sipping+insects,0.6875
cow+drinking_sipping+keyboard_typing,0.6666666666666666
cow+drinking_sipping+laughing,0.6041666666666666
cow+drinking_sipping+mouse_click,0.7708333333333334
cow+drinking_sipping+pig,0.7291666666666666
cow+drinking_sipping+pouring_water,0.7708333333333334
cow+drinking_sipping+rain,0.8541666666666666
cow+drinking_sipping+rooster,0.7916666666666666
cow+drinking_sipping+sea_waves,0.8541666666666666
cow+drinking_sipping+sheep,0.75
cow+drinking_sipping+siren,0.75
cow+drinking_sipping+sneezing,0.7916666666666666
cow+drinking_sipping+snoring,0.8125
cow+drinking_sipping+thunderstorm,0.8541666666666666
cow+drinking_sipping+toilet_flush,0.8333333333333334
cow+drinking_sipping+train,0.8958333333333334
cow+drinking_sipping+vacuum_cleaner,0.8958333333333334
cow+drinking_sipping+washing_machine,0.8125
cow+drinking_sipping+water_drops,0.6875
cow+drinking_sipping+wind,0.8958333333333334
cow+engine+fireworks,0.9166666666666666
cow+engine+footsteps,0.8958333333333334
cow+engine+frog,0.8958333333333334
cow+engine+glass_breaking,0.9791666666666666
cow+engine+hand_saw,0.9166666666666666
cow+engine+helicopter,0.7291666666666666
cow+engine+hen,0.8333333333333334
cow+engine+insects,0.7916666666666666
cow+engine+keyboard_typing,0.8333333333333334
cow+engine+laughing,0.8125
cow+engine+mouse_click,0.9375
cow+engine+pig,0.7708333333333334
cow+engine+pouring_water,0.9166666666666666
cow+engine+rain,0.7916666666666666
cow+engine+rooster,0.9166666666666666
cow+engine+sea_waves,0.8333333333333334
cow+engine+sheep,0.7708333333333334
cow+engine+siren,0.8125
cow+engine+sneezing,0.9375
cow+engine+snoring,0.9375
cow+engine+thunderstorm,0.9166666666666666
cow+engine+toilet_flush,0.8541666666666666
cow+engine+train,0.8958333333333334
cow+engine+vacuum_cleaner,0.8958333333333334
cow+engine+washing_machine,0.7708333333333334
cow+engine+water_drops,0.9166666666666666
cow+engine+wind,0.8541666666666666
cow+fireworks+footsteps,0.625
cow+fireworks+frog,0.8125
cow+fireworks+glass_breaking,0.9375
cow+fireworks+hand_saw,0.9166666666666666
cow+fireworks+helicopter,0.8958333333333334
cow+fireworks+hen,0.75
cow+fireworks+insects,0.7708333333333334
cow+fireworks+keyboard_typing,0.6666666666666666
cow+fireworks+laughing,0.6875
cow+fireworks+mouse_click,0.8541666666666666
cow+fireworks+pig,0.7708333333333334
cow+fireworks+pouring_water,0.8541666666666666
cow+fireworks+rain,0.9166666666666666
cow+fireworks+rooster,0.8958333333333334
cow+fireworks+sea_waves,0.8958333333333334
cow+fireworks+sheep,0.7083333333333334
cow+fireworks+siren,0.7916666666666666
cow+fireworks+sneezing,0.8958333333333334
cow+fireworks+snoring,0.9166666666666666
cow+fireworks+thunderstorm,0.8958333333333334
cow+fireworks+toilet_flush,0.8333333333333334
cow+fireworks+train,0.9166666666666666
cow+fireworks+vacuum_cleaner,0.9166666666666666
cow+fireworks+washing_machine,0.8541666666666666
cow+fireworks+water_drops,0.8333333333333334
cow+fireworks+wind,0.9583333333333334
cow+footsteps+frog,0.7708333333333334
cow+footsteps+glass_breaking,0.8958333333333334
cow+footsteps+hand_saw,0.875
cow+footsteps+helicopter,0.8541666666666666
cow+footsteps+hen,0.7083333333333334
cow+footsteps+insects,0.7083333333333334
cow+footsteps+keyboard_typing,0.6041666666666666
cow+footsteps+laughing,0.6875
cow+footsteps+mouse_click,0.7708333333333334
cow+footsteps+pig,0.7291666666666666
cow+footsteps+pouring_water,0.7291666666666666
cow+footsteps+rain,0.8333333333333334
cow+footsteps+rooster,0.8333333333333334
cow+footsteps+sea_waves,0.8541666666666666
cow+footsteps+sheep,0.7291666666666666
cow+footsteps+siren,0.75
cow+footsteps+sneezing,0.8333333333333334
cow+footsteps+snoring,0.75
cow+footsteps+thunderstorm,0.8125
cow+footsteps+toilet_flush,0.8125
cow+footsteps+train,0.8958333333333334
cow+footsteps+vacuum_cleaner,0.8958333333333334
cow+footsteps+washing_machine,0.8333333333333334
cow+footsteps+water_drops,0.7916666666666666
cow+footsteps+wind,0.9166666666666666
cow+frog+glass_breaking,0.9166666666666666
cow+frog+hand_saw,0.875
cow+frog+helicopter,0.8541666666666666
cow+frog+hen,0.75
cow+frog+insects,0.7291666666666666
cow+frog+keyboard_typing,0.6666666666666666
cow+frog+laughing,0.7083333333333334
cow+frog+mouse_click,0.8125
cow+frog+pig,0.7083333333333334
cow+frog+pouring_water,0.8541666666666666
cow+frog+rain,0.8541666666666666
cow+frog+rooster,0.8541666666666666
cow+frog+sea_waves,0.8333333333333334
cow+frog+sheep,0.6458333333333334
cow+frog+siren,0.7291666666666666
cow+frog+sneezing,0.875
cow+frog+snoring,0.875
cow+frog+thunderstorm,0.8333333333333334
cow+frog+toilet_flush,0.8125
cow+frog+train,0.8958333333333334
cow+frog+vacuum_cleaner,0.875
cow+frog+washing_machine,0.8125
cow+frog+water_drops,0.8125
cow+frog+wind,0.9166666666666666
cow+glass_breaking+hand_saw,0.9166666666666666
cow+glass_breaking+helicopter,0.9375
cow+glass_breaking+hen,0.8541666666666666
cow+glass_breaking+insects,0.7916666666666666
cow+glass_breaking+keyboard_typing,0.8125
cow+glass_breaking+laughing,0.8333333333333334
cow+glass_breaking+mouse_click,0.7916666666666666
cow+glass_breaking+pig,0.7708333333333334
cow+glass_breaking+pouring_water,0.875
cow+glass_breaking+rain,0.9375
cow+glass_breaking+rooster,0.8958333333333334
cow+glass_breaking+sea_waves,0.9375
cow+glass_breaking+sheep,0.8125
cow+glass_breaking+siren,0.8333333333333334
cow+glass_breaking+sneezing,0.7916666666666666
cow+glass_breaking+snoring,0.9791666666666666
cow+glass_breaking+thunderstorm,0.9375
cow+glass_breaking+toilet_flush,0.8958333333333334
cow+glass_breaking+train,0.9791666666666666
cow+glass_breaking+vacuum_cleaner,0.9583333333333334
cow+glass_breaking+washing_machine,0.8958333333333334
cow+glass_breaking+water_drops,0.8541666666666666
cow+glass_breaking+wind,1.0
cow+hand_saw+helicopter,0.8958333333333334
cow+hand_saw+hen,0.7916666666666666
cow+hand_saw+insects,0.7916666666666666
cow+hand_saw+keyboard_typing,0.7916666666666666
cow+hand_saw+laughing,0.7708333333333334
cow+hand_saw+mouse_click,0.9375
cow+hand_saw+pig,0.6458333333333334
cow+hand_saw+pouring_water,0.8125
cow+hand_saw+rain,0.875
cow+hand_saw+rooster,0.8541666666666666
cow+hand_saw+sea_waves,0.8125
cow+hand_saw+sheep,0.7083333333333334
cow+hand_saw+siren,0.7916666666666666
cow+hand_saw+sneezing,0.8958333333333334
cow+hand_saw+snoring,0.9375
cow+hand_saw+thunderstorm,0.9166666666666666
cow+hand_saw+toilet_flush,0.7291666666666666
cow+hand_saw+train,0.9375
cow+hand_saw+vacuum_cleaner,0.875
cow+hand_saw+washing_machine,0.875
cow+hand_saw+water_drops,0.9166666666666666
cow+hand_saw+wind,0.9583333333333334
cow+helicopter+hen,0.7708333333333334
cow+helicopter+insects,0.6875
cow+helicopter+keyboard_typing,0.7916666666666666
cow+helicopter+laughing,0.7708333333333334
cow+helicopter+mouse_click,0.8541666666666666
cow+helicopter+pig,0.7291666666666666
cow+helicopter+pouring_water,0.875
cow+helicopter+rain,0.8125
cow+helicopter+rooster,0.875
cow+helicopter+sea_waves,0.8125
cow+helicopter+sheep,0.75
cow+helicopter+siren,0.75
cow+helicopter+sneezing,0.8958333333333334
cow+helicopter+snoring,0.9166666666666666
cow+helicopter+thunderstorm,0.75
cow+helicopter+toilet_flush,0.8333333333333334
cow+helicopter+train,0.7916666666666666
cow+helicopter+vacuum_cleaner,0.875
cow+helicopter+washing_machine,0.625
cow+helicopter+water_drops,0.8958333333333334
cow+helicopter+wind,0.6666666666666666
cow+hen+insects,0.6666666666666666
cow+hen+keyboard_typing,0.6666666666666666
cow+hen+laughing,0.5416666666666666
cow+hen+mouse_click,0.8125
cow+hen+pig,0.5833333333333334
cow+hen+pouring_water,0.6666666666666666
cow+hen+rain,0.7708333333333334
cow+hen+rooster,0.7708333333333334
cow+hen+sea_waves,0.7916666666666666
cow+hen+sheep,0.6666666666666666
cow+hen+siren,0.6666666666666666
cow+hen+sneezing,0.7916666666666666
cow+hen+snoring,0.8125
cow+hen+thunderstorm,0.7708333333333334
cow+hen+toilet_flush,0.7291666666666666
cow+hen+train,0.8125
cow+hen+vacuum_cleaner,0.8333333333333334
cow+hen+washing_machine,0.7291666666666666
cow+hen+water_drops,0.7916666666666666
cow+hen+wind,0.8541666666666666
cow+insects+keyboard_typing,0.6458333333333334
cow+insects+laughing,0.6458333333333334
cow+insects+mouse_click,0.7083333333333334
cow+insects+pig,0.625
cow+insects+pouring_water,0.7291666666666666
cow+insects+rain,0.6458333333333334
cow+insects+rooster,0.7708333333333334
cow+insects+sea_waves,0.75
cow+insects+sheep,0.6458333333333334
cow+insects+siren,0.6666666666666666
cow+insects+sneezing,0.7708333333333334
cow+insects+snoring,0.7916666666666666
cow+insects+thunderstorm,0.75
cow+insects+toilet_flush,0.7291666666666666
cow+insects+train,0.7708333333333334
cow+insects+vacuum_cleaner,0.7708333333333334
cow+insects+washing_machine,0.625
cow+insects+water_drops,0.7291666666666666
cow+insects+wind,0.7916666666666666
cow+keyboard_typing+laughing,0.5
cow+keyboard_typing+mouse_click,0.75
cow+keyboard_typing+pig,0.6458333333333334
cow+keyboard_typing+pouring_water,0.6875
cow+keyboard_typing+rain,0.7916666666666666
cow+keyboard_typing+rooster,0.8125
cow+keyboard_typing+sea_waves,0.7916666666666666
cow+keyboard_typing+sheep,0.6875
cow+keyboard_typing+siren,0.6875
cow+keyboard_typing+sneezing,0.75
cow+keyboard_typing+snoring,0.75
cow+keyboard_typing+thunderstorm,0.7916666666666666
cow+keyboard_typing+toilet_flush,0.75
cow+keyboard_typing+train,0.8333333333333334
cow+keyboard_typing+vacuum_cleaner,0.8333333333333334
cow+keyboard_typing+washing_machine,0.7291666666666666
cow+keyboard_typing+water_drops,0.7708333333333334
cow+keyboard_typing+wind,0.8541666666666666
cow+laughing+mouse_click,0.7708333333333334
cow+laughing+pig,0.6458333333333334
cow+laughing+pouring_water,0.6458333333333334
cow+laughing+rain,0.7708333333333334
cow+laughing+rooster,0.6041666666666666
cow+laughing+sea_waves,0.7083333333333334
cow+laughing+sheep,0.5833333333333334
cow+laughing+siren,0.5833333333333334
cow+laughing+sneezing,0.75
cow+laughing+snoring,0.7916666666666666
cow+laughing+thunderstorm,0.7916666666666666
cow+laughing+toilet_flush,0.6875
cow+laughing+train,0.7708333333333334
cow+laughing+vacuum_cleaner,0.7916666666666666
cow+laughing+washing_machine,0.75
cow+laughing+water_drops,0.7708333333333334
cow+laughing+wind,0.8333333333333334
cow+mouse_click+pig,0.7708333333333334
cow+mouse_click+pouring_water,0.8333333333333334
cow+mouse_click+rain,0.875
cow+mouse_click+rooster,0.9166666666666666
cow+mouse_click+sea_waves,0.9166666666666666
cow+mouse_click+sheep,0.7916666666666666
cow+mouse_click+siren,0.8125
cow+mouse_click+sneezing,0.8333333333333334
cow+mouse_click+snoring,0.8541666666666666
cow+mouse_click+thunderstorm,0.875
cow+mouse_click+toilet_flush,0.875
cow+mouse_click+train,0.9583333333333334
cow+mouse_click+vacuum_cleaner,0.9583333333333334
cow+mouse_click+washing_machine,0.875
cow+mouse_click+water_drops,0.7083333333333334
cow+mouse_click+wind,0.9791666666666666
cow+pig+pouring_water,0.6458333333333334
cow+pig+rain,0.75
cow+pig+rooster,0.7291666666666666
cow+pig+sea_waves,0.6875
cow+pig+sheep,0.5833333333333334
cow+pig+siren,0.625
cow+pig+sneezing,0.75
cow+pig+snoring,0.7083333333333334
cow+pig+thunderstorm,0.75
cow+pig+toilet_flush,0.7083333333333334
cow+pig+train,0.75
cow+pig+vacuum_cleaner,0.7291666666666666
cow+pig+washing_machine,0.6875
cow+pig+water_drops,0.75
cow+pig+wind,0.7916666666666666
cow+pouring_water+rain,0.875
cow+pouring_water+rooster,0.7083333333333334
cow+pouring_water+sea_waves,0.875
cow+pouring_water+sheep,0.625
cow+pouring_water+siren,0.7291666666666666
cow+pouring_water+sneezing,0.8333333333333334
cow+pouring_water+snoring,0.9166666666666666
cow+pouring_water+thunderstorm,0.875
cow+pouring_water+toilet_flush,0.7916666666666666
cow+pouring_water+train,0.9166666666666666
cow+pouring_water+vacuum_cleaner,0.9166666666666666
cow+pouring_water+washing_machine,0.8333333333333334
cow+pouring_water+water_drops,0.8125
cow+pouring_water+wind,0.9375
cow+rain+rooster,0.875
cow+rain+sea_waves,0.7916666666666666
cow+rain+sheep,0.7291666666666666
cow+rain+siren,0.75
cow+rain+sneezing,0.8958333333333334
cow+rain+snoring,0.875
cow+rain+thunderstorm,0.8333333333333334
cow+rain+toilet_flush,0.8333333333333334
cow+rain+train,0.7708333333333334
cow+rain+vacuum_cleaner,0.8125
cow+rain+washing_machine,0.6666666666666666
cow+rain+water_drops,0.875
cow+rain+wind,0.7708333333333334
cow+rooster+sea_waves,0.875
cow+rooster+sheep,0.7916666666666666
cow+rooster+siren,0.75
cow+rooster+sneezing,0.8333333333333334
cow+rooster+snoring,0.9166666666666666
cow+rooster+thunderstorm,0.875
cow+rooster+toilet_flush,0.8333333333333334
cow+rooster+train,0.9166666666666666
cow+rooster+vacuum_cleaner,0.9166666666666666
cow+rooster+washing_machine,0.8333333333333334
cow+rooster+water_drops,0.8958333333333334
cow+rooster+wind,0.9375
cow+sea_waves+sheep,0.7083333333333334
cow+sea_waves+siren,0.75
cow+sea_waves+sneezing,0.8958333333333334
cow+sea_waves+snoring,0.9166666666666666
cow+sea_waves+thunderstorm,0.875
cow+sea_waves+toilet_flush,0.8125
cow+sea_waves+train,0.875
cow+sea_waves+vacuum_cleaner,0.7708333333333334
cow+sea_waves+washing_machine,0.7708333333333334
cow+sea_waves+water_drops,0.8958333333333334
cow+sea_waves+wind,0.9166666666666666
cow+sheep+siren,0.5833333333333334
cow+sheep+sneezing,0.75
cow+sheep+snoring,0.7916666666666666
cow+sheep+thunderstorm,0.7291666666666666
cow+sheep+toilet_flush,0.7083333333333334
cow+sheep+train,0.7916666666666666
cow+sheep+vacuum_cleaner,0.75
cow+sheep+washing_machine,0.7083333333333334
cow+sheep+water_drops,0.7708333333333334
cow+sheep+wind,0.8125
cow+siren+sneezing,0.7916666666666666
cow+siren+snoring,0.8125
cow+siren+thunderstorm,0.7708333333333334
cow+siren+toilet_flush,0.7291666666666666
cow+siren+train,0.7916666666666666
cow+siren+vacuum_cleaner,0.7916666666666666
cow+siren+washing_machine,0.7291666666666666
cow+siren+water_drops,0.7708333333333334
cow+siren+wind,0.8333333333333334
cow+sneezing+snoring,0.9375
cow+sneezing+thunderstorm,0.8958333333333334
cow+sneezing+toilet_flush,0.8541666666666666
cow+sneezing+train,0.9375
cow+sneezing+vacuum_cleaner,0.9375
cow+sneezing+washing_machine,0.8541666666666666
cow+sneezing+water_drops,0.8125
cow+sneezing+wind,0.9583333333333334
cow+snoring+thunderstorm,0.875
cow+snoring+toilet_flush,0.875
cow+snoring+train,0.9375
cow+snoring+vacuum_cleaner,0.9583333333333334
cow+snoring+washing_machine,0.8125
cow+snoring+water_drops,0.875
cow+snoring+wind,0.9583333333333334
cow+thunderstorm+toilet_flush,0.8333333333333334
cow+thunderstorm+train,0.875
cow+thunderstorm+vacuum_cleaner,0.9166666666666666
cow+thunderstorm+washing_machine,0.7708333333333334
cow+thunderstorm+water_drops,0.8541666666666666
cow+thunderstorm+wind,0.9166666666666666
cow+toilet_flush+train,0.875
cow+toilet_flush+vacuum_cleaner,0.7708333333333334
cow+toilet_flush+washing_machine,0.7708333333333334
cow+toilet_flush+water_drops,0.8541666666666666
cow+toilet_flush+wind,0.8958333333333334
cow+train+vacuum_cleaner,0.9375
cow+train+washing_machine,0.7916666666666666
cow+train+water_drops,0.9375
cow+train+wind,0.8125
cow+vacuum_cleaner+washing_machine,0.8541666666666666
cow+vacuum_cleaner+water_drops,0.9375
cow+vacuum_cleaner+wind,0.875
cow+washing_machine+water_drops,0.8541666666666666
cow+washing_machine+wind,0.7291666666666666
cow+water_drops+wind,0.9375
crackling_fire+crickets+crow,0.9166666666666666
crackling_fire+crickets+crying_baby,0.8958333333333334
crackling_fire+crickets+dog,0.9166666666666666
crackling_fire+crickets+door_wood_creaks,0.8958333333333334
crackling_fire+crickets+door_wood_knock,0.9166666666666666
crackling_fire+crickets+drinking_sipping,0.875
crackling_fire+crickets+engine,0.8958333333333334
crackling_fire+crickets+fireworks,0.8125
crackling_fire+crickets+footsteps,0.8333333333333334
crackling_fire+crickets+frog,0.8125
crackling_fire+crickets+glass_breaking,0.8958333333333334
crackling_fire+crickets+hand_saw,0.8958333333333334
crackling_fire+crickets+helicopter,0.7916666666666666
crackling_fire+crickets+hen,0.8125
crackling_fire+crickets+insects,0.7291666666666666
crackling_fire+crickets+keyboard_typing,0.8958333333333334
crackling_fire+crickets+laughing,0.8958333333333334
crackling_fire+crickets+mouse_click,0.6458333333333334
crackling_fire+crickets+pig,0.8125
crackling_fire+crickets+pouring_water,0.8958333333333334
crackling_fire+crickets+rain,0.8333333333333334
crackling_fire+crickets+rooster,0.9375
crackling_fire+crickets+sea_waves,0.875
crackling_fire+crickets+sheep,0.875
crackling_fire+crickets+siren,0.9166666666666666
crackling_fire+crickets+sneezing,0.875
crackling_fire+crickets+snoring,0.7916666666666666
crackling_fire+crickets+thunderstorm,0.7916666666666666
crackling_fire+crickets+toilet_flush,0.9166666666666666
crackling_fire+crickets+train,0.8541666666666666
crackling_fire+crickets+vacuum_cleaner,0.9375
crackling_fire+crickets+washing_machine,0.7916666666666666
crackling_fire+crickets+water_drops,0.6041666666666666
crackling_fire+crickets+wind,0.8541666666666666
crackling_fire+crow+crying_baby,0.8958333333333334
crackling_fire+crow+dog,0.8958333333333334
crackling_fire+crow+door_wood_creaks,0.7916666666666666
crackling_fire+crow+door_wood_knock,0.9375
crackling_fire+crow+drinking_sipping,0.875
crackling_fire+crow+engine,0.9166666666666666
crackling_fire+crow+fireworks,0.8333333333333334
crackling_fire+crow+footsteps,0.8125
crackling_fire+crow+frog,0.8125
crackling_fire+crow+glass_breaking,0.9166666666666666
crackling_fire+crow+hand_saw,0.875
crackling_fire+crow+helicopter,0.9583333333333334
crackling_fire+crow+hen,0.875
crackling_fire+crow+insects,0.7708333333333334
crackling_fire+crow+keyboard_typing,0.875
crackling_fire+crow+laughing,0.8333333333333334
crackling_fire+crow+mouse_click,0.6458333333333334
crackling_fire+crow+pig,0.7916666666666666
crackling_fire+crow+pouring_water,0.8333333333333334
crackling_fire+crow+rain,0.875
crackling_fire+crow+rooster,0.8541666666666666
crackling_fire+crow+sea_waves,0.9166666666666666
crackling_fire+crow+sheep,0.8958333333333334
crackling_fire+crow+siren,0.8958333333333334
crackling_fire+crow+sneezing,0.8958333333333334
crackling_fire+crow+snoring,0.8125
crackling_fire+crow+thunderstorm,0.8125
crackling_fire+crow+toilet_flush,0.8541666666666666
crackling_fire+crow+train,0.9583333333333334
crackling_fire+crow+vacuum_cleaner,0.9166666666666666
crackling_fire+crow+washing_machine,0.875
crackling_fire+crow+water_drops,0.6666666666666666
crackling_fire+crow+wind,0.9375
crackling_fire+crying_baby+dog,0.8541666666666666
crackling_fire+crying_baby+door_wood_creaks,0.8333333333333334
crackling_fire+crying_baby+door_wood_knock,0.9375
crackling_fire+crying_baby+drinking_sipping,0.8333333333333334
crackling_fire+crying_baby+engine,0.9583333333333334
crackling_fire+crying_baby+fireworks,0.8333333333333334
crackling_fire+crying_baby+footsteps,0.75
crackling_fire+crying_baby+frog,0.8125
crackling_fire+crying_baby+glass_breaking,0.8958333333333334
crackling_fire+crying_baby+hand_saw,0.8958333333333334
crackling_fire+crying_baby+helicopter,0.9583333333333334
crackling_fire+crying_baby+hen,0.8125
crackling_fire+crying_baby+insects,0.75
crackling_fire+crying_baby+keyboard_typing,0.8541666666666666
crackling_fire+crying_baby+laughing,0.75
crackling_fire+crying_baby+mouse_click,0.6666666666666666
crackling_fire+crying_baby+pig,0.8333333333333334
crackling_fire+crying_baby+pouring_water,0.75
crackling_fire+crying_baby+rain,0.8958333333333334
crackling_fire+crying_baby+rooster,0.9166666666666666
crackling_fire+crying_baby+sea_waves,0.9583333333333334
crackling_fire+crying_baby+sheep,0.8333333333333334
crackling_fire+crying_baby+siren,0.8958333333333334
crackling_fire+crying_baby+sneezing,0.8958333333333334
crackling_fire+crying_baby+snoring,0.7708333333333334
crackling_fire+crying_baby+thunderstorm,0.8125
crackling_fire+crying_baby+toilet_flush,0.9375
crackling_fire+crying_baby+train,0.9375
crackling_fire+crying_baby+vacuum_cleaner,0.9791666666666666
crackling_fire+crying_baby+washing_machine,0.9166666666666666
crackling_fire+crying_baby+water_drops,0.625
crackling_fire+crying_baby+wind,0.9375
crackling_fire+dog+door_wood_creaks,0.7916666666666666
crackling_fire+dog+door_wood_knock,0.875
crackling_fire+dog+drinking_sipping,0.7708333333333334
crackling_fire+dog+engine,0.9375
crackling_fire+dog+fireworks,0.8541666666666666
crackling_fire+dog+footsteps,0.8125
crackling_fire+dog+frog,0.7916666666666666
crackling_fire+dog+glass_breaking,0.9583333333333334
crackling_fire+dog+hand_saw,0.9583333333333334
crackling_fire+dog+helicopter,0.9375
crackling_fire+dog+hen,0.8125
crackling_fire+dog+insects,0.7708333333333334
crackling_fire+dog+keyboard_typing,0.8333333333333334
crackling_fire+dog+laughing,0.6458333333333334
crackling_fire+dog+mouse_click,0.6875
crackling_fire+dog+pig,0.8333333333333334
crackling_fire+dog+pouring_water,0.8333333333333334
crackling_fire+dog+rain,0.875
crackling_fire+dog+rooster,0.8958333333333334
crackling_fire+dog+sea_waves,0.9166666666666666
crackling_fire+dog+sheep,0.8541666666666666
crackling_fire+dog+siren,0.875
crackling_fire+dog+sneezing,0.9166666666666666
crackling_fire+dog+snoring,0.8125
crackling_fire+dog+thunderstorm,0.8333333333333334
crackling_fire+dog+toilet_flush,0.8958333333333334
crackling_fire+dog+train,0.9583333333333334
crackling_fire+dog+vacuum_cleaner,0.9166666666666666
crackling_fire+dog+washing_machine,0.875
crackling_fire+dog+water_drops,0.6041666666666666
crackling_fire+dog+wind,0.9375
crackling_fire+door_wood_creaks+door_wood_knock,0.8125
crackling_fire+door_wood_creaks+drinking_sipping,0.8125
crackling_fire+door_wood_creaks+engine,0.8541666666666666
crackling_fire+door_wood_creaks+fireworks,0.7291666666666666
crackling_fire+door_wood_creaks+footsteps,0.6666666666666666
crackling_fire+door_wood_creaks+frog,0.7291666666666666
crackling_fire+door_wood_creaks+glass_breaking,0.7291666666666666
crackling_fire+door_wood_creaks+hand_saw,0.7916666666666666
crackling_fire+door_wood_creaks+helicopter,0.8333333333333334
crackling_fire+door_wood_creaks+hen,0.7708333333333334
crackling_fire+door_wood_creaks+insects,0.6875
crackling_fire+door_wood_creaks+keyboard_typing,0.7708333333333334
crackling_fire+door_wood_creaks+laughing,0.7083333333333334
crackling_fire+door_wood_creaks+mouse_click,0.6041666666666666
crackling_fire+door_wood_creaks+pig,0.75
crackling_fire+door_wood_creaks+pouring_water,0.8125
crackling_fire+door_wood_creaks+rain,0.7916666666666666
crackling_fire+door_wood_creaks+rooster,0.9375
crackling_fire+door_wood_creaks+sea_waves,0.8541666666666666
crackling_fire+door_wood_creaks+sheep,0.7916666666666666
crackling_fire+door_wood_creaks+siren,0.8541666666666666
crackling_fire+door_wood_creaks+sneezing,0.8541666666666666
crackling_fire+door_wood_creaks+snoring,0.7083333333333334
crackling_fire+door_wood_creaks+thunderstorm,0.75
crackling_fire+door_wood_creaks+toilet_flush,0.7708333333333334
crackling_fire+door_wood_creaks+train,0.8958333333333334
crackling_fire+door_wood_creaks+vacuum_cleaner,0.8958333333333334
crackling_fire+door_wood_creaks+washing_machine,0.7916666666666666
crackling_fire+door_wood_creaks+water_drops,0.6041666666666666
crackling_fire+door_wood_creaks+wind,0.875
crackling_fire+door_wood_knock+drinking_sipping,0.75
crackling_fire+door_wood_knock+engine,0.9583333333333334
crackling_fire+door_wood_knock+fireworks,0.75
crackling_fire+door_wood_knock+footsteps,0.75
crackling_fire+door_wood_knock+frog,0.8333333333333334
crackling_fire+door_wood_knock+glass_breaking,0.9166666666666666
crackling_fire+door_wood_knock+hand_saw,0.9375
crackling_fire+door_wood_knock+helicopter,0.9583333333333334
crackling_fire+door_wood_knock+hen,0.9166666666666666
crackling_fire+door_wood_knock+insects,0.8125
crackling_fire+door_wood_knock+keyboard_typing,0.875
crackling_fire+door_wood_knock+laughing,0.9375
crackling_fire+door_wood_knock+mouse_click,0.6041666666666666
crackling_fire+door_wood_knock+pig,0.8125
crackling_fire+door_wood_knock+pouring_water,0.8958333333333334
crackling_fire+door_wood_knock+rain,0.8958333333333334
crackling_fire+door_wood_knock+rooster,0.9375
crackling_fire+door_wood_knock+sea_waves,0.9583333333333334
crackling_fire+door_wood_knock+sheep,0.9375
crackling_fire+door_wood_knock+siren,0.9583333333333334
crackling_fire+door_wood_knock+sneezing,0.8958333333333334
crackling_fire+door_wood_knock+snoring,0.7291666666666666
crackling_fire+door_wood_knock+thunderstorm,0.8125
crackling_fire+door_wood_knock+toilet_flush,0.9375
crackling_fire+door_wood_knock+train,0.9583333333333334
crackling_fire+door_wood_knock+vacuum_cleaner,0.9375
crackling_fire+door_wood_knock+washing_machine,0.8541666666666666
crackling_fire+door_wood_knock+water_drops,0.625
crackling_fire+door_wood_knock+wind,0.9375
crackling_fire+drinking_sipping+engine,0.9166666666666666
crackling_fire+drinking_sipping+fireworks,0.7083333333333334
crackling_fire+drinking_sipping+footsteps,0.7083333333333334
crackling_fire+drinking_sipping+frog,0.7708333333333334
crackling_fire+drinking_sipping+glass_breaking,0.875
crackling_fire+drinking_sipping+hand_saw,0.9166666666666666
crackling_fire+drinking_sipping+helicopter,0.8958333333333334
crackling_fire+drinking_sipping+hen,0.8125
crackling_fire+drinking_sipping+insects,0.6666666666666666
crackling_fire+drinking_sipping+keyboard_typing,0.7291666666666666
crackling_fire+drinking_sipping+laughing,0.7083333333333334
crackling_fire+drinking_sipping+mouse_click,0.6041666666666666
crackling_fire+drinking_sipping+pig,0.7916666666666666
crackling_fire+drinking_sipping+pouring_water,0.7708333333333334
crackling_fire+drinking_sipping+rain,0.8541666666666666
crackling_fire+drinking_sipping+rooster,0.7916666666666666
crackling_fire+drinking_sipping+sea_waves,0.8958333333333334
crackling_fire+drinking_sipping+sheep,0.8541666666666666
crackling_fire+drinking_sipping+siren,0.8333333333333334
crackling_fire+drinking_sipping+sneezing,0.75
crackling_fire+drinking_sipping+snoring,0.7083333333333334
crackling_fire+drinking_sipping+thunderstorm,0.7916666666666666
crackling_fire+drinking_sipping+toilet_flush,0.875
crackling_fire+drinking_sipping+train,0.9166666666666666
crackling_fire+drinking_sipping+vacuum_cleaner,0.9166666666666666
crackling_fire+drinking_sipping+washing_machine,0.8125
crackling_fire+drinking_sipping+water_drops,0.5625
crackling_fire+drinking_sipping+wind,0.875
crackling_fire+engine+fireworks,0.8333333333333334
crackling_fire+engine+footsteps,0.875
crackling_fire+engine+frog,0.875
crackling_fire+engine+glass_breaking,0.9375
crackling_fire+engine+hand_saw,0.9375
crackling_fire+engine+helicopter,0.7916666666666666
crackling_fire+engine+hen,0.9375
crackling_fire+engine+insects,0.7916666666666666
crackling_fire+engine+keyboard_typing,0.9375
crackling_fire+engine+laughing,0.9583333333333334
crackling_fire+engine+mouse_click,0.6875
crackling_fire+engine+pig,0.8958333333333334
crackling_fire+engine+pouring_water,0.9375
crackling_fire+engine+rain,0.7916666666666666
crackling_fire+engine+rooster,0.9791666666666666
crackling_fire+engine+sea_waves,0.8541666666666666
crackling_fire+engine+sheep,0.9166666666666666
crackling_fire+engine+siren,0.9791666666666666
crackling_fire+engine+sneezing,0.9166666666666666
crackling_fire+engine+snoring,0.8125
crackling_fire+engine+thunderstorm,0.8541666666666666
crackling_fire+engine+toilet_flush,0.9166666666666666
crackling_fire+engine+train,0.9166666666666666
crackling_fire+engine+vacuum_cleaner,0.875
crackling_fire+engine+washing_machine,0.875
crackling_fire+engine+water_drops,0.6666666666666666
crackling_fire+engine+wind,0.8333333333333334
crackling_fire+fireworks+footsteps,0.5833333333333334
crackling_fire+fireworks+frog,0.7083333333333334
crackling_fire+fireworks+glass_breaking,0.8333333333333334
crackling_fire+fireworks+hand_saw,0.8541666666666666
crackling_fire+fireworks+helicopter,0.8541666666666666
crackling_fire+fireworks+hen,0.7916666666666666
crackling_fire+fireworks+insects,0.7291666666666666
crackling_fire+fireworks+keyboard_typing,0.7291666666666666
crackling_fire+fireworks+laughing,0.75
crackling_fire+fireworks+mouse_click,0.5833333333333334
crackling_fire+fireworks+pig,0.75
crackling_fire+fireworks+pouring_water,0.8125
crackling_fire+fireworks+rain,0.8125
crackling_fire+fireworks+rooster,0.8958333333333334
crackling_fire+fireworks+sea_waves,0.8541666666666666
crackling_fire+fireworks+sheep,0.7083333333333334
crackling_fire+fireworks+siren,0.8541666666666666
crackling_fire+fireworks+sneezing,0.8333333333333334
crackling_fire+fireworks+snoring,0.7083333333333334
crackling_fire+fireworks+thunderstorm,0.75
crackling_fire+fireworks+toilet_flush,0.8333333333333334
crackling_fire+fireworks+train,0.8541666666666666
crackling_fire+fireworks+vacuum_cleaner,0.875
crackling_fire+fireworks+washing_machine,0.7916666666666666
crackling_fire+fireworks+water_drops,0.5833333333333334
crackling_fire+fireworks+wind,0.8541666666666666
crackling_fire+footsteps+frog,0.7083333333333334
crackling_fire+footsteps+glass_breaking,0.8333333333333334
crackling_fire+footsteps+hand_saw,0.8333333333333334
crackling_fire+footsteps+helicopter,0.8333333333333334
crackling_fire+footsteps+hen,0.75
crackling_fire+footsteps+insects,0.6458333333333334
crackling_fire+footsteps+keyboard_typing,0.6875
crackling_fire+footsteps+laughing,0.7291666666666666
crackling_fire+footsteps+mouse_click,0.5625
crackling_fire+footsteps+pig,0.7083333333333334
crackling_fire+footsteps+pouring_water,0.6875
crackling_fire+footsteps+rain,0.7916666666666666
crackling_fire+footsteps+rooster,0.8333333333333334
crackling_fire+footsteps+sea_waves,0.8333333333333334
crackling_fire+footsteps+sheep,0.7916666666666666
crackling_fire+footsteps+siren,0.8541666666666666
crackling_fire+footsteps+sneezing,0.7916666666666666
crackling_fire+footsteps+snoring,0.625
crackling_fire+footsteps+thunderstorm,0.7083333333333334
crackling_fire+footsteps+toilet_flush,0.8125
crackling_fire+footsteps+train,0.875
crackling_fire+footsteps+vacuum_cleaner,0.8541666666666666
crackling_fire+footsteps+washing_machine,0.7708333333333334
crackling_fire+footsteps+water_drops,0.5625
crackling_fire+footsteps+wind,0.8541666666666666
crackling_fire+frog+glass_breaking,0.8333333333333334
crackling_fire+frog+hand_saw,0.8333333333333334
crackling_fire+frog+helicopter,0.875
crackling_fire+frog+hen,0.7916666666666666
crackling_fire+frog+insects,0.6875
crackling_fire+frog+keyboard_typing,0.7291666666666666
crackling_fire+frog+laughing,0.75
crackling_fire+frog+mouse_click,0.5416666666666666
crackling_fire+frog+pig,0.75
crackling_fire+frog+pouring_water,0.8125
crackling_fire+frog+rain,0.8125
crackling_fire+frog+rooster,0.875
crackling_fire+frog+sea_waves,0.8333333333333334
crackling_fire+frog+sheep,0.7291666666666666
crackling_fire+frog+siren,0.8541666666666666
crackling_fire+frog+sneezing,0.8125
crackling_fire+frog+snoring,0.6875
crackling_fire+frog+thunderstorm,0.7083333333333334
crackling_fire+frog+toilet_flush,0.875
crackling_fire+frog+train,0.875
crackling_fire+frog+vacuum_cleaner,0.8541666666666666
crackling_fire+frog+washing_machine,0.8125
crackling_fire+frog+water_drops,0.5416666666666666
crackling_fire+frog+wind,0.8541666666666666
crackling_fire+glass_breaking+hand_saw,0.8958333333333334
crackling_fire+glass_breaking+helicopter,0.9375
crackling_fire+glass_breaking+hen,0.8958333333333334
crackling_fire+glass_breaking+insects,0.75
crackling_fire+glass_breaking+keyboard_typing,0.8541666666666666
crackling_fire+glass_breaking+laughing,0.8958333333333334
crackling_fire+glass_breaking+mouse_click,0.5208333333333334
crackling_fire+glass_breaking+pig,0.8333333333333334
crackling_fire+glass_breaking+pouring_water,0.875
crackling_fire+glass_breaking+rain,0.875
crackling_fire+glass_breaking+rooster,0.9166666666666666
crackling_fire+glass_breaking+sea_waves,0.9375
crackling_fire+glass_breaking+sheep,0.9166666666666666
crackling_fire+glass_breaking+siren,0.9375
crackling_fire+glass_breaking+sneezing,0.7916666666666666
crackling_fire+glass_breaking+snoring,0.7916666666666666
crackling_fire+glass_breaking+thunderstorm,0.8125
crackling_fire+glass_breaking+toilet_flush,0.8958333333333334
crackling_fire+glass_breaking+train,0.9375
crackling_fire+glass_breaking+vacuum_cleaner,0.9375
crackling_fire+glass_breaking+washing_machine,0.9166666666666666
crackling_fire+glass_breaking+water_drops,0.5833333333333334
crackling_fire+glass_breaking+wind,0.9166666666666666
crackling_fire+hand_saw+helicopter,0.9791666666666666
crackling_fire+hand_saw+hen,0.8958333333333334
crackling_fire+hand_saw+insects,0.7916666666666666
crackling_fire+hand_saw+keyboard_typing,0.8958333333333334
crackling_fire+hand_saw+laughing,0.8541666666666666
crackling_fire+hand_saw+mouse_click,0.7083333333333334
crackling_fire+hand_saw+pig,0.7291666666666666
crackling_fire+hand_saw+pouring_water,0.8333333333333334
crackling_fire+hand_saw+rain,0.875
crackling_fire+hand_saw+rooster,0.9375
crackling_fire+hand_saw+sea_waves,0.8958333333333334
crackling_fire+hand_saw+sheep,0.8958333333333334
crackling_fire+hand_saw+siren,0.9375
crackling_fire+hand_saw+sneezing,0.8958333333333334
crackling_fire+hand_saw+snoring,0.8333333333333334
crackling_fire+hand_saw+thunderstorm,0.8541666666666666
crackling_fire+hand_saw+toilet_flush,0.7916666666666666
crackling_fire+hand_saw+train,0.9791666666666666
crackling_fire+hand_saw+vacuum_cleaner,0.8958333333333334
crackling_fire+hand_saw+washing_machine,0.8958333333333334
crackling_fire+hand_saw+water_drops,0.6875
crackling_fire+hand_saw+wind,0.9583333333333334
crackling_fire+helicopter+hen,0.8958333333333334
crackling_fire+helicopter+insects,0.7291666666666666
crackling_fire+helicopter+keyboard_typing,0.9375
crackling_fire+helicopter+laughing,0.9375
crackling_fire+helicopter+mouse_click,0.6041666666666666
crackling_fire+helicopter+pig,0.8958333333333334
crackling_fire+helicopter+pouring_water,0.9375
crackling_fire+helicopter+rain,0.7916666666666666
crackling_fire+helicopter+rooster,0.9583333333333334
crackling_fire+helicopter+sea_waves,0.8958333333333334
crackling_fire+helicopter+sheep,0.9375
crackling_fire+helicopter+siren,0.9166666666666666
crackling_fire+helicopter+sneezing,0.9166666666666666
crackling_fire+helicopter+snoring,0.8333333333333334
crackling_fire+helicopter+thunderstorm,0.7083333333333334
crackling_fire+helicopter+toilet_flush,0.9791666666666666
crackling_fire+helicopter+train,0.8125
crackling_fire+helicopter+vacuum_cleaner,0.9375
crackling_fire+helicopter+washing_machine,0.7083333333333334
crackling_fire+helicopter+water_drops,0.6875
crackling_fire+helicopter+wind,0.6666666666666666
crackling_fire+hen+insects,0.6666666666666666
crackling_fire+hen+keyboard_typing,0.7708333333333334
crackling_fire+hen+laughing,0.6666666666666666
crackling_fire+hen+mouse_click,0.6666666666666666
crackling_fire+hen+pig,0.75
crackling_fire+hen+pouring_water,0.7708333333333334
crackling_fire+hen+rain,0.7916666666666666
crackling_fire+hen+rooster,0.875
crackling_fire+hen+sea_waves,0.875
crackling_fire+hen+sheep,0.75
crackling_fire+hen+siren,0.8541666666666666
crackling_fire+hen+sneezing,0.8333333333333334
crackling_fire+hen+snoring,0.8125
crackling_fire+hen+thunderstorm,0.7708333333333334
crackling_fire+hen+toilet_flush,0.8541666666666666
crackling_fire+hen+train,0.8958333333333334
crackling_fire+hen+vacuum_cleaner,0.9166666666666666
crackling_fire+hen+washing_machine,0.8541666666666666
crackling_fire+hen+water_drops,0.6666666666666666
crackling_fire+hen+wind,0.9166666666666666
crackling_fire+insects+keyboard_typing,0.7291666666666666
crackling_fire+insects+laughing,0.7291666666666666
crackling_fire+insects+mouse_click,0.5416666666666666
crackling_fire+insects+pig,0.625
crackling_fire+insects+pouring_water,0.7291666666666666
crackling_fire+insects+rain,0.625
crackling_fire+insects+rooster,0.8125
crackling_fire+insects+sea_waves,0.7291666666666666
crackling_fire+insects+sheep,0.7708333333333334
crackling_fire+insects+siren,0.8125
crackling_fire+insects+sneezing,0.7291666666666666
crackling_fire+insects+snoring,0.75
crackling_fire+insects+thunderstorm,0.7083333333333334
crackling_fire+insects+toilet_flush,0.8125
crackling_fire+insects+train,0.7291666666666666
crackling_fire+insects+vacuum_cleaner,0.7916666666666666
crackling_fire+insects+washing_machine,0.5833333333333334
crackling_fire+insects+water_drops,0.5625
crackling_fire+insects+wind,0.7083333333333334
crackling_fire+keyboard_typing+laughing,0.6875
crackling_fire+keyboard_typing+mouse_click,0.6041666666666666
crackling_fire+keyboard_typing+pig,0.7708333333333334
crackling_fire+keyboard_typing+pouring_water,0.75
crackling_fire+keyboard_typing+rain,0.8541666666666666
crackling_fire+keyboard_typing+rooster,0.8958333333333334
crackling_fire+keyboard_typing+sea_waves,0.9375
crackling_fire+keyboard_typing+sheep,0.8333333333333334
crackling_fire+keyboard_typing+siren,0.875
crackling_fire+keyboard_typing+sneezing,0.8125
crackling_fire+keyboard_typing+snoring,0.6875
crackling_fire+keyboard_typing+thunderstorm,0.7916666666666666
crackling_fire+keyboard_typing+toilet_flush,0.875
crackling_fire+keyboard_typing+train,0.9166666666666666
crackling_fire+keyboard_typing+vacuum_cleaner,0.9583333333333334
crackling_fire+keyboard_typing+washing_machine,0.8958333333333334
crackling_fire+keyboard_typing+water_drops,0.625
crackling_fire+keyboard_typing+wind,0.8958333333333334
crackling_fire+laughing+mouse_click,0.6458333333333334
crackling_fire+laughing+pig,0.8541666666666666
crackling_fire+laughing+pouring_water,0.7708333333333334
crackling_fire+laughing+rain,0.8541666666666666
crackling_fire+laughing+rooster,0.75
crackling_fire+laughing+sea_waves,0.8541666666666666
crackling_fire+laughing+sheep,0.7291666666666666
crackling_fire+laughing+siren,0.8333333333333334
crackling_fire+laughing+sneezing,0.8333333333333334
crackling_fire+laughing+snoring,0.7708333333333334
crackling_fire+laughing+thunderstorm,0.8125
crackling_fire+laughing+toilet_flush,0.8541666666666666
crackling_fire+laughing+train,0.9166666666666666
crackling_fire+laughing+vacuum_cleaner,0.9166666666666666
crackling_fire+laughing+washing_machine,0.875
crackling_fire+laughing+water_drops,0.6458333333333334
crackling_fire+laughing+wind,0.9375
crackling_fire+mouse_click+pig,0.625
crackling_fire+mouse_click+pouring_water,0.625
crackling_fire+mouse_click+rain,0.625
crackling_fire+mouse_click+rooster,0.7083333333333334
crackling_fire+mouse_click+sea_waves,0.7083333333333334
crackling_fire+mouse_click+sheep,0.6666666666666666
crackling_fire+mouse_click+siren,0.6875
crackling_fire+mouse_click+sneezing,0.625
crackling_fire+mouse_click+snoring,0.6041666666666666
crackling_fire+mouse_click+thunderstorm,0.6458333333333334
crackling_fire+mouse_click+toilet_flush,0.6875
crackling_fire+mouse_click+train,0.6875
crackling_fire+mouse_click+vacuum_cleaner,0.7083333333333334
crackling_fire+mouse_click+washing_machine,0.6666666666666666
crackling_fire+mouse_click+water_drops,0.3958333333333333
crackling_fire+mouse_click+wind,0.6666666666666666
crackling_fire+pig+pouring_water,0.75
crackling_fire+pig+rain,0.7916666666666666
crackling_fire+pig+rooster,0.8958333333333334
crackling_fire+pig+sea_waves,0.8333333333333334
crackling_fire+pig+sheep,0.7291666666666666
crackling_fire+pig+siren,0.8333333333333334
crackling_fire+pig+sneezing,0.8333333333333334
crackling_fire+pig+snoring,0.6458333333333334
crackling_fire+pig+thunderstorm,0.7083333333333334
crackling_fire+pig+toilet_flush,0.875
crackling_fire+pig+train,0.8541666666666666
crackling_fire+pig+vacuum_cleaner,0.8333333333333334
crackling_fire+pig+washing_machine,0.7708333333333334
crackling_fire+pig+water_drops,0.6041666666666666
crackling_fire+pig+wind,0.875
crackling_fire+pouring_water+rain,0.875
crackling_fire+pouring_water+rooster,0.7916666666666666
crackling_fire+pouring_water+sea_waves,0.9375
crackling_fire+pouring_water+sheep,0.7916666666666666
crackling_fire+pouring_water+siren,0.875
crackling_fire+pouring_water+sneezing,0.8541666666666666
crackling_fire+pouring_water+snoring,0.75
crackling_fire+pouring_water+thunderstorm,0.8125
crackling_fire+pouring_water+toilet_flush,0.8125
crackling_fire+pouring_water+train,0.9375
crackling_fire+pouring_water+vacuum_cleaner,0.9583333333333334
crackling_fire+pouring_water+washing_machine,0.8958333333333334
crackling_fire+pouring_water+water_drops,0.5625
crackling_fire+pouring_water+wind,0.9166666666666666
crackling_fire+rain+rooster,0.9166666666666666
crackling_fire+rain+sea_waves,0.75
crackling_fire+rain+sheep,0.7916666666666666
crackling_fire+rain+siren,0.8333333333333334
crackling_fire+rain+sneezing,0.8541666666666666
crackling_fire+rain+snoring,0.75
crackling_fire+rain+thunderstorm,0.7708333333333334
crackling_fire+rain+toilet_flush,0.8333333333333334
crackling_fire+rain+train,0.7083333333333334
crackling_fire+rain+vacuum_cleaner,0.7708333333333334
crackling_fire+rain+washing_machine,0.6666666666666666
crackling_fire+rain+water_drops,0.625
crackling_fire+rain+wind,0.6875
crackling_fire+rooster+sea_waves,0.9791666666666666
crackling_fire+rooster+sheep,0.9583333333333334
crackling_fire+rooster+siren,0.9583333333333334
crackling_fire+rooster+sneezing,0.8541666666666666
crackling_fire+rooster+snoring,0.8333333333333334
crackling_fire+rooster+thunderstorm,0.8541666666666666
crackling_fire+rooster+toilet_flush,0.9375
crackling_fire+rooster+train,0.9791666666666666
crackling_fire+rooster+vacuum_cleaner,1.0
crackling_fire+rooster+washing_machine,0.9583333333333334
crackling_fire+rooster+water_drops,0.6875
crackling_fire+rooster+wind,0.9583333333333334
crackling_fire+sea_waves+sheep,0.8958333333333334
crackling_fire+sea_waves+siren,0.9166666666666666
crackling_fire+sea_waves+sneezing,0.9166666666666666
crackling_fire+sea_waves+snoring,0.8125
crackling_fire+sea_waves+thunderstorm,0.8125
crackling_fire+sea_waves+toilet_flush,0.9166666666666666
crackling_fire+sea_waves+train,0.9166666666666666
crackling_fire+sea_waves+vacuum_cleaner,0.8125
crackling_fire+sea_waves+washing_machine,0.8125
crackling_fire+sea_waves+water_drops,0.6875
crackling_fire+sea_waves+wind,0.9166666666666666
crackling_fire+sheep+siren,0.8541666666666666
crackling_fire+sheep+sneezing,0.8541666666666666
crackling_fire+sheep+snoring,0.7916666666666666
crackling_fire+sheep+thunderstorm,0.7083333333333334
crackling_fire+sheep+toilet_flush,0.9166666666666666
crackling_fire+sheep+train,0.875
crackling_fire+sheep+vacuum_cleaner,0.9166666666666666
crackling_fire+sheep+washing_machine,0.8541666666666666
crackling_fire+sheep+water_drops,0.6666666666666666
crackling_fire+sheep+wind,0.9166666666666666
crackling_fire+siren+sneezing,0.9166666666666666
crackling_fire+siren+snoring,0.7916666666666666
crackling_fire+siren+thunderstorm,0.8125
crackling_fire+siren+toilet_flush,0.9375
crackling_fire+siren+train,0.8541666666666666
crackling_fire+siren+vacuum_cleaner,0.9583333333333334
crackling_fire+siren+washing_machine,0.9166666666666666
crackling_fire+siren+water_drops,0.6666666666666666
crackling_fire+siren+wind,0.9375
crackling_fire+sneezing+snoring,0.7708333333333334
crackling_fire+sneezing+thunderstorm,0.7916666666666666
crackling_fire+sneezing+toilet_flush,0.875
crackling_fire+sneezing+train,0.9166666666666666
crackling_fire+sneezing+vacuum_cleaner,0.9375
crackling_fire+sneezing+washing_machine,0.8958333333333334
crackling_fire+sneezing+water_drops,0.5833333333333334
crackling_fire+sneezing+wind,0.8958333333333334
crackling_fire+snoring+thunderstorm,0.7291666666666666
crackling_fire+snoring+toilet_flush,0.7916666666666666
crackling_fire+snoring+train,0.8125
crackling_fire+snoring+vacuum_cleaner,0.8125
crackling_fire+snoring+washing_machine,0.6875
crackling_fire+snoring+water_drops,0.5625
crackling_fire+snoring+wind,0.7916666666666666
crackling_fire+thunderstorm+toilet_flush,0.8541666666666666
crackling_fire+thunderstorm+train,0.8125
crackling_fire+thunderstorm+vacuum_cleaner,0.8541666666666666
crackling_fire+thunderstorm+washing_machine,0.6875
crackling_fire+thunderstorm+water_drops,0.5833333333333334
crackling_fire+thunderstorm+wind,0.8333333333333334
crackling_fire+toilet_flush+train,0.9791666666666666
crackling_fire+toilet_flush+vacuum_cleaner,0.8541666666666666
crackling_fire+toilet_flush+washing_machine,0.875
crackling_fire+toilet_flush+water_drops,0.6666666666666666
crackling_fire+toilet_flush+wind,0.9583333333333334
crackling_fire+train+vacuum_cleaner,0.9583333333333334
crackling_fire+train+washing_machine,0.7916666666666666
crackling_fire+train+water_drops,0.6875
crackling_fire+train+wind,0.7916666666666666
crackling_fire+vacuum_cleaner+washing_machine,0.8958333333333334
crackling_fire+vacuum_cleaner+water_drops,0.6875
crackling_fire+vacuum_cleaner+wind,0.8541666666666666
crackling_fire+washing_machine+water_drops,0.625
crackling_fire+washing_machine+wind,0.7291666666666666
crackling_fire+water_drops+wind,0.6458333333333334
crickets+crow+crying_baby,0.875
crickets+crow+dog,0.9166666666666666
crickets+crow+door_wood_creaks,0.7916666666666666
crickets+crow+door_wood_knock,0.9583333333333334
crickets+crow+drinking_sipping,0.9166666666666666
crickets+crow+engine,0.875
crickets+crow+fireworks,0.8958333333333334
crickets+crow+footsteps,0.9166666666666666
crickets+crow+frog,0.8125
crickets+crow+glass_breaking,0.9791666666666666
crickets+crow+hand_saw,0.8333333333333334
crickets+crow+helicopter,0.8125
crickets+crow+hen,0.8541666666666666
crickets+crow+insects,0.8333333333333334
crickets+crow+keyboard_typing,0.875
crickets+crow+laughing,0.8333333333333334
crickets+crow+mouse_click,0.875
crickets+crow+pig,0.7708333333333334
crickets+crow+pouring_water,0.875
crickets+crow+rain,0.875
crickets+crow+rooster,0.8541666666666666
crickets+crow+sea_waves,0.8958333333333334
crickets+crow+sheep,0.8958333333333334
crickets+crow+siren,0.875
crickets+crow+sneezing,0.9583333333333334
crickets+crow+snoring,0.9583333333333334
crickets+crow+thunderstorm,0.9166666666666666
crickets+crow+toilet_flush,0.8333333333333334
crickets+crow+train,0.8958333333333334
crickets+crow+vacuum_cleaner,0.9375
crickets+crow+washing_machine,0.7916666666666666
crickets+crow+water_drops,0.875
crickets+crow+wind,0.9166666666666666
crickets+crying_baby+dog,0.8333333333333334
crickets+crying_baby+door_wood_creaks,0.8125
crickets+crying_baby+door_wood_knock,0.9583333333333334
crickets+crying_baby+drinking_sipping,0.8333333333333334
crickets+crying_baby+engine,0.9375
crickets+crying_baby+fireworks,0.875
crickets+crying_baby+footsteps,0.8333333333333334
crickets+crying_baby+frog,0.8958333333333334
crickets+crying_baby+glass_breaking,0.8958333333333334
crickets+crying_baby+hand_saw,0.8541666666666666
crickets+crying_baby+helicopter,0.8333333333333334
crickets+crying_baby+hen,0.7708333333333334
crickets+crying_baby+insects,0.7916666666666666
crickets+crying_baby+keyboard_typing,0.8333333333333334
crickets+crying_baby+laughing,0.7291666666666666
crickets+crying_baby+mouse_click,0.9166666666666666
crickets+crying_baby+pig,0.8333333333333334
crickets+crying_baby+pouring_water,0.7291666666666666
crickets+crying_baby+rain,0.8958333333333334
crickets+crying_baby+rooster,0.875
crickets+crying_baby+sea_waves,0.9166666666666666
crickets+crying_baby+sheep,0.7916666666666666
crickets+crying_baby+siren,0.8958333333333334
crickets+crying_baby+sneezing,0.9166666666666666
crickets+crying_baby+snoring,0.9166666666666666
crickets+crying_baby+thunderstorm,0.9166666666666666
crickets+crying_baby+toilet_flush,0.9375
crickets+crying_baby+train,0.875
crickets+crying_baby+vacuum_cleaner,0.9583333333333334
crickets+crying_baby+washing_machine,0.8125
crickets+crying_baby+water_drops,0.8541666666666666
crickets+crying_baby+wind,0.8958333333333334
crickets+dog+door_wood_creaks,0.8125
crickets+dog+door_wood_knock,0.9166666666666666
crickets+dog+drinking_sipping,0.8333333333333334
crickets+dog+engine,0.9166666666666666
crickets+dog+fireworks,0.9166666666666666
crickets+dog+footsteps,0.9166666666666666
crickets+dog+frog,0.8125
crickets+dog+glass_breaking,0.9791666666666666
crickets+dog+hand_saw,0.9375
crickets+dog+helicopter,0.8125
crickets+dog+hen,0.7916666666666666
crickets+dog+insects,0.8333333333333334
crickets+dog+keyboard_typing,0.8333333333333334
crickets+dog+laughing,0.6458333333333334
crickets+dog+mouse_click,0.9375
crickets+dog+pig,0.8125
crickets+dog+pouring_water,0.8333333333333334
crickets+dog+rain,0.875
crickets+dog+rooster,0.8958333333333334
crickets+dog+sea_waves,0.875
crickets+dog+sheep,0.8541666666666666
crickets+dog+siren,0.875
crickets+dog+sneezing,0.9375
crickets+dog+snoring,0.9791666666666666
crickets+dog+thunderstorm,0.9583333333333334
crickets+dog+toilet_flush,0.8958333333333334
crickets+dog+train,0.8958333333333334
crickets+dog+vacuum_cleaner,0.9166666666666666
crickets+dog+washing_machine,0.8125
crickets+dog+water_drops,0.8125
crickets+dog+wind,0.9166666666666666
crickets+door_wood_creaks+door_wood_knock,0.8333333333333334
crickets+door_wood_creaks+drinking_sipping,0.8333333333333334
crickets+door_wood_creaks+engine,0.8333333333333334
crickets+door_wood_creaks+fireworks,0.7708333333333334
crickets+door_wood_creaks+footsteps,0.7708333333333334
crickets+door_wood_creaks+frog,0.7708333333333334
crickets+door_wood_creaks+glass_breaking,0.7708333333333334
crickets+door_wood_creaks+hand_saw,0.75
crickets+door_wood_creaks+helicopter,0.75
crickets+door_wood_creaks+hen,0.75
crickets+door_wood_creaks+insects,0.75
crickets+door_wood_creaks+keyboard_typing,0.7708333333333334
crickets+door_wood_creaks+laughing,0.7083333333333334
crickets+door_wood_creaks+mouse_click,0.8333333333333334
crickets+door_wood_creaks+pig,0.7083333333333334
crickets+door_wood_creaks+pouring_water,0.8125
crickets+door_wood_creaks+rain,0.7708333333333334
crickets+door_wood_creaks+rooster,0.9375
crickets+door_wood_creaks+sea_waves,0.8125
crickets+door_wood_creaks+sheep,0.7708333333333334
crickets+door_wood_creaks+siren,0.8541666666666666
crickets+door_wood_creaks+sneezing,0.9166666666666666
crickets+door_wood_creaks+snoring,0.8541666666666666
crickets+door_wood_creaks+thunderstorm,0.8541666666666666
crickets+door_wood_creaks+toilet_flush,0.7708333333333334
crickets+door_wood_creaks+train,0.8125
crickets+door_wood_creaks+vacuum_cleaner,0.9166666666666666
crickets+door_wood_creaks+washing_machine,0.7291666666666666
crickets+door_wood_creaks+water_drops,0.8333333333333334
crickets+door_wood_creaks+wind,0.8333333333333334
crickets+door_wood_knock+drinking_sipping,0.8125
crickets+door_wood_knock+engine,0.9375
crickets+door_wood_knock+fireworks,0.8541666666666666
crickets+door_wood_knock+footsteps,0.8541666666666666
crickets+door_wood_knock+frog,0.875
crickets+door_wood_knock+glass_breaking,0.9791666666666666
crickets+door_wood_knock+hand_saw,0.9166666666666666
crickets+door_wood_knock+helicopter,0.8333333333333334
crickets+door_wood_knock+hen,0.875
crickets+door_wood_knock+insects,0.8541666666666666
crickets+door_wood_knock+keyboard_typing,0.875
crickets+door_wood_knock+laughing,0.9583333333333334
crickets+door_wood_knock+mouse_click,0.8333333333333334
crickets+door_wood_knock+pig,0.8125
crickets+door_wood_knock+pouring_water,0.9375
crickets+door_wood_knock+rain,0.8958333333333334
crickets+door_wood_knock+rooster,0.9583333333333334
crickets+door_wood_knock+sea_waves,0.9166666666666666
crickets+door_wood_knock+sheep,0.9375
crickets+door_wood_knock+siren,0.9583333333333334
crickets+door_wood_knock+sneezing,0.9791666666666666
crickets+door_wood_knock+snoring,0.8541666666666666
crickets+door_wood_knock+thunderstorm,0.9375
crickets+door_wood_knock+toilet_flush,0.9375
crickets+door_wood_knock+train,0.8958333333333334
crickets+door_wood_knock+vacuum_cleaner,0.9583333333333334
crickets+door_wood_knock+washing_machine,0.7916666666666666
crickets+door_wood_knock+water_drops,0.8125
crickets+door_wood_knock+wind,0.9166666666666666
crickets+drinking_sipping+engine,0.9166666666666666
crickets+drinking_sipping+fireworks,0.7083333333333334
crickets+drinking_sipping+footsteps,0.8125
crickets+drinking_sipping+frog,0.8333333333333334
crickets+drinking_sipping+glass_breaking,0.9375
crickets+drinking_sipping+hand_saw,0.9166666666666666
crickets+drinking_sipping+helicopter,0.7916666666666666
crickets+drinking_sipping+hen,0.7708333333333334
crickets+drinking_sipping+insects,0.7708333333333334
crickets+drinking_sipping+keyboard_typing,0.75
crickets+drinking_sipping+laughing,0.7083333333333334
crickets+drinking_sipping+mouse_click,0.7916666666666666
crickets+drinking_sipping+pig,0.7916666666666666
crickets+drinking_sipping+pouring_water,0.8125
crickets+drinking_sipping+rain,0.875
crickets+drinking_sipping+rooster,0.8333333333333334
crickets+drinking_sipping+sea_waves,0.8958333333333334
crickets+drinking_sipping+sheep,0.875
crickets+drinking_sipping+siren,0.8541666666666666
crickets+drinking_sipping+sneezing,0.8333333333333334
crickets+drinking_sipping+snoring,0.8541666666666666
crickets+drinking_sipping+thunderstorm,0.9375
crickets+drinking_sipping+toilet_flush,0.8958333333333334
crickets+drinking_sipping+train,0.875
crickets+drinking_sipping+vacuum_cleaner,0.9583333333333334
crickets+drinking_sipping+washing_machine,0.7708333333333334
crickets+drinking_sipping+water_drops,0.6875
crickets+drinking_sipping+wind,0.875
crickets+engine+fireworks,0.8958333333333334
crickets+engine+footsteps,0.9375
crickets+engine+frog,0.9166666666666666
crickets+engine+glass_breaking,0.9375
crickets+engine+hand_saw,0.875
crickets+engine+helicopter,0.7083333333333334
crickets+engine+hen,0.875
crickets+engine+insects,0.8125
crickets+engine+keyboard_typing,0.9166666666666666
crickets+engine+laughing,0.9166666666666666
crickets+engine+mouse_click,0.9166666666666666
crickets+engine+pig,0.9166666666666666
crickets+engine+pouring_water,0.9375
crickets+engine+rain,0.75
crickets+engine+rooster,0.9375
crickets+engine+sea_waves,0.8125
crickets+engine+sheep,0.8958333333333334
crickets+engine+siren,0.9375
crickets+engine+sneezing,0.9375
crickets+engine+snoring,0.9166666666666666
crickets+engine+thunderstorm,0.9583333333333334
crickets+engine+toilet_flush,0.875
crickets+engine+train,0.8541666666666666
crickets+engine+vacuum_cleaner,0.8541666666666666
crickets+engine+washing_machine,0.7291666666666666
crickets+engine+water_drops,0.875
crickets+engine+wind,0.7916666666666666
crickets+fireworks+footsteps,0.6458333333333334
crickets+fireworks+frog,0.7916666666666666
crickets+fireworks+glass_breaking,0.9375
crickets+fireworks+hand_saw,0.9166666666666666
crickets+fireworks+helicopter,0.8333333333333334
crickets+fireworks+hen,0.7916666666666666
crickets+fireworks+insects,0.8125
crickets+fireworks+keyboard_typing,0.75
crickets+fireworks+laughing,0.7708333333333334
crickets+fireworks+mouse_click,0.8541666666666666
crickets+fireworks+pig,0.875
crickets+fireworks+pouring_water,0.8958333333333334
crickets+fireworks+rain,0.8958333333333334
crickets+fireworks+rooster,0.9583333333333334
crickets+fireworks+sea_waves,0.8958333333333334
crickets+fireworks+sheep,0.7916666666666666
crickets+fireworks+siren,0.9375
crickets+fireworks+sneezing,0.9375
crickets+fireworks+snoring,0.9166666666666666
crickets+fireworks+thunderstorm,0.9375
crickets+fireworks+toilet_flush,0.9166666666666666
crickets+fireworks+train,0.875
crickets+fireworks+vacuum_cleaner,0.9375
crickets+fireworks+washing_machine,0.7916666666666666
crickets+fireworks+water_drops,0.8333333333333334
crickets+fireworks+wind,0.8958333333333334
crickets+footsteps+frog,0.7916666666666666
crickets+footsteps+glass_breaking,0.9583333333333334
crickets+footsteps+hand_saw,0.8958333333333334
crickets+footsteps+helicopter,0.8125
crickets+footsteps+hen,0.7708333333333334
crickets+footsteps+insects,0.7708333333333334
crickets+footsteps+keyboard_typing,0.75
crickets+footsteps+laughing,0.7916666666666666
crickets+footsteps+mouse_click,0.7916666666666666
crickets+footsteps+pig,0.7916666666666666
crickets+footsteps+pouring_water,0.8125
crickets+footsteps+rain,0.875
crickets+footsteps+rooster,0.9375
crickets+footsteps+sea_waves,0.8958333333333334
crickets+footsteps+sheep,0.875
crickets+footsteps+siren,0.9375
crickets+footsteps+sneezing,0.9375
crickets+footsteps+snoring,0.8125
crickets+footsteps+thunderstorm,0.875
crickets+footsteps+toilet_flush,0.8958333333333334
crickets+footsteps+train,0.8958333333333334
crickets+footsteps+vacuum_cleaner,0.9583333333333334
crickets+footsteps+washing_machine,0.7916666666666666
crickets+footsteps+water_drops,0.8541666666666666
crickets+footsteps+wind,0.9166666666666666
crickets+frog+glass_breaking,0.9375
crickets+frog+hand_saw,0.8541666666666666
crickets+frog+helicopter,0.8125
crickets+frog+hen,0.7916666666666666
crickets+frog+insects,0.7708333333333334
crickets+frog+keyboard_typing,0.7291666666666666
crickets+frog+laughing,0.7916666666666666
crickets+frog+mouse_click,0.7916666666666666
crickets+frog+pig,0.8541666666666666
crickets+frog+pouring_water,0.9166666666666666
crickets+frog+rain,0.8958333333333334
crickets+frog+rooster,0.9375
crickets+frog+sea_waves,0.875
crickets+frog+sheep,0.75
crickets+frog+siren,0.9166666666666666
crickets+frog+sneezing,0.9375
crickets+frog+snoring,0.8541666666666666
crickets+frog+thunderstorm,0.8333333333333334
crickets+frog+toilet_flush,0.9375
crickets+frog+train,0.8958333333333334
crickets+frog+vacuum_cleaner,0.9166666666666666
crickets+frog+washing_machine,0.7708333333333334
crickets+frog+water_drops,0.75
crickets+frog+wind,0.8958333333333334
crickets+glass_breaking+hand_saw,0.8958333333333334
crickets+glass_breaking+helicopter,0.8333333333333334
crickets+glass_breaking+hen,0.8958333333333334
crickets+glass_breaking+insects,0.8333333333333334
crickets+glass_breaking+keyboard_typing,0.875
crickets+glass_breaking+laughing,0.9375
crickets+glass_breaking+mouse_click,0.7708333333333334
crickets+glass_breaking+pig,0.8541666666666666
crickets+glass_breaking+pouring_water,0.8958333333333334
crickets+glass_breaking+rain,0.8958333333333334
crickets+glass_breaking+rooster,0.9375
crickets+glass_breaking+sea_waves,0.9166666666666666
crickets+glass_breaking+sheep,0.9375
crickets+glass_breaking+siren,0.9583333333333334
crickets+glass_breaking+sneezing,0.8125
crickets+glass_breaking+snoring,0.9791666666666666
crickets+glass_breaking+thunderstorm,0.9583333333333334
crickets+glass_breaking+toilet_flush,0.9166666666666666
crickets+glass_breaking+train,0.8958333333333334
crickets+glass_breaking+vacuum_cleaner,0.9583333333333334
crickets+glass_breaking+washing_machine,0.8333333333333334
crickets+glass_breaking+water_drops,0.7916666666666666
crickets+glass_breaking+wind,0.9166666666666666
crickets+hand_saw+helicopter,0.8125
crickets+hand_saw+hen,0.875
crickets+hand_saw+insects,0.8541666666666666
crickets+hand_saw+keyboard_typing,0.875
crickets+hand_saw+laughing,0.8333333333333334
crickets+hand_saw+mouse_click,0.9375
crickets+hand_saw+pig,0.75
crickets+hand_saw+pouring_water,0.8125
crickets+hand_saw+rain,0.8333333333333334
crickets+hand_saw+rooster,0.8958333333333334
crickets+hand_saw+sea_waves,0.8333333333333334
crickets+hand_saw+sheep,0.8541666666666666
crickets+hand_saw+siren,0.8958333333333334
crickets+hand_saw+sneezing,0.9166666666666666
crickets+hand_saw+snoring,0.9375
crickets+hand_saw+thunderstorm,0.9166666666666666
crickets+hand_saw+toilet_flush,0.75
crickets+hand_saw+train,0.8958333333333334
crickets+hand_saw+vacuum_cleaner,0.8541666666666666
crickets+hand_saw+washing_machine,0.7916666666666666
crickets+hand_saw+water_drops,0.875
crickets+hand_saw+wind,0.8958333333333334
crickets+helicopter+hen,0.7291666666666666
crickets+helicopter+insects,0.6875
crickets+helicopter+keyboard_typing,0.8125
crickets+helicopter+laughing,0.7916666666666666
crickets+helicopter+mouse_click,0.7916666666666666
crickets+helicopter+pig,0.75
crickets+helicopter+pouring_water,0.8333333333333334
crickets+helicopter+rain,0.6875
crickets+helicopter+rooster,0.8125
crickets+helicopter+sea_waves,0.7291666666666666
crickets+helicopter+sheep,0.8125
crickets+helicopter+siren,0.7708333333333334
crickets+helicopter+sneezing,0.8333333333333334
crickets+helicopter+snoring,0.8333333333333334
crickets+helicopter+thunderstorm,0.7916666666666666
crickets+helicopter+toilet_flush,0.8333333333333334
crickets+helicopter+train,0.6666666666666666
crickets+helicopter+vacuum_cleaner,0.7916666666666666
crickets+helicopter+washing_machine,0.5416666666666666
crickets+helicopter+water_drops,0.7708333333333334
crickets+helicopter+wind,0.625
crickets+hen+insects,0.7291666666666666
crickets+hen+keyboard_typing,0.7083333333333334
crickets+hen+laughing,0.6458333333333334
crickets+hen+mouse_click,0.8541666666666666
crickets+hen+pig,0.7083333333333334
crickets+hen+pouring_water,0.7291666666666666
crickets+hen+rain,0.75
crickets+hen+rooster,0.8333333333333334
crickets+hen+sea_waves,0.8541666666666666
crickets+hen+sheep,0.7291666666666666
crickets+hen+siren,0.8125
crickets+hen+sneezing,0.8333333333333334
crickets+hen+snoring,0.875
crickets+hen+thunderstorm,0.8333333333333334
crickets+hen+toilet_flush,0.8125
crickets+hen+train,0.8125
crickets+hen+vacuum_cleaner,0.875
crickets+hen+washing_machine,0.7291666666666666
crickets+hen+water_drops,0.7916666666666666
crickets+hen+wind,0.8541666666666666
crickets+insects+keyboard_typing,0.75
crickets+insects+laughing,0.8333333333333334
crickets+insects+mouse_click,0.7083333333333334
crickets+insects+pig,0.7291666666666666
crickets+insects+pouring_water,0.8125
crickets+insects+rain,0.6875
crickets+insects+rooster,0.8541666666666666
crickets+insects+sea_waves,0.8125
crickets+insects+sheep,0.8125
crickets+insects+siren,0.8541666666666666
crickets+insects+sneezing,0.8333333333333334
crickets+insects+snoring,0.8125
crickets+insects+thunderstorm,0.8125
crickets+insects+toilet_flush,0.8333333333333334
crickets+insects+train,0.7708333333333334
crickets+insects+vacuum_cleaner,0.8541666666666666
crickets+insects+washing_machine,0.6458333333333334
crickets+insects+water_drops,0.7708333333333334
crickets+insects+wind,0.7916666666666666
crickets+keyboard_typing+laughing,0.6666666666666666
crickets+keyboard_typing+mouse_click,0.8125
crickets+keyboard_typing+pig,0.7708333333333334
crickets+keyboard_typing+pouring_water,0.75
crickets+keyboard_typing+rain,0.8541666666666666
crickets+keyboard_typing+rooster,0.875
crickets+keyboard_typing+sea_waves,0.8958333333333334
crickets+keyboard_typing+sheep,0.8125
crickets+keyboard_typing+siren,0.875
crickets+keyboard_typing+sneezing,0.8541666666666666
crickets+keyboard_typing+snoring,0.8333333333333334
crickets+keyboard_typing+thunderstorm,0.9166666666666666
crickets+keyboard_typing+toilet_flush,0.875
crickets+keyboard_typing+train,0.8541666666666666
crickets+keyboard_typing+vacuum_cleaner,0.9583333333333334
crickets+keyboard_typing+washing_machine,0.7916666666666666
crickets+keyboard_typing+water_drops,0.8125
crickets+keyboard_typing+wind,0.875
crickets+laughing+mouse_click,0.875
crickets+laughing+pig,0.8333333333333334
crickets+laughing+pouring_water,0.7708333333333334
crickets+laughing+rain,0.8333333333333334
crickets+laughing+rooster,0.7291666666666666
crickets+laughing+sea_waves,0.8333333333333334
crickets+laughing+sheep,0.7083333333333334
crickets+laughing+siren,0.8125
crickets+laughing+sneezing,0.8541666666666666
crickets+laughing+snoring,0.9166666666666666
crickets+laughing+thunderstorm,0.9166666666666666
crickets+laughing+toilet_flush,0.8333333333333334
crickets+laughing+train,0.8541666666666666
crickets+laughing+vacuum_cleaner,0.9166666666666666
crickets+laughing+washing_machine,0.8125
crickets+laughing+water_drops,0.8541666666666666
crickets+laughing+wind,0.9166666666666666
crickets+mouse_click+pig,0.8541666666666666
crickets+mouse_click+pouring_water,0.8541666666666666
crickets+mouse_click+rain,0.8541666666666666
crickets+mouse_click+rooster,0.9583333333333334
crickets+mouse_click+sea_waves,0.9166666666666666
crickets+mouse_click+sheep,0.9166666666666666
crickets+mouse_click+siren,0.9375
crickets+mouse_click+sneezing,0.8333333333333334
crickets+mouse_click+snoring,0.8333333333333334
crickets+mouse_click+thunderstorm,0.875
crickets+mouse_click+toilet_flush,0.9375
crickets+mouse_click+train,0.875
crickets+mouse_click+vacuum_cleaner,0.9583333333333334
crickets+mouse_click+washing_machine,0.8125
crickets+mouse_click+water_drops,0.6666666666666666
crickets+mouse_click+wind,0.875
crickets+pig+pouring_water,0.75
crickets+pig+rain,0.8125
crickets+pig+rooster,0.8541666666666666
crickets+pig+sea_waves,0.875
crickets+pig+sheep,0.6875
crickets+pig+siren,0.8541666666666666
crickets+pig+sneezing,0.8541666666666666
crickets+pig+snoring,0.7916666666666666
crickets+pig+thunderstorm,0.8541666666666666
crickets+pig+toilet_flush,0.9166666666666666
crickets+pig+train,0.8541666666666666
crickets+pig+vacuum_cleaner,0.875
crickets+pig+washing_machine,0.75
crickets+pig+water_drops,0.8125
crickets+pig+wind,0.8958333333333334
crickets+pouring_water+rain,0.8958333333333334
crickets+pouring_water+rooster,0.7708333333333334
crickets+pouring_water+sea_waves,0.9166666666666666
crickets+pouring_water+sheep,0.7708333333333334
crickets+pouring_water+siren,0.8958333333333334
crickets+pouring_water+sneezing,0.8958333333333334
crickets+pouring_water+snoring,0.9375
crickets+pouring_water+thunderstorm,0.9583333333333334
crickets+pouring_water+toilet_flush,0.8333333333333334
crickets+pouring_water+train,0.8958333333333334
crickets+pouring_water+vacuum_cleaner,0.9791666666666666
crickets+pouring_water+washing_machine,0.8125
crickets+pouring_water+water_drops,0.8125
crickets+pouring_water+wind,0.9166666666666666
crickets+rain+rooster,0.8958333333333334
crickets+rain+sea_waves,0.7083333333333334
crickets+rain+sheep,0.7916666666666666
crickets+rain+siren,0.8125
crickets+rain+sneezing,0.8958333333333334
crickets+rain+snoring,0.8541666666666666
crickets+rain+thunderstorm,0.8333333333333334
crickets+rain+toilet_flush,0.8125
crickets+rain+train,0.6458333333333334
crickets+rain+vacuum_cleaner,0.75
crickets+rain+washing_machine,0.5833333333333334
crickets+rain+water_drops,0.8333333333333334
crickets+rain+wind,0.6458333333333334
crickets+rooster+sea_waves,0.9166666666666666
crickets+rooster+sheep,0.9375
crickets+rooster+siren,0.9375
crickets+rooster+sneezing,0.875
crickets+rooster+snoring,0.9791666666666666
crickets+rooster+thunderstorm,0.9583333333333334
crickets+rooster+toilet_flush,0.9166666666666666
crickets+rooster+train,0.8958333333333334
crickets+rooster+vacuum_cleaner,0.9791666666666666
crickets+rooster+washing_machine,0.8333333333333334
crickets+rooster+water_drops,0.8958333333333334
crickets+rooster+wind,0.9166666666666666
crickets+sea_waves+sheep,0.8541666666666666
crickets+sea_waves+siren,0.8541666666666666
crickets+sea_waves+sneezing,0.9166666666666666
crickets+sea_waves+snoring,0.9166666666666666
crickets+sea_waves+thunderstorm,0.8958333333333334
crickets+sea_waves+toilet_flush,0.875
crickets+sea_waves+train,0.8541666666666666
crickets+sea_waves+vacuum_cleaner,0.7708333333333334
crickets+sea_waves+washing_machine,0.7291666666666666
crickets+sea_waves+water_drops,0.8541666666666666
crickets+sea_waves+wind,0.875
crickets+sheep+siren,0.8541666666666666
crickets+sheep+sneezing,0.875
crickets+sheep+snoring,0.8958333333333334
crickets+sheep+thunderstorm,0.8125
crickets+sheep+toilet_flush,0.8958333333333334
crickets+sheep+train,0.8125
crickets+sheep+vacuum_cleaner,0.8958333333333334
crickets+sheep+washing_machine,0.7708333333333334
crickets+sheep+water_drops,0.875
crickets+sheep+wind,0.875
crickets+siren+sneezing,0.9583333333333334
crickets+siren+snoring,0.9166666666666666
crickets+siren+thunderstorm,0.8958333333333334
crickets+siren+toilet_flush,0.9166666666666666
crickets+siren+train,0.7708333333333334
crickets+siren+vacuum_cleaner,0.9375
crickets+siren+washing_machine,0.8125
crickets+siren+water_drops,0.875
crickets+siren+wind,0.875
crickets+sneezing+snoring,0.9791666666666666
crickets+sneezing+thunderstorm,0.9583333333333334
crickets+sneezing+toilet_flush,0.9166666666666666
crickets+sneezing+train,0.8958333333333334
crickets+sneezing+vacuum_cleaner,0.9791666666666666
crickets+sneezing+washing_machine,0.8333333333333334
crickets+sneezing+water_drops,0.7916666666666666
crickets+sneezing+wind,0.9166666666666666
crickets+snoring+thunderstorm,0.8958333333333334
crickets+snoring+toilet_flush,0.9166666666666666
crickets+snoring+train,0.875
crickets+snoring+vacuum_cleaner,0.9583333333333334
crickets+snoring+washing_machine,0.75
crickets+snoring+water_drops,0.8541666666666666
crickets+snoring+wind,0.8958333333333334
crickets+thunderstorm+toilet_flush,0.9375
crickets+thunderstorm+train,0.875
crickets+thunderstorm+vacuum_cleaner,0.9791666666666666
crickets+thunderstorm+washing_machine,0.7291666666666666
crickets+thunderstorm+water_drops,0.875
crickets+thunderstorm+wind,0.9166666666666666
crickets+toilet_flush+train,0.8958333333333334
crickets+toilet_flush+vacuum_cleaner,0.8333333333333334
crickets+toilet_flush+washing_machine,0.7708333333333334
crickets+toilet_flush+water_drops,0.875
crickets+toilet_flush+wind,0.8958333333333334
crickets+train+vacuum_cleaner,0.8958333333333334
crickets+train+washing_machine,0.6666666666666666
crickets+train+water_drops,0.8333333333333334
crickets+train+wind,0.7291666666666666
crickets+vacuum_cleaner+washing_machine,0.7708333333333334
crickets+vacuum_cleaner+water_drops,0.9166666666666666
crickets+vacuum_cleaner+wind,0.8333333333333334
crickets+washing_machine+water_drops,0.7708333333333334
crickets+washing_machine+wind,0.6875
crickets+water_drops+wind,0.8541666666666666
crow+crying_baby+dog,0.8125
crow+crying_baby+door_wood_creaks,0.6666666666666666
crow+crying_baby+door_wood_knock,0.9166666666666666
crow+crying_baby+drinking_sipping,0.8125
crow+crying_baby+engine,0.875
crow+crying_baby+fireworks,0.7916666666666666
crow+crying_baby+footsteps,0.7708333333333334
crow+crying_baby+frog,0.7708333333333334
crow+crying_baby+glass_breaking,0.875
crow+crying_baby+hand_saw,0.7916666666666666
crow+crying_baby+helicopter,0.9166666666666666
crow+crying_baby+hen,0.7916666666666666
crow+crying_baby+insects,0.7916666666666666
crow+crying_baby+keyboard_typing,0.7708333333333334
crow+crying_baby+laughing,0.7083333333333334
crow+crying_baby+mouse_click,0.8333333333333334
crow+crying_baby+pig,0.75
crow+crying_baby+pouring_water,0.7083333333333334
crow+crying_baby+rain,0.875
crow+crying_baby+rooster,0.75
crow+crying_baby+sea_waves,0.875
crow+crying_baby+sheep,0.7708333333333334
crow+crying_baby+siren,0.8125
crow+crying_baby+sneezing,0.8958333333333334
crow+crying_baby+snoring,0.875
crow+crying_baby+thunderstorm,0.875
crow+crying_baby+toilet_flush,0.8125
crow+crying_baby+train,0.8958333333333334
crow+crying_baby+vacuum_cleaner,0.875
crow+crying_baby+washing_machine,0.8541666666666666
crow+crying_baby+water_drops,0.8333333333333334
crow+crying_baby+wind,0.9166666666666666
crow+dog+door_wood_creaks,0.7083333333333334
crow+dog+door_wood_knock,0.875
crow+dog+drinking_sipping,0.7916666666666666
crow+dog+engine,0.8958333333333334
crow+dog+fireworks,0.8541666666666666
crow+dog+footsteps,0.875
crow+dog+frog,0.7708333333333334
crow+dog+glass_breaking,0.9375
crow+dog+hand_saw,0.8541666666666666
crow+dog+helicopter,0.9166666666666666
crow+dog+hen,0.7916666666666666
crow+dog+insects,0.8541666666666666
crow+dog+keyboard_typing,0.8125
crow+dog+laughing,0.6458333333333334
crow+dog+mouse_click,0.875
crow+dog+pig,0.7708333333333334
crow+dog+pouring_water,0.7916666666666666
crow+dog+rain,0.875
crow+dog+rooster,0.7708333333333334
crow+dog+sea_waves,0.8541666666666666
crow+dog+sheep,0.8333333333333334
crow+dog+siren,0.8333333333333334
crow+dog+sneezing,0.9166666666666666
crow+dog+snoring,0.9375
crow+dog+thunderstorm,0.9166666666666666
crow+dog+toilet_flush,0.8333333333333334
crow+dog+train,0.9375
crow+dog+vacuum_cleaner,0.875
crow+dog+washing_machine,0.875
crow+dog+water_drops,0.8333333333333334
crow+dog+wind,0.9375
crow+door_wood_creaks+door_wood_knock,0.75
crow+door_wood_creaks+drinking_sipping,0.75
crow+door_wood_creaks+engine,0.7708333333333334
crow+door_wood_creaks+fireworks,0.6666666666666666
crow+door_wood_creaks+footsteps,0.6666666666666666
crow+door_wood_creaks+frog,0.6666666666666666
crow+door_wood_creaks+glass_breaking,0.625
crow+door_wood_creaks+hand_saw,0.6875
crow+door_wood_creaks+helicopter,0.7708333333333334
crow+door_wood_creaks+hen,0.7083333333333334
crow+door_wood_creaks+insects,0.7291666666666666
crow+door_wood_creaks+keyboard_typing,0.7083333333333334
crow+door_wood_creaks+laughing,0.6041666666666666
crow+door_wood_creaks+mouse_click,0.7083333333333334
crow+door_wood_creaks+pig,0.625
crow+door_wood_creaks+pouring_water,0.625
crow+door_wood_creaks+rain,0.75
crow+door_wood_creaks+rooster,0.7291666666666666
crow+door_wood_creaks+sea_waves,0.75
crow+door_wood_creaks+sheep,0.7291666666666666
crow+door_wood_creaks+siren,0.7083333333333334
crow+door_wood_creaks+sneezing,0.7708333333333334
crow+door_wood_creaks+snoring,0.7708333333333334
crow+door_wood_creaks+thunderstorm,0.7708333333333334
crow+door_wood_creaks+toilet_flush,0.6666666666666666
crow+door_wood_creaks+train,0.8125
crow+door_wood_creaks+vacuum_cleaner,0.7708333333333334
crow+door_wood_creaks+washing_machine,0.75
crow+door_wood_creaks+water_drops,0.75
crow+door_wood_creaks+wind,0.8125
crow+door_wood_knock+drinking_sipping,0.8125
crow+door_wood_knock+engine,0.9375
crow+door_wood_knock+fireworks,0.8333333333333334
crow+door_wood_knock+footsteps,0.8333333333333334
crow+door_wood_knock+frog,0.8333333333333334
crow+door_wood_knock+glass_breaking,0.9791666666666666
crow+door_wood_knock+hand_saw,0.875
crow+door_wood_knock+helicopter,0.9791666666666666
crow+door_wood_knock+hen,0.9166666666666666
crow+door_wood_knock+insects,0.8958333333333334
crow+door_wood_knock+keyboard_typing,0.875
crow+door_wood_knock+laughing,0.875
crow+door_wood_knock+mouse_click,0.7916666666666666
crow+door_wood_knock+pig,0.7708333333333334
crow+door_wood_knock+pouring_water,0.8541666666666666
crow+door_wood_knock+rain,0.9375
crow+door_wood_knock+rooster,0.8541666666666666
crow+door_wood_knock+sea_waves,0.9375
crow+door_wood_knock+sheep,0.9375
crow+door_wood_knock+siren,0.9166666666666666
crow+door_wood_knock+sneezing,0.9791666666666666
crow+door_wood_knock+snoring,0.8541666666666666
crow+door_wood_knock+thunderstorm,0.9375
crow+door_wood_knock+toilet_flush,0.875
crow+door_wood_knock+train,0.9791666666666666
crow+door_wood_knock+vacuum_cleaner,0.9375
crow+door_wood_knock+washing_machine,0.8958333333333334
crow+door_wood_knock+water_drops,0.8541666666666666
crow+door_wood_knock+wind,0.9791666666666666
crow+drinking_sipping+engine,0.9166666666666666
crow+drinking_sipping+fireworks,0.7083333333333334
crow+drinking_sipping+footsteps,0.7916666666666666
crow+drinking_sipping+frog,0.8125
crow+drinking_sipping+glass_breaking,0.9375
crow+drinking_sipping+hand_saw,0.875
crow+drinking_sipping+helicopter,0.9375
crow+drinking_sipping+hen,0.8125
crow+drinking_sipping+insects,0.7916666666666666
crow+drinking_sipping+keyboard_typing,0.75
crow+drinking_sipping+laughing,0.6458333333333334
crow+drinking_sipping+mouse_click,0.7708333333333334
crow+drinking_sipping+pig,0.7916666666666666
crow+drinking_sipping+pouring_water,0.7916666666666666
crow+drinking_sipping+rain,0.9166666666666666
crow+drinking_sipping+rooster,0.7291666666666666
crow+drinking_sipping+sea_waves,0.9166666666666666
crow+drinking_sipping+sheep,0.875
crow+drinking_sipping+siren,0.8333333333333334
crow+drinking_sipping+sneezing,0.8541666666666666
crow+drinking_sipping+snoring,0.8541666666666666
crow+drinking_sipping+thunderstorm,0.9375
crow+drinking_sipping+toilet_flush,0.8541666666666666
crow+drinking_sipping+train,0.9583333333333334
crow+drinking_sipping+vacuum_cleaner,0.9166666666666666
crow+drinking_sipping+washing_machine,0.875
crow+drinking_sipping+water_drops,0.75
crow+drinking_sipping+wind,0.9375
crow+engine+fireworks,0.8958333333333334
crow+engine+footsteps,0.8958333333333334
crow+engine+frog,0.7916666666666666
crow+engine+glass_breaking,0.9375
crow+engine+hand_saw,0.8333333333333334
crow+engine+helicopter,0.75
crow+engine+hen,0.8958333333333334
crow+engine+insects,0.8541666666666666
crow+engine+keyboard_typing,0.875
crow+engine+laughing,0.8333333333333334
crow+engine+mouse_click,0.8541666666666666
crow+engine+pig,0.7916666666666666
crow+engine+pouring_water,0.8541666666666666
crow+engine+rain,0.75
crow+engine+rooster,0.8333333333333334
crow+engine+sea_waves,0.8333333333333334
crow+engine+sheep,0.875
crow+engine+siren,0.875
crow+engine+sneezing,0.9375
crow+engine+snoring,0.9166666666666666
crow+engine+thunderstorm,0.9166666666666666
crow+engine+toilet_flush,0.8333333333333334
crow+engine+train,0.875
crow+engine+vacuum_cleaner,0.8541666666666666
crow+engine+washing_machine,0.7708333333333334
crow+engine+water_drops,0.875
crow+engine+wind,0.8125
crow+fireworks+footsteps,0.625
crow+fireworks+frog,0.7708333333333334
crow+fireworks+glass_breaking,0.9166666666666666
crow+fireworks+hand_saw,0.8333333333333334
crow+fireworks+helicopter,0.9166666666666666
crow+fireworks+hen,0.7916666666666666
crow+fireworks+insects,0.8333333333333334
crow+fireworks+keyboard_typing,0.7083333333333334
crow+fireworks+laughing,0.7083333333333334
crow+fireworks+mouse_click,0.8333333333333334
crow+fireworks+pig,0.8125
crow+fireworks+pouring_water,0.8333333333333334
crow+fireworks+rain,0.8958333333333334
crow+fireworks+rooster,0.8333333333333334
crow+fireworks+sea_waves,0.8958333333333334
crow+fireworks+sheep,0.7708333333333334
crow+fireworks+siren,0.8541666666666666
crow+fireworks+sneezing,0.9166666666666666
crow+fireworks+snoring,0.8958333333333334
crow+fireworks+thunderstorm,0.9375
crow+fireworks+toilet_flush,0.8125
crow+fireworks+train,0.9166666666666666
crow+fireworks+vacuum_cleaner,0.875
crow+fireworks+washing_machine,0.875
crow+fireworks+water_drops,0.8333333333333334
crow+fireworks+wind,0.9375
crow+footsteps+frog,0.7916666666666666
crow+footsteps+glass_breaking,0.9375
crow+footsteps+hand_saw,0.8333333333333334
crow+footsteps+helicopter,0.8958333333333334
crow+footsteps+hen,0.8125
crow+footsteps+insects,0.8125
crow+footsteps+keyboard_typing,0.7291666666666666
crow+footsteps+laughing,0.7083333333333334
crow+footsteps+mouse_click,0.7708333333333334
crow+footsteps+pig,0.75
crow+footsteps+pouring_water,0.75
crow+footsteps+rain,0.875
crow+footsteps+rooster,0.8125
crow+footsteps+sea_waves,0.8958333333333334
crow+footsteps+sheep,0.8541666666666666
crow+footsteps+siren,0.8541666666666666
crow+footsteps+sneezing,0.9166666666666666
crow+footsteps+snoring,0.7708333333333334
crow+footsteps+thunderstorm,0.8541666666666666
crow+footsteps+toilet_flush,0.8333333333333334
crow+footsteps+train,0.9375
crow+footsteps+vacuum_cleaner,0.8958333333333334
crow+footsteps+washing_machine,0.8541666666666666
crow+footsteps+water_drops,0.8333333333333334
crow+footsteps+wind,0.9375
crow+frog+glass_breaking,0.8541666666666666
crow+frog+hand_saw,0.75
crow+frog+helicopter,0.8333333333333334
crow+frog+hen,0.7916666666666666
crow+frog+insects,0.7708333333333334
crow+frog+keyboard_typing,0.7291666666666666
crow+frog+laughing,0.7083333333333334
crow+frog+mouse_click,0.75
crow+frog+pig,0.6875
crow+frog+pouring_water,0.75
crow+frog+rain,0.8125
crow+frog+rooster,0.7291666666666666
crow+frog+sea_waves,0.7916666666666666
crow+frog+sheep,0.75
crow+frog+siren,0.7708333333333334
crow+frog+sneezing,0.8333333333333334
crow+frog+snoring,0.8333333333333334
crow+frog+thunderstorm,0.8125
crow+frog+toilet_flush,0.7291666666666666
crow+frog+train,0.8541666666666666
crow+frog+vacuum_cleaner,0.8125
crow+frog+washing_machine,0.7708333333333334
crow+frog+water_drops,0.7916666666666666
crow+frog+wind,0.8541666666666666
crow+glass_breaking+hand_saw,0.8541666666666666
crow+glass_breaking+helicopter,0.9791666666666666
crow+glass_breaking+hen,0.9375
crow+glass_breaking+insects,0.8958333333333334
crow+glass_breaking+keyboard_typing,0.875
crow+glass_breaking+laughing,0.8541666666666666
crow+glass_breaking+mouse_click,0.7291666666666666
crow+glass_breaking+pig,0.8125
crow+glass_breaking+pouring_water,0.8125
crow+glass_breaking+rain,0.9583333333333334
crow+glass_breaking+rooster,0.8541666666666666
crow+glass_breaking+sea_waves,0.9583333333333334
crow+glass_breaking+sheep,0.9375
crow+glass_breaking+siren,0.9166666666666666
crow+glass_breaking+sneezing,0.8125
crow+glass_breaking+snoring,0.9791666666666666
crow+glass_breaking+thunderstorm,0.9583333333333334
crow+glass_breaking+toilet_flush,0.875
crow+glass_breaking+train,1.0
crow+glass_breaking+vacuum_cleaner,0.9375
crow+glass_breaking+washing_machine,0.9166666666666666
crow+glass_breaking+water_drops,0.8333333333333334
crow+glass_breaking+wind,1.0
crow+hand_saw+helicopter,0.8958333333333334
crow+hand_saw+hen,0.8333333333333334
crow+hand_saw+insects,0.7916666666666666
crow+hand_saw+keyboard_typing,0.8125
crow+hand_saw+laughing,0.7083333333333334
crow+hand_saw+mouse_click,0.8541666666666666
crow+hand_saw+pig,0.6458333333333334
crow+hand_saw+pouring_water,0.7291666666666666
crow+hand_saw+rain,0.8333333333333334
crow+hand_saw+rooster,0.8125
crow+hand_saw+sea_waves,0.7916666666666666
crow+hand_saw+sheep,0.7916666666666666
crow+hand_saw+siren,0.8125
crow+hand_saw+sneezing,0.875
crow+hand_saw+snoring,0.8958333333333334
crow+hand_saw+thunderstorm,0.875
crow+hand_saw+toilet_flush,0.6666666666666666
crow+hand_saw+train,0.8958333333333334
crow+hand_saw+vacuum_cleaner,0.8125
crow+hand_saw+washing_machine,0.8333333333333334
crow+hand_saw+water_drops,0.8541666666666666
crow+hand_saw+wind,0.8958333333333334
crow+helicopter+hen,0.8958333333333334
crow+helicopter+insects,0.8125
crow+helicopter+keyboard_typing,0.9166666666666666
crow+helicopter+laughing,0.8541666666666666
crow+helicopter+mouse_click,0.8125
crow+helicopter+pig,0.8125
crow+helicopter+pouring_water,0.8958333333333334
crow+helicopter+rain,0.8333333333333334
crow+helicopter+rooster,0.8541666666666666
crow+helicopter+sea_waves,0.875
crow+helicopter+sheep,0.9375
crow+helicopter+siren,0.875
crow+helicopter+sneezing,0.9791666666666666
crow+helicopter+snoring,0.9791666666666666
crow+helicopter+thunderstorm,0.8125
crow+helicopter+toilet_flush,0.875
crow+helicopter+train,0.8125
crow+helicopter+vacuum_cleaner,0.9166666666666666
crow+helicopter+washing_machine,0.6875
crow+helicopter+water_drops,0.9375
crow+helicopter+wind,0.6875
crow+hen+insects,0.7708333333333334
crow+hen+keyboard_typing,0.7708333333333334
crow+hen+laughing,0.6458333333333334
crow+hen+mouse_click,0.8333333333333334
crow+hen+pig,0.6666666666666666
crow+hen+pouring_water,0.7708333333333334
crow+hen+rain,0.8333333333333334
crow+hen+rooster,0.7708333333333334
crow+hen+sea_waves,0.8958333333333334
crow+hen+sheep,0.7708333333333334
crow+hen+siren,0.8125
crow+hen+sneezing,0.875
crow+hen+snoring,0.9166666666666666
crow+hen+thunderstorm,0.875
crow+hen+toilet_flush,0.7916666666666666
crow+hen+train,0.8958333333333334
crow+hen+vacuum_cleaner,0.8958333333333334
crow+hen+washing_machine,0.8541666666666666
crow+hen+water_drops,0.875
crow+hen+wind,0.9375
crow+insects+keyboard_typing,0.8125
crow+insects+laughing,0.7291666666666666
crow+insects+mouse_click,0.75
crow+insects+pig,0.7083333333333334
crow+insects+pouring_water,0.8333333333333334
crow+insects+rain,0.6875
crow+insects+rooster,0.8125
crow+insects+sea_waves,0.8125
crow+insects+sheep,0.8541666666666666
crow+insects+siren,0.8541666666666666
crow+insects+sneezing,0.8958333333333334
crow+insects+snoring,0.8541666666666666
crow+insects+thunderstorm,0.8333333333333334
crow+insects+toilet_flush,0.8125
crow+insects+train,0.8125
crow+insects+vacuum_cleaner,0.8125
crow+insects+washing_machine,0.6875
crow+insects+water_drops,0.8125
crow+insects+wind,0.8125
crow+keyboard_typing+laughing,0.6041666666666666
crow+keyboard_typing+mouse_click,0.7916666666666666
crow+keyboard_typing+pig,0.75
crow+keyboard_typing+pouring_water,0.7291666666666666
crow+keyboard_typing+rain,0.875
crow+keyboard_typing+rooster,0.75
crow+keyboard_typing+sea_waves,0.875
crow+keyboard_typing+sheep,0.7916666666666666
crow+keyboard_typing+siren,0.8125
crow+keyboard_typing+sneezing,0.8541666666666666
crow+keyboard_typing+snoring,0.8125
crow+keyboard_typing+thunderstorm,0.8958333333333334
crow+keyboard_typing+toilet_flush,0.7916666666666666
crow+keyboard_typing+train,0.9166666666666666
crow+keyboard_typing+vacuum_cleaner,0.875
crow+keyboard_typing+washing_machine,0.8333333333333334
crow+keyboard_typing+water_drops,0.8541666666666666
crow+keyboard_typing+wind,0.9166666666666666
crow+laughing+mouse_click,0.75
crow+laughing+pig,0.7083333333333334
crow+laughing+pouring_water,0.6875
crow+laughing+rain,0.8125
crow+laughing+rooster,0.6041666666666666
crow+laughing+sea_waves,0.7916666666666666
crow+laughing+sheep,0.7083333333333334
crow+laughing+siren,0.7708333333333334
crow+laughing+sneezing,0.7708333333333334
crow+laughing+snoring,0.8333333333333334
crow+laughing+thunderstorm,0.875
crow+laughing+toilet_flush,0.7291666666666666
crow+laughing+train,0.8333333333333334
crow+laughing+vacuum_cleaner,0.8333333333333334
crow+laughing+washing_machine,0.8125
crow+laughing+water_drops,0.8333333333333334
crow+laughing+wind,0.875
crow+mouse_click+pig,0.75
crow+mouse_click+pouring_water,0.75
crow+mouse_click+rain,0.8333333333333334
crow+mouse_click+rooster,0.8333333333333334
crow+mouse_click+sea_waves,0.875
crow+mouse_click+sheep,0.875
crow+mouse_click+siren,0.8333333333333334
crow+mouse_click+sneezing,0.7916666666666666
crow+mouse_click+snoring,0.8125
crow+mouse_click+thunderstorm,0.8541666666666666
crow+mouse_click+toilet_flush,0.8125
crow+mouse_click+train,0.9166666666666666
crow+mouse_click+vacuum_cleaner,0.875
crow+mouse_click+washing_machine,0.8541666666666666
crow+mouse_click+water_drops,0.6666666666666666
crow+mouse_click+wind,0.9166666666666666
crow+pig+pouring_water,0.6458333333333334
crow+pig+rain,0.7708333333333334
crow+pig+rooster,0.7083333333333334
crow+pig+sea_waves,0.7708333333333334
crow+pig+sheep,0.6875
crow+pig+siren,0.75
crow+pig+sneezing,0.8125
crow+pig+snoring,0.75
crow+pig+thunderstorm,0.8125
crow+pig+toilet_flush,0.75
crow+pig+train,0.8125
crow+pig+vacuum_cleaner,0.7708333333333334
crow+pig+washing_machine,0.7291666666666666
crow+pig+water_drops,0.7916666666666666
crow+pig+wind,0.8333333333333334
crow+pouring_water+rain,0.8541666666666666
crow+pouring_water+rooster,0.6458333333333334
crow+pouring_water+sea_waves,0.8541666666666666
crow+pouring_water+sheep,0.75
crow+pouring_water+siren,0.8333333333333334
crow+pouring_water+sneezing,0.8125
crow+pouring_water+snoring,0.875
crow+pouring_water+thunderstorm,0.875
crow+pouring_water+toilet_flush,0.75
crow+pouring_water+train,0.8958333333333334
crow+pouring_water+vacuum_cleaner,0.8541666666666666
crow+pouring_water+washing_machine,0.8125
crow+pouring_water+water_drops,0.7916666666666666
crow+pouring_water+wind,0.8958333333333334
crow+rain+rooster,0.8333333333333334
crow+rain+sea_waves,0.7916666666666666
crow+rain+sheep,0.8333333333333334
crow+rain+siren,0.8333333333333334
crow+rain+sneezing,0.9375
crow+rain+snoring,0.875
crow+rain+thunderstorm,0.8541666666666666
crow+rain+toilet_flush,0.7916666666666666
crow+rain+train,0.7708333333333334
crow+rain+vacuum_cleaner,0.8125
crow+rain+washing_machine,0.6875
crow+rain+water_drops,0.875
crow+rain+wind,0.75
crow+rooster+sea_waves,0.8333333333333334
crow+rooster+sheep,0.8333333333333334
crow+rooster+siren,0.8125
crow+rooster+sneezing,0.7708333333333334
crow+rooster+snoring,0.875
crow+rooster+thunderstorm,0.8541666666666666
crow+rooster+toilet_flush,0.7708333333333334
crow+rooster+train,0.875
crow+rooster+vacuum_cleaner,0.8333333333333334
crow+rooster+washing_machine,0.8125
crow+rooster+water_drops,0.8333333333333334
crow+rooster+wind,0.875
crow+sea_waves+sheep,0.8541666666666666
crow+sea_waves+siren,0.8333333333333334
crow+sea_waves+sneezing,0.9375
crow+sea_waves+snoring,0.9375
crow+sea_waves+thunderstorm,0.9166666666666666
crow+sea_waves+toilet_flush,0.8333333333333334
crow+sea_waves+train,0.9166666666666666
crow+sea_waves+vacuum_cleaner,0.7916666666666666
crow+sea_waves+washing_machine,0.8125
crow+sea_waves+water_drops,0.8958333333333334
crow+sea_waves+wind,0.9375
crow+sheep+siren,0.8125
crow+sheep+sneezing,0.875
crow+sheep+snoring,0.8958333333333334
crow+sheep+thunderstorm,0.8333333333333334
crow+sheep+toilet_flush,0.8125
crow+sheep+train,0.875
crow+sheep+vacuum_cleaner,0.875
crow+sheep+washing_machine,0.875
crow+sheep+water_drops,0.8958333333333334
crow+sheep+wind,0.9375
crow+siren+sneezing,0.9166666666666666
crow+siren+snoring,0.875
crow+siren+thunderstorm,0.875
crow+siren+toilet_flush,0.7916666666666666
crow+siren+train,0.8333333333333334
crow+siren+vacuum_cleaner,0.875
crow+siren+washing_machine,0.8541666666666666
crow+siren+water_drops,0.875
crow+siren+wind,0.8958333333333334
crow+sneezing+snoring,0.9791666666666666
crow+sneezing+thunderstorm,0.9583333333333334
crow+sneezing+toilet_flush,0.875
crow+sneezing+train,0.9791666666666666
crow+sneezing+vacuum_cleaner,0.9375
crow+sneezing+washing_machine,0.9166666666666666
crow+sneezing+water_drops,0.8333333333333334
crow+sneezing+wind,0.9791666666666666
crow+snoring+thunderstorm,0.8958333333333334
crow+snoring+toilet_flush,0.8541666666666666
crow+snoring+train,0.9583333333333334
crow+snoring+vacuum_cleaner,0.9375
crow+snoring+washing_machine,0.8541666666666666
crow+snoring+water_drops,0.875
crow+snoring+wind,0.9583333333333334
crow+thunderstorm+toilet_flush,0.875
crow+thunderstorm+train,0.9166666666666666
crow+thunderstorm+vacuum_cleaner,0.9166666666666666
crow+thunderstorm+washing_machine,0.7916666666666666
crow+thunderstorm+water_drops,0.875
crow+thunderstorm+wind,0.9375
crow+toilet_flush+train,0.875
crow+toilet_flush+vacuum_cleaner,0.75
crow+toilet_flush+washing_machine,0.7916666666666666
crow+toilet_flush+water_drops,0.8333333333333334
crow+toilet_flush+wind,0.875
crow+train+vacuum_cleaner,0.9375
crow+train+washing_machine,0.8125
crow+train+water_drops,0.9375
crow+train+wind,0.8333333333333334
crow+vacuum_cleaner+washing_machine,0.8541666666666666
crow+vacuum_cleaner+water_drops,0.8958333333333334
crow+vacuum_cleaner+wind,0.875
crow+washing_machine+water_drops,0.875
crow+washing_machine+wind,0.7291666666666666
crow+water_drops+wind,0.9166666666666666
crying_baby+dog+door_wood_creaks,0.6875
crying_baby+dog+door_wood_knock,0.8125
crying_baby+dog+drinking_sipping,0.7291666666666666
crying_baby+dog+engine,0.8541666666666666
crying_baby+dog+fireworks,0.8125
crying_baby+dog+footsteps,0.7916666666666666
crying_baby+dog+frog,0.7291666666666666
crying_baby+dog+glass_breaking,0.8541666666666666
crying_baby+dog+hand_saw,0.875
crying_baby+dog+helicopter,0.8541666666666666
crying_baby+dog+hen,0.7083333333333334
crying_baby+dog+insects,0.8125
crying_baby+dog+keyboard_typing,0.75
crying_baby+dog+laughing,0.5833333333333334
crying_baby+dog+mouse_click,0.8541666666666666
crying_baby+dog+pig,0.75
crying_baby+dog+pouring_water,0.6666666666666666
crying_baby+dog+rain,0.8333333333333334
crying_baby+dog+rooster,0.75
crying_baby+dog+sea_waves,0.8333333333333334
crying_baby+dog+sheep,0.7291666666666666
crying_baby+dog+siren,0.7916666666666666
crying_baby+dog+sneezing,0.8333333333333334
crying_baby+dog+snoring,0.8541666666666666
crying_baby+dog+thunderstorm,0.875
crying_baby+dog+toilet_flush,0.8333333333333334
crying_baby+dog+train,0.875
crying_baby+dog+vacuum_cleaner,0.8333333333333334
crying_baby+dog+washing_machine,0.8125
crying_baby+dog+water_drops,0.7291666666666666
crying_baby+dog+wind,0.875
crying_baby+door_wood_creaks+door_wood_knock,0.7291666666666666
crying_baby+door_wood_creaks+drinking_sipping,0.7291666666666666
crying_baby+door_wood_creaks+engine,0.7708333333333334
crying_baby+door_wood_creaks+fireworks,0.6666666666666666
crying_baby+door_wood_creaks+footsteps,0.625
crying_baby+door_wood_creaks+frog,0.6875
crying_baby+door_wood_creaks+glass_breaking,0.6875
crying_baby+door_wood_creaks+hand_saw,0.6666666666666666
crying_baby+door_wood_creaks+helicopter,0.75
crying_baby+door_wood_creaks+hen,0.6875
crying_baby+door_wood_creaks+insects,0.6875
crying_baby+door_wood_creaks+keyboard_typing,0.6666666666666666
crying_baby+door_wood_creaks+laughing,0.5416666666666666
crying_baby+door_wood_creaks+mouse_click,0.7708333333333334
crying_baby+door_wood_creaks+pig,0.625
crying_baby+door_wood_creaks+pouring_water,0.6458333333333334
crying_baby+door_wood_creaks+rain,0.7291666666666666
crying_baby+door_wood_creaks+rooster,0.8333333333333334
crying_baby+door_wood_creaks+sea_waves,0.7708333333333334
crying_baby+door_wood_creaks+sheep,0.625
crying_baby+door_wood_creaks+siren,0.75
crying_baby+door_wood_creaks+sneezing,0.8333333333333334
crying_baby+door_wood_creaks+snoring,0.75
crying_baby+door_wood_creaks+thunderstorm,0.75
crying_baby+door_wood_creaks+toilet_flush,0.6875
crying_baby+door_wood_creaks+train,0.7708333333333334
crying_baby+door_wood_creaks+vacuum_cleaner,0.8125
crying_baby+door_wood_creaks+washing_machine,0.7291666666666666
crying_baby+door_wood_creaks+water_drops,0.75
crying_baby+door_wood_creaks+wind,0.7916666666666666
crying_baby+door_wood_knock+drinking_sipping,0.75
crying_baby+door_wood_knock+engine,1.0
crying_baby+door_wood_knock+fireworks,0.8125
crying_baby+door_wood_knock+footsteps,0.7708333333333334
crying_baby+door_wood_knock+frog,0.8958333333333334
crying_baby+door_wood_knock+glass_breaking,0.9375
crying_baby+door_wood_knock+hand_saw,0.8958333333333334
crying_baby+door_wood_knock+helicopter,1.0
crying_baby+door_wood_knock+hen,0.8541666666666666
crying_baby+door_wood_knock+insects,0.8958333333333334
crying_baby+door_wood_knock+keyboard_typing,0.8125
crying_baby+door_wood_knock+laughing,0.7916666666666666
crying_baby+door_wood_knock+mouse_click,0.8333333333333334
crying_baby+door_wood_knock+pig,0.8125
crying_baby+door_wood_knock+pouring_water,0.75
crying_baby+door_wood_knock+rain,0.9791666666666666
crying_baby+door_wood_knock+rooster,0.8958333333333334
crying_baby+door_wood_knock+sea_waves,1.0
crying_baby+door_wood_knock+sheep,0.8541666666666666
crying_baby+door_wood_knock+siren,0.9375
crying_baby+door_wood_knock+sneezing,0.9583333333333334
crying_baby+door_wood_knock+snoring,0.8333333333333334
crying_baby+door_wood_knock+thunderstorm,0.9583333333333334
crying_baby+door_wood_knock+toilet_flush,0.9583333333333334
crying_baby+door_wood_knock+train,0.9791666666666666
crying_baby+door_wood_knock+vacuum_cleaner,0.9791666666666666
crying_baby+door_wood_knock+washing_machine,0.9166666666666666
crying_baby+door_wood_knock+water_drops,0.8541666666666666
crying_baby+door_wood_knock+wind,1.0
crying_baby+drinking_sipping+engine,0.8958333333333334
crying_baby+drinking_sipping+fireworks,0.6875
crying_baby+drinking_sipping+footsteps,0.7291666666666666
crying_baby+drinking_sipping+frog,0.7916666666666666
crying_baby+drinking_sipping+glass_breaking,0.8541666666666666
crying_baby+drinking_sipping+hand_saw,0.875
crying_baby+drinking_sipping+helicopter,0.875
crying_baby+drinking_sipping+hen,0.7291666666666666
crying_baby+drinking_sipping+insects,0.7291666666666666
crying_baby+drinking_sipping+keyboard_typing,0.6875
crying_baby+drinking_sipping+laughing,0.5833333333333334
crying_baby+drinking_sipping+mouse_click,0.75
crying_baby+drinking_sipping+pig,0.75
crying_baby+drinking_sipping+pouring_water,0.6458333333333334
crying_baby+drinking_sipping+rain,0.875
crying_baby+drinking_sipping+rooster,0.7291666666666666
crying_baby+drinking_sipping+sea_waves,0.875
crying_baby+drinking_sipping+sheep,0.75
crying_baby+drinking_sipping+siren,0.7708333333333334
crying_baby+drinking_sipping+sneezing,0.7708333333333334
crying_baby+drinking_sipping+snoring,0.7916666666666666
crying_baby+drinking_sipping+thunderstorm,0.8958333333333334
crying_baby+drinking_sipping+toilet_flush,0.8541666666666666
crying_baby+drinking_sipping+train,0.8958333333333334
crying_baby+drinking_sipping+vacuum_cleaner,0.8958333333333334
crying_baby+drinking_sipping+washing_machine,0.8125
crying_baby+drinking_sipping+water_drops,0.6458333333333334
crying_baby+drinking_sipping+wind,0.875
crying_baby+engine+fireworks,0.875
crying_baby+engine+footsteps,0.875
crying_baby+engine+frog,0.9375
crying_baby+engine+glass_breaking,0.9375
crying_baby+engine+hand_saw,0.875
crying_baby+engine+helicopter,0.8125
crying_baby+engine+hen,0.875
crying_baby+engine+insects,0.875
crying_baby+engine+keyboard_typing,0.8958333333333334
crying_baby+engine+laughing,0.7916666666666666
crying_baby+engine+mouse_click,0.9375
crying_baby+engine+pig,0.8958333333333334
crying_baby+engine+pouring_water,0.7708333333333334
crying_baby+engine+rain,0.8333333333333334
crying_baby+engine+rooster,0.9166666666666666
crying_baby+engine+sea_waves,0.875
crying_baby+engine+sheep,0.8125
crying_baby+engine+siren,0.9375
crying_baby+engine+sneezing,0.9583333333333334
crying_baby+engine+snoring,0.9375
crying_baby+engine+thunderstorm,0.9791666666666666
crying_baby+engine+toilet_flush,0.9166666666666666
crying_baby+engine+train,0.9166666666666666
crying_baby+engine+vacuum_cleaner,0.8958333333333334
crying_baby+engine+washing_machine,0.875
crying_baby+engine+water_drops,0.9166666666666666
crying_baby+engine+wind,0.875
crying_baby+fireworks+footsteps,0.5625
crying_baby+fireworks+frog,0.75
crying_baby+fireworks+glass_breaking,0.8333333333333334
crying_baby+fireworks+hand_saw,0.8541666666666666
crying_baby+fireworks+helicopter,0.8958333333333334
crying_baby+fireworks+hen,0.7291666666666666
crying_baby+fireworks+insects,0.8333333333333334
crying_baby+fireworks+keyboard_typing,0.7083333333333334
crying_baby+fireworks+laughing,0.6458333333333334
crying_baby+fireworks+mouse_click,0.7708333333333334
crying_baby+fireworks+pig,0.7916666666666666
crying_baby+fireworks+pouring_water,0.6875
crying_baby+fireworks+rain,0.8958333333333334
crying_baby+fireworks+rooster,0.8333333333333334
crying_baby+fireworks+sea_waves,0.8958333333333334
crying_baby+fireworks+sheep,0.625
crying_baby+fireworks+siren,0.8541666666666666
crying_baby+fireworks+sneezing,0.875
crying_baby+fireworks+snoring,0.875
crying_baby+fireworks+thunderstorm,0.9166666666666666
crying_baby+fireworks+toilet_flush,0.8541666666666666
crying_baby+fireworks+train,0.8958333333333334
crying_baby+fireworks+vacuum_cleaner,0.8958333333333334
crying_baby+fireworks+washing_machine,0.8541666666666666
crying_baby+fireworks+water_drops,0.8125
crying_baby+fireworks+wind,0.9166666666666666
crying_baby+footsteps+frog,0.7083333333333334
crying_baby+footsteps+glass_breaking,0.8333333333333334
crying_baby+footsteps+hand_saw,0.8125
crying_baby+footsteps+helicopter,0.8333333333333334
crying_baby+footsteps+hen,0.7291666666666666
crying_baby+footsteps+insects,0.7291666666666666
crying_baby+footsteps+keyboard_typing,0.6458333333333334
crying_baby+footsteps+laughing,0.625
crying_baby+footsteps+mouse_click,0.7083333333333334
crying_baby+footsteps+pig,0.6875
crying_baby+footsteps+pouring_water,0.5833333333333334
crying_baby+footsteps+rain,0.8333333333333334
crying_baby+footsteps+rooster,0.7916666666666666
crying_baby+footsteps+sea_waves,0.8333333333333334
crying_baby+footsteps+sheep,0.7083333333333334
crying_baby+footsteps+siren,0.8125
crying_baby+footsteps+sneezing,0.8541666666666666
crying_baby+footsteps+snoring,0.7083333333333334
crying_baby+footsteps+thunderstorm,0.7916666666666666
crying_baby+footsteps+toilet_flush,0.8125
crying_baby+footsteps+train,0.875
crying_baby+footsteps+vacuum_cleaner,0.8541666666666666
crying_baby+footsteps+washing_machine,0.7916666666666666
crying_baby+footsteps+water_drops,0.75
crying_baby+footsteps+wind,0.875
crying_baby+frog+glass_breaking,0.875
crying_baby+frog+hand_saw,0.8333333333333334
crying_baby+frog+helicopter,0.9375
crying_baby+frog+hen,0.7708333333333334
crying_baby+frog+insects,0.7916666666666666
crying_baby+frog+keyboard_typing,0.7083333333333334
crying_baby+frog+laughing,0.6666666666666666
crying_baby+frog+mouse_click,0.7916666666666666
crying_baby+frog+pig,0.8125
crying_baby+frog+pouring_water,0.7083333333333334
crying_baby+frog+rain,0.9166666666666666
crying_baby+frog+rooster,0.8541666666666666
crying_baby+frog+sea_waves,0.8958333333333334
crying_baby+frog+sheep,0.6458333333333334
crying_baby+frog+siren,0.8541666666666666
crying_baby+frog+sneezing,0.8958333333333334
crying_baby+frog+snoring,0.8541666666666666
crying_baby+frog+thunderstorm,0.875
crying_baby+frog+toilet_flush,0.9166666666666666
crying_baby+frog+train,0.9166666666666666
crying_baby+frog+vacuum_cleaner,0.9166666666666666
crying_baby+frog+washing_machine,0.875
crying_baby+frog+water_drops,0.7916666666666666
crying_baby+frog+wind,0.9375
crying_baby+glass_breaking+hand_saw,0.8333333333333334
crying_baby+glass_breaking+helicopter,0.9375
crying_baby+glass_breaking+hen,0.8541666666666666
crying_baby+glass_breaking+insects,0.8333333333333334
crying_baby+glass_breaking+keyboard_typing,0.8125
crying_baby+glass_breaking+laughing,0.75
crying_baby+glass_breaking+mouse_click,0.75
crying_baby+glass_breaking+pig,0.8125
crying_baby+glass_breaking+pouring_water,0.7083333333333334
crying_baby+glass_breaking+rain,0.9166666666666666
crying_baby+glass_breaking+rooster,0.8541666666666666
crying_baby+glass_breaking+sea_waves,0.9375
crying_baby+glass_breaking+sheep,0.8333333333333334
crying_baby+glass_breaking+siren,0.875
crying_baby+glass_breaking+sneezing,0.7708333333333334
crying_baby+glass_breaking+snoring,0.8958333333333334
crying_baby+glass_breaking+thunderstorm,0.9166666666666666
crying_baby+glass_breaking+toilet_flush,0.8958333333333334
crying_baby+glass_breaking+train,0.9166666666666666
crying_baby+glass_breaking+vacuum_cleaner,0.9166666666666666
crying_baby+glass_breaking+washing_machine,0.9166666666666666
crying_baby+glass_breaking+water_drops,0.7708333333333334
crying_baby+glass_breaking+wind,0.9375
crying_baby+hand_saw+helicopter,0.9166666666666666
crying_baby+hand_saw+hen,0.8125
crying_baby+hand_saw+insects,0.8333333333333334
crying_baby+hand_saw+keyboard_typing,0.8125
crying_baby+hand_saw+laughing,0.6875
crying_baby+hand_saw+mouse_click,0.8958333333333334
crying_baby+hand_saw+pig,0.6875
crying_baby+hand_saw+pouring_water,0.625
crying_baby+hand_saw+rain,0.8541666666666666
crying_baby+hand_saw+rooster,0.8125
crying_baby+hand_saw+sea_waves,0.8333333333333334
crying_baby+hand_saw+sheep,0.7708333333333334
crying_baby+hand_saw+siren,0.8541666666666666
crying_baby+hand_saw+sneezing,0.875
crying_baby+hand_saw+snoring,0.8958333333333334
crying_baby+hand_saw+thunderstorm,0.9166666666666666
crying_baby+hand_saw+toilet_flush,0.7291666666666666
crying_baby+hand_saw+train,0.9166666666666666
crying_baby+hand_saw+vacuum_cleaner,0.8333333333333334
crying_baby+hand_saw+washing_machine,0.8541666666666666
crying_baby+hand_saw+water_drops,0.875
crying_baby+hand_saw+wind,0.9166666666666666
crying_baby+helicopter+hen,0.8333333333333334
crying_baby+helicopter+insects,0.7916666666666666
crying_baby+helicopter+keyboard_typing,0.8958333333333334
crying_baby+helicopter+laughing,0.7708333333333334
crying_baby+helicopter+mouse_click,0.8541666666666666
crying_baby+helicopter+pig,0.8541666666666666
crying_baby+helicopter+pouring_water,0.7708333333333334
crying_baby+helicopter+rain,0.8541666666666666
crying_baby+helicopter+rooster,0.8958333333333334
crying_baby+helicopter+sea_waves,0.9166666666666666
crying_baby+helicopter+sheep,0.8333333333333334
crying_baby+helicopter+siren,0.875
crying_baby+helicopter+sneezing,0.9583333333333334
crying_baby+helicopter+snoring,0.9583333333333334
crying_baby+helicopter+thunderstorm,0.8333333333333334
crying_baby+helicopter+toilet_flush,0.9791666666666666
crying_baby+helicopter+train,0.8125
crying_baby+helicopter+vacuum_cleaner,0.9583333333333334
crying_baby+helicopter+washing_machine,0.7291666666666666
crying_baby+helicopter+water_drops,0.9375
crying_baby+helicopter+wind,0.7083333333333334
crying_baby+hen+insects,0.6666666666666666
crying_baby+hen+keyboard_typing,0.7083333333333334
crying_baby+hen+laughing,0.5
crying_baby+hen+mouse_click,0.8333333333333334
crying_baby+hen+pig,0.6458333333333334
crying_baby+hen+pouring_water,0.6666666666666666
crying_baby+hen+rain,0.7708333333333334
crying_baby+hen+rooster,0.7708333333333334
crying_baby+hen+sea_waves,0.8125
crying_baby+hen+sheep,0.6666666666666666
crying_baby+hen+siren,0.7708333333333334
crying_baby+hen+sneezing,0.8125
crying_baby+hen+snoring,0.8333333333333334
crying_baby+hen+thunderstorm,0.8125
crying_baby+hen+toilet_flush,0.7916666666666666
crying_baby+hen+train,0.8125
crying_baby+hen+vacuum_cleaner,0.8541666666666666
crying_baby+hen+washing_machine,0.7916666666666666
crying_baby+hen+water_drops,0.8125
crying_baby+hen+wind,0.875
crying_baby+insects+keyboard_typing,0.75
crying_baby+insects+laughing,0.6666666666666666
crying_baby+insects+mouse_click,0.75
crying_baby+insects+pig,0.6875
crying_baby+insects+pouring_water,0.6666666666666666
crying_baby+insects+rain,0.6875
crying_baby+insects+rooster,0.8333333333333334
crying_baby+insects+sea_waves,0.8125
crying_baby+insects+sheep,0.7708333333333334
crying_baby+insects+siren,0.8125
crying_baby+insects+sneezing,0.8541666666666666
crying_baby+insects+snoring,0.8541666666666666
crying_baby+insects+thunderstorm,0.8333333333333334
crying_baby+insects+toilet_flush,0.8958333333333334
crying_baby+insects+train,0.7916666666666666
crying_baby+insects+vacuum_cleaner,0.8541666666666666
crying_baby+insects+washing_machine,0.6666666666666666
crying_baby+insects+water_drops,0.7916666666666666
crying_baby+insects+wind,0.7916666666666666
crying_baby+keyboard_typing+laughing,0.5208333333333334
crying_baby+keyboard_typing+mouse_click,0.7708333333333334
crying_baby+keyboard_typing+pig,0.7291666666666666
crying_baby+keyboard_typing+pouring_water,0.6041666666666666
crying_baby+keyboard_typing+rain,0.8541666666666666
crying_baby+keyboard_typing+rooster,0.7916666666666666
crying_baby+keyboard_typing+sea_waves,0.8958333333333334
crying_baby+keyboard_typing+sheep,0.75
crying_baby+keyboard_typing+siren,0.8125
crying_baby+keyboard_typing+sneezing,0.7916666666666666
crying_baby+keyboard_typing+snoring,0.7708333333333334
crying_baby+keyboard_typing+thunderstorm,0.8541666666666666
crying_baby+keyboard_typing+toilet_flush,0.8541666666666666
crying_baby+keyboard_typing+train,0.8541666666666666
crying_baby+keyboard_typing+vacuum_cleaner,0.8958333333333334
crying_baby+keyboard_typing+washing_machine,0.8541666666666666
crying_baby+keyboard_typing+water_drops,0.7708333333333334
crying_baby+keyboard_typing+wind,0.875
crying_baby+laughing+mouse_click,0.7291666666666666
crying_baby+laughing+pig,0.7083333333333334
crying_baby+laughing+pouring_water,0.5416666666666666
crying_baby+laughing+rain,0.7291666666666666
crying_baby+laughing+rooster,0.5625
crying_baby+laughing+sea_waves,0.6875
crying_baby+laughing+sheep,0.5625
crying_baby+laughing+siren,0.7083333333333334
crying_baby+laughing+sneezing,0.6875
crying_baby+laughing+snoring,0.75
crying_baby+laughing+thunderstorm,0.7708333333333334
crying_baby+laughing+toilet_flush,0.6875
crying_baby+laughing+train,0.75
crying_baby+laughing+vacuum_cleaner,0.75
crying_baby+laughing+washing_machine,0.7291666666666666
crying_baby+laughing+water_drops,0.75
crying_baby+laughing+wind,0.7916666666666666
crying_baby+mouse_click+pig,0.8333333333333334
crying_baby+mouse_click+pouring_water,0.7083333333333334
crying_baby+mouse_click+rain,0.875
crying_baby+mouse_click+rooster,0.9166666666666666
crying_baby+mouse_click+sea_waves,0.9583333333333334
crying_baby+mouse_click+sheep,0.8333333333333334
crying_baby+mouse_click+siren,0.875
crying_baby+mouse_click+sneezing,0.8333333333333334
crying_baby+mouse_click+snoring,0.7916666666666666
crying_baby+mouse_click+thunderstorm,0.875
crying_baby+mouse_click+toilet_flush,0.9166666666666666
crying_baby+mouse_click+train,0.9166666666666666
crying_baby+mouse_click+vacuum_cleaner,0.9583333333333334
crying_baby+mouse_click+washing_machine,0.9375
crying_baby+mouse_click+water_drops,0.6458333333333334
crying_baby+mouse_click+wind,0.9375
crying_baby+pig+pouring_water,0.5833333333333334
crying_baby+pig+rain,0.8333333333333334
crying_baby+pig+rooster,0.7916666666666666
crying_baby+pig+sea_waves,0.8333333333333334
crying_baby+pig+sheep,0.6041666666666666
crying_baby+pig+siren,0.8125
crying_baby+pig+sneezing,0.8333333333333334
crying_baby+pig+snoring,0.75
crying_baby+pig+thunderstorm,0.8333333333333334
crying_baby+pig+toilet_flush,0.8541666666666666
crying_baby+pig+train,0.8541666666666666
crying_baby+pig+vacuum_cleaner,0.8333333333333334
crying_baby+pig+washing_machine,0.7708333333333334
crying_baby+pig+water_drops,0.8333333333333334
crying_baby+pig+wind,0.8958333333333334
crying_baby+pouring_water+rain,0.75
crying_baby+pouring_water+rooster,0.6666666666666666
crying_baby+pouring_water+sea_waves,0.7708333333333334
crying_baby+pouring_water+sheep,0.6875
crying_baby+pouring_water+siren,0.6875
crying_baby+pouring_water+sneezing,0.7083333333333334
crying_baby+pouring_water+snoring,0.7083333333333334
crying_baby+pouring_water+thunderstorm,0.75
crying_baby+pouring_water+toilet_flush,0.6875
crying_baby+pouring_water+train,0.75
crying_baby+pouring_water+vacuum_cleaner,0.7708333333333334
crying_baby+pouring_water+washing_machine,0.7291666666666666
crying_baby+pouring_water+water_drops,0.6458333333333334
crying_baby+pouring_water+wind,0.7708333333333334
crying_baby+rain+rooster,0.8958333333333334
crying_baby+rain+sea_waves,0.8125
crying_baby+rain+sheep,0.75
crying_baby+rain+siren,0.8333333333333334
crying_baby+rain+sneezing,0.9375
crying_baby+rain+snoring,0.875
crying_baby+rain+thunderstorm,0.8958333333333334
crying_baby+rain+toilet_flush,0.8958333333333334
crying_baby+rain+train,0.75
crying_baby+rain+vacuum_cleaner,0.8333333333333334
crying_baby+rain+washing_machine,0.7291666666666666
crying_baby+rain+water_drops,0.8958333333333334
crying_baby+rain+wind,0.75
crying_baby+rooster+sea_waves,0.9166666666666666
crying_baby+rooster+sheep,0.8333333333333334
crying_baby+rooster+siren,0.8333333333333334
crying_baby+rooster+sneezing,0.8125
crying_baby+rooster+snoring,0.875
crying_baby+rooster+thunderstorm,0.8958333333333334
crying_baby+rooster+toilet_flush,0.875
crying_baby+rooster+train,0.8958333333333334
crying_baby+rooster+vacuum_cleaner,0.9166666666666666
crying_baby+rooster+washing_machine,0.8958333333333334
crying_baby+rooster+water_drops,0.875
crying_baby+rooster+wind,0.9166666666666666
crying_baby+sea_waves+sheep,0.7916666666666666
crying_baby+sea_waves+siren,0.8958333333333334
crying_baby+sea_waves+sneezing,0.9583333333333334
crying_baby+sea_waves+snoring,0.9375
crying_baby+sea_waves+thunderstorm,0.9375
crying_baby+sea_waves+toilet_flush,0.9166666666666666
crying_baby+sea_waves+train,0.9166666666666666
crying_baby+sea_waves+vacuum_cleaner,0.8333333333333334
crying_baby+sea_waves+washing_machine,0.8541666666666666
crying_baby+sea_waves+water_drops,0.9583333333333334
crying_baby+sea_waves+wind,0.9583333333333334
crying_baby+sheep+siren,0.75
crying_baby+sheep+sneezing,0.7916666666666666
crying_baby+sheep+snoring,0.8125
crying_baby+sheep+thunderstorm,0.7083333333333334
crying_baby+sheep+toilet_flush,0.8125
crying_baby+sheep+train,0.75
crying_baby+sheep+vacuum_cleaner,0.8125
crying_baby+sheep+washing_machine,0.7708333333333334
crying_baby+sheep+water_drops,0.7916666666666666
crying_baby+sheep+wind,0.8333333333333334
crying_baby+siren+sneezing,0.8958333333333334
crying_baby+siren+snoring,0.8958333333333334
crying_baby+siren+thunderstorm,0.8958333333333334
crying_baby+siren+toilet_flush,0.9166666666666666
crying_baby+siren+train,0.7916666666666666
crying_baby+siren+vacuum_cleaner,0.9166666666666666
crying_baby+siren+washing_machine,0.8958333333333334
crying_baby+siren+water_drops,0.8541666666666666
crying_baby+siren+wind,0.9166666666666666
crying_baby+sneezing+snoring,0.9166666666666666
crying_baby+sneezing+thunderstorm,0.9375
crying_baby+sneezing+toilet_flush,0.9166666666666666
crying_baby+sneezing+train,0.9375
crying_baby+sneezing+vacuum_cleaner,0.9583333333333334
crying_baby+sneezing+washing_machine,0.9375
crying_baby+sneezing+water_drops,0.7916666666666666
crying_baby+sneezing+wind,0.9583333333333334
crying_baby+snoring+thunderstorm,0.8958333333333334
crying_baby+snoring+toilet_flush,0.9166666666666666
crying_baby+snoring+train,0.9166666666666666
crying_baby+snoring+vacuum_cleaner,0.9375
crying_baby+snoring+washing_machine,0.8333333333333334
crying_baby+snoring+water_drops,0.8333333333333334
crying_baby+snoring+wind,0.9375
crying_baby+thunderstorm+toilet_flush,0.9583333333333334
crying_baby+thunderstorm+train,0.9375
crying_baby+thunderstorm+vacuum_cleaner,0.9791666666666666
crying_baby+thunderstorm+washing_machine,0.8125
crying_baby+thunderstorm+water_drops,0.875
crying_baby+thunderstorm+wind,0.9583333333333334
crying_baby+toilet_flush+train,0.9583333333333334
crying_baby+toilet_flush+vacuum_cleaner,0.8541666666666666
crying_baby+toilet_flush+washing_machine,0.875
crying_baby+toilet_flush+water_drops,0.9375
crying_baby+toilet_flush+wind,0.9791666666666666
crying_baby+train+vacuum_cleaner,0.9583333333333334
crying_baby+train+washing_machine,0.8125
crying_baby+train+water_drops,0.9166666666666666
crying_baby+train+wind,0.8125
crying_baby+vacuum_cleaner+washing_machine,0.9166666666666666
crying_baby+vacuum_cleaner+water_drops,0.9583333333333334
crying_baby+vacuum_cleaner+wind,0.8958333333333334
crying_baby+washing_machine+water_drops,0.9166666666666666
crying_baby+washing_machine+wind,0.7708333333333334
crying_baby+water_drops+wind,0.9166666666666666
dog+door_wood_creaks+door_wood_knock,0.7083333333333334
dog+door_wood_creaks+drinking_sipping,0.7083333333333334
dog+door_wood_creaks+engine,0.7916666666666666
dog+door_wood_creaks+fireworks,0.7083333333333334
dog+door_wood_creaks+footsteps,0.6875
dog+door_wood_creaks+frog,0.6666666666666666
dog+door_wood_creaks+glass_breaking,0.6875
dog+door_wood_creaks+hand_saw,0.7291666666666666
dog+door_wood_creaks+helicopter,0.75
dog+door_wood_creaks+hen,0.6666666666666666
dog+door_wood_creaks+insects,0.75
dog+door_wood_creaks+keyboard_typing,0.6875
dog+door_wood_creaks+laughing,0.4791666666666667
dog+door_wood_creaks+mouse_click,0.7708333333333334
dog+door_wood_creaks+pig,0.6666666666666666
dog+door_wood_creaks+pouring_water,0.6458333333333334
dog+door_wood_creaks+rain,0.75
dog+door_wood_creaks+rooster,0.75
dog+door_wood_creaks+sea_waves,0.7708333333333334
dog+door_wood_creaks+sheep,0.6875
dog+door_wood_creaks+siren,0.75
dog+door_wood_creaks+sneezing,0.7708333333333334
dog+door_wood_creaks+snoring,0.7916666666666666
dog+door_wood_creaks+thunderstorm,0.8125
dog+door_wood_creaks+toilet_flush,0.7083333333333334
dog+door_wood_creaks+train,0.8333333333333334
dog+door_wood_creaks+vacuum_cleaner,0.7708333333333334
dog+door_wood_creaks+washing_machine,0.75
dog+door_wood_creaks+water_drops,0.6875
dog+door_wood_creaks+wind,0.8333333333333334
dog+door_wood_knock+drinking_sipping,0.7083333333333334
dog+door_wood_knock+engine,0.9166666666666666
dog+door_wood_knock+fireworks,0.8125
dog+door_wood_knock+footsteps,0.8125
dog+door_wood_knock+frog,0.7916666666666666
dog+door_wood_knock+glass_breaking,0.9375
dog+door_wood_knock+hand_saw,0.9375
dog+door_wood_knock+helicopter,0.9166666666666666
dog+door_wood_knock+hen,0.8125
dog+door_wood_knock+insects,0.875
dog+door_wood_knock+keyboard_typing,0.7708333333333334
dog+door_wood_knock+laughing,0.625
dog+door_wood_knock+mouse_click,0.7916666666666666
dog+door_wood_knock+pig,0.7708333333333334
dog+door_wood_knock+pouring_water,0.7708333333333334
dog+door_wood_knock+rain,0.8958333333333334
dog+door_wood_knock+rooster,0.8333333333333334
dog+door_wood_knock+sea_waves,0.8958333333333334
dog+door_wood_knock+sheep,0.8333333333333334
dog+door_wood_knock+siren,0.8541666666666666
dog+door_wood_knock+sneezing,0.8958333333333334
dog+door_wood_knock+snoring,0.8333333333333334
dog+door_wood_knock+thunderstorm,0.9375
dog+door_wood_knock+toilet_flush,0.8541666666666666
dog+door_wood_knock+train,0.9375
dog+door_wood_knock+vacuum_cleaner,0.875
dog+door_wood_knock+washing_machine,0.8541666666666666
dog+door_wood_knock+water_drops,0.7916666666666666
dog+door_wood_knock+wind,0.9375
dog+drinking_sipping+engine,0.8541666666666666
dog+drinking_sipping+fireworks,0.625
dog+drinking_sipping+footsteps,0.7083333333333334
dog+drinking_sipping+frog,0.7291666666666666
dog+drinking_sipping+glass_breaking,0.8541666666666666
dog+drinking_sipping+hand_saw,0.875
dog+drinking_sipping+helicopter,0.8541666666666666
dog+drinking_sipping+hen,0.7291666666666666
dog+drinking_sipping+insects,0.7083333333333334
dog+drinking_sipping+keyboard_typing,0.6666666666666666
dog+drinking_sipping+laughing,0.5
dog+drinking_sipping+mouse_click,0.7291666666666666
dog+drinking_sipping+pig,0.75
dog+drinking_sipping+pouring_water,0.6875
dog+drinking_sipping+rain,0.8333333333333334
dog+drinking_sipping+rooster,0.7708333333333334
dog+drinking_sipping+sea_waves,0.8125
dog+drinking_sipping+sheep,0.75
dog+drinking_sipping+siren,0.7291666666666666
dog+drinking_sipping+sneezing,0.7291666666666666
dog+drinking_sipping+snoring,0.7708333333333334
dog+drinking_sipping+thunderstorm,0.875
dog+drinking_sipping+toilet_flush,0.7916666666666666
dog+drinking_sipping+train,0.875
dog+drinking_sipping+vacuum_cleaner,0.8125
dog+drinking_sipping+washing_machine,0.7916666666666666
dog+drinking_sipping+water_drops,0.625
dog+drinking_sipping+wind,0.8541666666666666
dog+engine+fireworks,0.9166666666666666
dog+engine+footsteps,0.9166666666666666
dog+engine+frog,0.8333333333333334
dog+engine+glass_breaking,0.9791666666666666
dog+engine+hand_saw,0.9583333333333334
dog+engine+helicopter,0.7708333333333334
dog+engine+hen,0.8541666666666666
dog+engine+insects,0.875
dog+engine+keyboard_typing,0.8541666666666666
dog+engine+laughing,0.6666666666666666
dog+engine+mouse_click,0.9375
dog+engine+pig,0.8541666666666666
dog+engine+pouring_water,0.8333333333333334
dog+engine+rain,0.7916666666666666
dog+engine+rooster,0.8958333333333334
dog+engine+sea_waves,0.8333333333333334
dog+engine+sheep,0.8541666666666666
dog+engine+siren,0.8958333333333334
dog+engine+sneezing,0.9375
dog+engine+snoring,0.9583333333333334
dog+engine+thunderstorm,0.9791666666666666
dog+engine+toilet_flush,0.875
dog+engine+train,0.9166666666666666
dog+engine+vacuum_cleaner,0.8541666666666666
dog+engine+washing_machine,0.8125
dog+engine+water_drops,0.8333333333333334
dog+engine+wind,0.8541666666666666
dog+fireworks+footsteps,0.625
dog+fireworks+frog,0.7708333333333334
dog+fireworks+glass_breaking,0.9375
dog+fireworks+hand_saw,0.9375
dog+fireworks+helicopter,0.9166666666666666
dog+fireworks+hen,0.7916666666666666
dog+fireworks+insects,0.875
dog+fireworks+keyboard_typing,0.7083333333333334
dog+fireworks+laughing,0.5625
dog+fireworks+mouse_click,0.8541666666666666
dog+fireworks+pig,0.8333333333333334
dog+fireworks+pouring_water,0.8125
dog+fireworks+rain,0.9166666666666666
dog+fireworks+rooster,0.875
dog+fireworks+sea_waves,0.8958333333333334
dog+fireworks+sheep,0.7708333333333334
dog+fireworks+siren,0.875
dog+fireworks+sneezing,0.9166666666666666
dog+fireworks+snoring,0.9166666666666666
dog+fireworks+thunderstorm,0.9583333333333334
dog+fireworks+toilet_flush,0.8541666666666666
dog+fireworks+train,0.9375
dog+fireworks+vacuum_cleaner,0.875
dog+fireworks+washing_machine,0.8958333333333334
dog+fireworks+water_drops,0.7708333333333334
dog+fireworks+wind,0.9583333333333334
dog+footsteps+frog,0.7708333333333334
dog+footsteps+glass_breaking,0.9375
dog+footsteps+hand_saw,0.9166666666666666
dog+footsteps+helicopter,0.875
dog+footsteps+hen,0.8125
dog+footsteps+insects,0.8125
dog+footsteps+keyboard_typing,0.6875
dog+footsteps+laughing,0.5833333333333334
dog+footsteps+mouse_click,0.7916666666666666
dog+footsteps+pig,0.7916666666666666
dog+footsteps+pouring_water,0.7083333333333334
dog+footsteps+rain,0.875
dog+footsteps+rooster,0.8125
dog+footsteps+sea_waves,0.875
dog+footsteps+sheep,0.8333333333333334
dog+footsteps+siren,0.8541666666666666
dog+footsteps+sneezing,0.8958333333333334
dog+footsteps+snoring,0.7708333333333334
dog+footsteps+thunderstorm,0.875
dog+footsteps+toilet_flush,0.8541666666666666
dog+footsteps+train,0.9375
dog+footsteps+vacuum_cleaner,0.875
dog+footsteps+washing_machine,0.8541666666666666
dog+footsteps+water_drops,0.7708333333333334
dog+footsteps+wind,0.9375
dog+frog+glass_breaking,0.8541666666666666
dog+frog+hand_saw,0.8541666666666666
dog+frog+helicopter,0.8333333333333334
dog+frog+hen,0.7291666666666666
dog+frog+insects,0.7708333333333334
dog+frog+keyboard_typing,0.6875
dog+frog+laughing,0.5416666666666666
dog+frog+mouse_click,0.8125
dog+frog+pig,0.7291666666666666
dog+frog+pouring_water,0.7083333333333334
dog+frog+rain,0.8125
dog+frog+rooster,0.7708333333333334
dog+frog+sea_waves,0.7708333333333334
dog+frog+sheep,0.7083333333333334
dog+frog+siren,0.7708333333333334
dog+frog+sneezing,0.8125
dog+frog+snoring,0.8541666666666666
dog+frog+thunderstorm,0.8541666666666666
dog+frog+toilet_flush,0.7916666666666666
dog+frog+train,0.8541666666666666
dog+frog+vacuum_cleaner,0.7708333333333334
dog+frog+washing_machine,0.7916666666666666
dog+frog+water_drops,0.7083333333333334
dog+frog+wind,0.8541666666666666
dog+glass_breaking+hand_saw,0.9583333333333334
dog+glass_breaking+helicopter,0.9791666666666666
dog+glass_breaking+hen,0.875
dog+glass_breaking+insects,0.9166666666666666
dog+glass_breaking+keyboard_typing,0.8541666666666666
dog+glass_breaking+laughing,0.6875
dog+glass_breaking+mouse_click,0.7916666666666666
dog+glass_breaking+pig,0.8541666666666666
dog+glass_breaking+pouring_water,0.8125
dog+glass_breaking+rain,0.9583333333333334
dog+glass_breaking+rooster,0.875
dog+glass_breaking+sea_waves,0.9583333333333334
dog+glass_breaking+sheep,0.8958333333333334
dog+glass_breaking+siren,0.9166666666666666
dog+glass_breaking+sneezing,0.8125
dog+glass_breaking+snoring,1.0
dog+glass_breaking+thunderstorm,1.0
dog+glass_breaking+toilet_flush,0.9166666666666666
dog+glass_breaking+train,1.0
dog+glass_breaking+vacuum_cleaner,0.9166666666666666
dog+glass_breaking+washing_machine,0.9375
dog+glass_breaking+water_drops,0.7708333333333334
dog+glass_breaking+wind,1.0
dog+hand_saw+helicopter,0.9791666666666666
dog+hand_saw+hen,0.8541666666666666
dog+hand_saw+insects,0.8958333333333334
dog+hand_saw+keyboard_typing,0.8541666666666666
dog+hand_saw+laughing,0.625
dog+hand_saw+mouse_click,0.9791666666666666
dog+hand_saw+pig,0.75
dog+hand_saw+pouring_water,0.7916666666666666
dog+hand_saw+rain,0.9375
dog+hand_saw+rooster,0.875
dog+hand_saw+sea_waves,0.8958333333333334
dog+hand_saw+sheep,0.8541666666666666
dog+hand_saw+siren,0.8958333333333334
dog+hand_saw+sneezing,0.9375
dog+hand_saw+snoring,1.0
dog+hand_saw+thunderstorm,1.0
dog+hand_saw+toilet_flush,0.7916666666666666
dog+hand_saw+train,1.0
dog+hand_saw+vacuum_cleaner,0.8958333333333334
dog+hand_saw+washing_machine,0.9375
dog+hand_saw+water_drops,0.875
dog+hand_saw+wind,1.0
dog+helicopter+hen,0.8333333333333334
dog+helicopter+insects,0.7916666666666666
dog+helicopter+keyboard_typing,0.8541666666666666
dog+helicopter+laughing,0.6666666666666666
dog+helicopter+mouse_click,0.875
dog+helicopter+pig,0.8541666666666666
dog+helicopter+pouring_water,0.8333333333333334
dog+helicopter+rain,0.8125
dog+helicopter+rooster,0.8958333333333334
dog+helicopter+sea_waves,0.8541666666666666
dog+helicopter+sheep,0.875
dog+helicopter+siren,0.8333333333333334
dog+helicopter+sneezing,0.9375
dog+helicopter+snoring,0.9791666666666666
dog+helicopter+thunderstorm,0.8333333333333334
dog+helicopter+toilet_flush,0.9166666666666666
dog+helicopter+train,0.8125
dog+helicopter+vacuum_cleaner,0.875
dog+helicopter+washing_machine,0.6875
dog+helicopter+water_drops,0.8541666666666666
dog+helicopter+wind,0.6875
dog+hen+insects,0.75
dog+hen+keyboard_typing,0.7291666666666666
dog+hen+laughing,0.4375
dog+hen+mouse_click,0.8541666666666666
dog+hen+pig,0.7083333333333334
dog+hen+pouring_water,0.7083333333333334
dog+hen+rain,0.7708333333333334
dog+hen+rooster,0.7708333333333334
dog+hen+sea_waves,0.7916666666666666
dog+hen+sheep,0.7083333333333334
dog+hen+siren,0.75
dog+hen+sneezing,0.7916666666666666
dog+hen+snoring,0.875
dog+hen+thunderstorm,0.8541666666666666
dog+hen+toilet_flush,0.7708333333333334
dog+hen+train,0.8541666666666666
dog+hen+vacuum_cleaner,0.8125
dog+hen+washing_machine,0.8125
dog+hen+water_drops,0.75
dog+hen+wind,0.875
dog+insects+keyboard_typing,0.7708333333333334
dog+insects+laughing,0.5416666666666666
dog+insects+mouse_click,0.8333333333333334
dog+insects+pig,0.7291666666666666
dog+insects+pouring_water,0.7916666666666666
dog+insects+rain,0.7083333333333334
dog+insects+rooster,0.8541666666666666
dog+insects+sea_waves,0.7916666666666666
dog+insects+sheep,0.8333333333333334
dog+insects+siren,0.8125
dog+insects+sneezing,0.875
dog+insects+snoring,0.8958333333333334
dog+insects+thunderstorm,0.875
dog+insects+toilet_flush,0.875
dog+insects+train,0.8333333333333334
dog+insects+vacuum_cleaner,0.8125
dog+insects+washing_machine,0.6875
dog+insects+water_drops,0.75
dog+insects+wind,0.8333333333333334
dog+keyboard_typing+laughing,0.4166666666666667
dog+keyboard_typing+mouse_click,0.7916666666666666
dog+keyboard_typing+pig,0.75
dog+keyboard_typing+pouring_water,0.6666666666666666
dog+keyboard_typing+rain,0.8333333333333334
dog+keyboard_typing+rooster,0.75
dog+keyboard_typing+sea_waves,0.8333333333333334
dog+keyboard_typing+sheep,0.75
dog+keyboard_typing+siren,0.7916666666666666
dog+keyboard_typing+sneezing,0.7916666666666666
dog+keyboard_typing+snoring,0.7708333333333334
dog+keyboard_typing+thunderstorm,0.875
dog+keyboard_typing+toilet_flush,0.7916666666666666
dog+keyboard_typing+train,0.875
dog+keyboard_typing+vacuum_cleaner,0.8125
dog+keyboard_typing+washing_machine,0.7916666666666666
dog+keyboard_typing+water_drops,0.7291666666666666
dog+keyboard_typing+wind,0.875
dog+laughing+mouse_click,0.6458333333333334
dog+laughing+pig,0.5625
dog+laughing+pouring_water,0.4791666666666667
dog+laughing+rain,0.6041666666666666
dog+laughing+rooster,0.5208333333333334
dog+laughing+sea_waves,0.5833333333333334
dog+laughing+sheep,0.5208333333333334
dog+laughing+siren,0.6041666666666666
dog+laughing+sneezing,0.625
dog+laughing+snoring,0.6458333333333334
dog+laughing+thunderstorm,0.6875
dog+laughing+toilet_flush,0.5833333333333334
dog+laughing+train,0.6458333333333334
dog+laughing+vacuum_cleaner,0.625
dog+laughing+washing_machine,0.625
dog+laughing+water_drops,0.5833333333333334
dog+laughing+wind,0.6875
dog+mouse_click+pig,0.8541666666666666
dog+mouse_click+pouring_water,0.7916666666666666
dog+mouse_click+rain,0.8958333333333334
dog+mouse_click+rooster,0.8958333333333334
dog+mouse_click+sea_waves,0.9375
dog+mouse_click+sheep,0.875
dog+mouse_click+siren,0.8958333333333334
dog+mouse_click+sneezing,0.8333333333333334
dog+mouse_click+snoring,0.875
dog+mouse_click+thunderstorm,0.9375
dog+mouse_click+toilet_flush,0.8958333333333334
dog+mouse_click+train,0.9791666666666666
dog+mouse_click+vacuum_cleaner,0.9166666666666666
dog+mouse_click+washing_machine,0.9166666666666666
dog+mouse_click+water_drops,0.6458333333333334
dog+mouse_click+wind,0.9791666666666666
dog+pig+pouring_water,0.6458333333333334
dog+pig+rain,0.7916666666666666
dog+pig+rooster,0.7916666666666666
dog+pig+sea_waves,0.7916666666666666
dog+pig+sheep,0.7083333333333334
dog+pig+siren,0.75
dog+pig+sneezing,0.8333333333333334
dog+pig+snoring,0.7916666666666666
dog+pig+thunderstorm,0.8541666666666666
dog+pig+toilet_flush,0.7916666666666666
dog+pig+train,0.8541666666666666
dog+pig+vacuum_cleaner,0.7708333333333334
dog+pig+washing_machine,0.7708333333333334
dog+pig+water_drops,0.75
dog+pig+wind,0.875
dog+pouring_water+rain,0.8125
dog+pouring_water+rooster,0.6666666666666666
dog+pouring_water+sea_waves,0.8125
dog+pouring_water+sheep,0.7291666666666666
dog+pouring_water+siren,0.7708333333333334
dog+pouring_water+sneezing,0.7708333333333334
dog+pouring_water+snoring,0.8333333333333334
dog+pouring_water+thunderstorm,0.8541666666666666
dog+pouring_water+toilet_flush,0.7291666666666666
dog+pouring_water+train,0.8541666666666666
dog+pouring_water+vacuum_cleaner,0.7916666666666666
dog+pouring_water+washing_machine,0.7708333333333334
dog+pouring_water+water_drops,0.6666666666666666
dog+pouring_water+wind,0.8541666666666666
dog+rain+rooster,0.875
dog+rain+sea_waves,0.7708333333333334
dog+rain+sheep,0.7916666666666666
dog+rain+siren,0.7916666666666666
dog+rain+sneezing,0.9166666666666666
dog+rain+snoring,0.8958333333333334
dog+rain+thunderstorm,0.8958333333333334
dog+rain+toilet_flush,0.8541666666666666
dog+rain+train,0.75
dog+rain+vacuum_cleaner,0.7708333333333334
dog+rain+washing_machine,0.6875
dog+rain+water_drops,0.8125
dog+rain+wind,0.7291666666666666
dog+rooster+sea_waves,0.875
dog+rooster+sheep,0.8125
dog+rooster+siren,0.8333333333333334
dog+rooster+sneezing,0.8125
dog+rooster+snoring,0.9166666666666666
dog+rooster+thunderstorm,0.9166666666666666
dog+rooster+toilet_flush,0.8333333333333334
dog+rooster+train,0.9166666666666666
dog+rooster+vacuum_cleaner,0.8541666666666666
dog+rooster+washing_machine,0.8541666666666666
dog+rooster+water_drops,0.7916666666666666
dog+rooster+wind,0.9166666666666666
dog+sea_waves+sheep,0.7916666666666666
dog+sea_waves+siren,0.8333333333333334
dog+sea_waves+sneezing,0.9166666666666666
dog+sea_waves+snoring,0.9375
dog+sea_waves+thunderstorm,0.9166666666666666
dog+sea_waves+toilet_flush,0.8333333333333334
dog+sea_waves+train,0.8958333333333334
dog+sea_waves+vacuum_cleaner,0.8125
dog+sea_waves+washing_machine,0.8125
dog+sea_waves+water_drops,0.8333333333333334
dog+sea_waves+wind,0.9166666666666666
dog+sheep+siren,0.7916666666666666
dog+sheep+sneezing,0.8125
dog+sheep+snoring,0.875
dog+sheep+thunderstorm,0.8333333333333334
dog+sheep+toilet_flush,0.8333333333333334
dog+sheep+train,0.8541666666666666
dog+sheep+vacuum_cleaner,0.7916666666666666
dog+sheep+washing_machine,0.8333333333333334
dog+sheep+water_drops,0.7708333333333334
dog+sheep+wind,0.8958333333333334
dog+siren+sneezing,0.875
dog+siren+snoring,0.8958333333333334
dog+siren+thunderstorm,0.8958333333333334
dog+siren+toilet_flush,0.875
dog+siren+train,0.8125
dog+siren+vacuum_cleaner,0.8541666666666666
dog+siren+washing_machine,0.8541666666666666
dog+siren+water_drops,0.7916666666666666
dog+siren+wind,0.8958333333333334
dog+sneezing+snoring,0.9583333333333334
dog+sneezing+thunderstorm,0.9583333333333334
dog+sneezing+toilet_flush,0.875
dog+sneezing+train,0.9583333333333334
dog+sneezing+vacuum_cleaner,0.8958333333333334
dog+sneezing+washing_machine,0.8958333333333334
dog+sneezing+water_drops,0.75
dog+sneezing+wind,0.9583333333333334
dog+snoring+thunderstorm,0.9375
dog+snoring+toilet_flush,0.8958333333333334
dog+snoring+train,0.9791666666666666
dog+snoring+vacuum_cleaner,0.9375
dog+snoring+washing_machine,0.875
dog+snoring+water_drops,0.8125
dog+snoring+wind,0.9791666666666666
dog+thunderstorm+toilet_flush,0.9375
dog+thunderstorm+train,0.9583333333333334
dog+thunderstorm+vacuum_cleaner,0.9375
dog+thunderstorm+washing_machine,0.8333333333333334
dog+thunderstorm+water_drops,0.8333333333333334
dog+thunderstorm+wind,0.9791666666666666
dog+toilet_flush+train,0.9375
dog+toilet_flush+vacuum_cleaner,0.7916666666666666
dog+toilet_flush+washing_machine,0.8333333333333334
dog+toilet_flush+water_drops,0.8125
dog+toilet_flush+wind,0.9375
dog+train+vacuum_cleaner,0.9166666666666666
dog+train+washing_machine,0.8333333333333334
dog+train+water_drops,0.875
dog+train+wind,0.8333333333333334
dog+vacuum_cleaner+washing_machine,0.8541666666666666
dog+vacuum_cleaner+water_drops,0.8125
dog+vacuum_cleaner+wind,0.8333333333333334
dog+washing_machine+water_drops,0.8125
dog+washing_machine+wind,0.75
dog+water_drops+wind,0.8541666666666666
door_wood_creaks+door_wood_knock+drinking_sipping,0.6875
door_wood_creaks+door_wood_knock+engine,0.8125
door_wood_creaks+door_wood_knock+fireworks,0.7083333333333334
door_wood_creaks+door_wood_knock+footsteps,0.6875
door_wood_creaks+door_wood_knock+frog,0.7291666666666666
door_wood_creaks+door_wood_knock+glass_breaking,0.6666666666666666
door_wood_creaks+door_wood_knock+hand_saw,0.7291666666666666
door_wood_creaks+door_wood_knock+helicopter,0.7916666666666666
door_wood_creaks+door_wood_knock+hen,0.75
door_wood_creaks+door_wood_knock+insects,0.75
door_wood_creaks+door_wood_knock+keyboard_typing,0.7291666666666666
door_wood_creaks+door_wood_knock+laughing,0.6875
door_wood_creaks+door_wood_knock+mouse_click,0.6458333333333334
door_wood_creaks+door_wood_knock+pig,0.6875
door_wood_creaks+door_wood_knock+pouring_water,0.7083333333333334
door_wood_creaks+door_wood_knock+rain,0.7916666666666666
door_wood_creaks+door_wood_knock+rooster,0.8125
door_wood_creaks+door_wood_knock+sea_waves,0.8125
door_wood_creaks+door_wood_knock+sheep,0.75
door_wood_creaks+door_wood_knock+siren,0.7916666666666666
door_wood_creaks+door_wood_knock+sneezing,0.8125
door_wood_creaks+door_wood_knock+snoring,0.7083333333333334
door_wood_creaks+door_wood_knock+thunderstorm,0.8125
door_wood_creaks+door_wood_knock+toilet_flush,0.7291666666666666
door_wood_creaks+door_wood_knock+train,0.8541666666666666
door_wood_creaks+door_wood_knock+vacuum_cleaner,0.8125
door_wood_creaks+door_wood_knock+washing_machine,0.7708333333333334
door_wood_creaks+door_wood_knock+water_drops,0.7083333333333334
door_wood_creaks+door_wood_knock+wind,0.8541666666666666
door_wood_creaks+drinking_sipping+engine,0.8333333333333334
door_wood_creaks+drinking_sipping+fireworks,0.6041666666666666
door_wood_creaks+drinking_sipping+footsteps,0.6875
door_wood_creaks+drinking_sipping+frog,0.75
door_wood_creaks+drinking_sipping+glass_breaking,0.6875
door_wood_creaks+drinking_sipping+hand_saw,0.7708333333333334
door_wood_creaks+drinking_sipping+helicopter,0.7916666666666666
door_wood_creaks+drinking_sipping+hen,0.7083333333333334
door_wood_creaks+drinking_sipping+insects,0.6875
door_wood_creaks+drinking_sipping+keyboard_typing,0.6666666666666666
door_wood_creaks+drinking_sipping+laughing,0.5208333333333334
door_wood_creaks+drinking_sipping+mouse_click,0.6666666666666666
door_wood_creaks+drinking_sipping+pig,0.7083333333333334
door_wood_creaks+drinking_sipping+pouring_water,0.7083333333333334
door_wood_creaks+drinking_sipping+rain,0.8125
door_wood_creaks+drinking_sipping+rooster,0.75
door_wood_creaks+drinking_sipping+sea_waves,0.8125
door_wood_creaks+drinking_sipping+sheep,0.7708333333333334
door_wood_creaks+drinking_sipping+siren,0.75
door_wood_creaks+drinking_sipping+sneezing,0.75
door_wood_creaks+drinking_sipping+snoring,0.75
door_wood_creaks+drinking_sipping+thunderstorm,0.8541666666666666
door_wood_creaks+drinking_sipping+toilet_flush,0.75
door_wood_creaks+drinking_sipping+train,0.875
door_wood_creaks+drinking_sipping+vacuum_cleaner,0.8541666666666666
door_wood_creaks+drinking_sipping+washing_machine,0.7708333333333334
door_wood_creaks+drinking_sipping+water_drops,0.625
door_wood_creaks+drinking_sipping+wind,0.8541666666666666
door_wood_creaks+engine+fireworks,0.7708333333333334
door_wood_creaks+engine+footsteps,0.75
door_wood_creaks+engine+frog,0.7708333333333334
door_wood_creaks+engine+glass_breaking,0.7083333333333334
door_wood_creaks+engine+hand_saw,0.75
door_wood_creaks+engine+helicopter,0.6666666666666666
door_wood_creaks+engine+hen,0.8125
door_wood_creaks+engine+insects,0.7708333333333334
door_wood_creaks+engine+keyboard_typing,0.7708333333333334
door_wood_creaks+engine+laughing,0.7083333333333334
door_wood_creaks+engine+mouse_click,0.7708333333333334
door_wood_creaks+engine+pig,0.7291666666666666
door_wood_creaks+engine+pouring_water,0.75
door_wood_creaks+engine+rain,0.6875
door_wood_creaks+engine+rooster,0.875
door_wood_creaks+engine+sea_waves,0.7708333333333334
door_wood_creaks+engine+sheep,0.75
door_wood_creaks+engine+siren,0.8333333333333334
door_wood_creaks+engine+sneezing,0.8541666666666666
door_wood_creaks+engine+snoring,0.8333333333333334
door_wood_creaks+engine+thunderstorm,0.8541666666666666
door_wood_creaks+engine+toilet_flush,0.7708333333333334
door_wood_creaks+engine+train,0.8125
door_wood_creaks+engine+vacuum_cleaner,0.8125
door_wood_creaks+engine+washing_machine,0.7083333333333334
door_wood_creaks+engine+water_drops,0.8125
door_wood_creaks+engine+wind,0.75
door_wood_creaks+fireworks+footsteps,0.5
door_wood_creaks+fireworks+frog,0.6458333333333334
door_wood_creaks+fireworks+glass_breaking,0.625
door_wood_creaks+fireworks+hand_saw,0.7083333333333334
door_wood_creaks+fireworks+helicopter,0.75
door_wood_creaks+fireworks+hen,0.6875
door_wood_creaks+fireworks+insects,0.7083333333333334
door_wood_creaks+fireworks+keyboard_typing,0.6041666666666666
door_wood_creaks+fireworks+laughing,0.5625
door_wood_creaks+fireworks+mouse_click,0.6458333333333334
door_wood_creaks+fireworks+pig,0.6458333333333334
door_wood_creaks+fireworks+pouring_water,0.6666666666666666
door_wood_creaks+fireworks+rain,0.75
door_wood_creaks+fireworks+rooster,0.7916666666666666
door_wood_creaks+fireworks+sea_waves,0.7708333333333334
door_wood_creaks+fireworks+sheep,0.625
door_wood_creaks+fireworks+siren,0.75
door_wood_creaks+fireworks+sneezing,0.7708333333333334
door_wood_creaks+fireworks+snoring,0.75
door_wood_creaks+fireworks+thunderstorm,0.8125
door_wood_creaks+fireworks+toilet_flush,0.6875
door_wood_creaks+fireworks+train,0.7916666666666666
door_wood_creaks+fireworks+vacuum_cleaner,0.7708333333333334
door_wood_creaks+fireworks+washing_machine,0.7291666666666666
door_wood_creaks+fireworks+water_drops,0.7083333333333334
door_wood_creaks+fireworks+wind,0.8125
door_wood_creaks+footsteps+frog,0.6041666666666666
door_wood_creaks+footsteps+glass_breaking,0.6041666666666666
door_wood_creaks+footsteps+hand_saw,0.6666666666666666
door_wood_creaks+footsteps+helicopter,0.7291666666666666
door_wood_creaks+footsteps+hen,0.6458333333333334
door_wood_creaks+footsteps+insects,0.6458333333333334
door_wood_creaks+footsteps+keyboard_typing,0.5833333333333334
door_wood_creaks+footsteps+laughing,0.5208333333333334
door_wood_creaks+footsteps+mouse_click,0.6041666666666666
door_wood_creaks+footsteps+pig,0.6041666666666666
door_wood_creaks+footsteps+pouring_water,0.5833333333333334
door_wood_creaks+footsteps+rain,0.7291666666666666
door_wood_creaks+footsteps+rooster,0.75
door_wood_creaks+footsteps+sea_waves,0.7083333333333334
door_wood_creaks+footsteps+sheep,0.6458333333333334
door_wood_creaks+footsteps+siren,0.7291666666666666
door_wood_creaks+footsteps+sneezing,0.75
door_wood_creaks+footsteps+snoring,0.6041666666666666
door_wood_creaks+footsteps+thunderstorm,0.7083333333333334
door_wood_creaks+footsteps+toilet_flush,0.6458333333333334
door_wood_creaks+footsteps+train,0.7916666666666666
door_wood_creaks+footsteps+vacuum_cleaner,0.75
door_wood_creaks+footsteps+washing_machine,0.7083333333333334
door_wood_creaks+footsteps+water_drops,0.6875
door_wood_creaks+footsteps+wind,0.7916666666666666
door_wood_creaks+frog+glass_breaking,0.625
door_wood_creaks+frog+hand_saw,0.7291666666666666
door_wood_creaks+frog+helicopter,0.7708333333333334
door_wood_creaks+frog+hen,0.7291666666666666
door_wood_creaks+frog+insects,0.7083333333333334
door_wood_creaks+frog+keyboard_typing,0.6041666666666666
door_wood_creaks+frog+laughing,0.6458333333333334
door_wood_creaks+frog+mouse_click,0.6458333333333334
door_wood_creaks+frog+pig,0.6666666666666666
door_wood_creaks+frog+pouring_water,0.6666666666666666
door_wood_creaks+frog+rain,0.7708333333333334
door_wood_creaks+frog+rooster,0.7916666666666666
door_wood_creaks+frog+sea_waves,0.75
door_wood_creaks+frog+sheep,0.625
door_wood_creaks+frog+siren,0.75
door_wood_creaks+frog+sneezing,0.7708333333333334
door_wood_creaks+frog+snoring,0.75
door_wood_creaks+frog+thunderstorm,0.7708333333333334
door_wood_creaks+frog+toilet_flush,0.7083333333333334
door_wood_creaks+frog+train,0.8125
door_wood_creaks+frog+vacuum_cleaner,0.7916666666666666
door_wood_creaks+frog+washing_machine,0.75
door_wood_creaks+frog+water_drops,0.6875
door_wood_creaks+frog+wind,0.8125
door_wood_creaks+glass_breaking+hand_saw,0.625
door_wood_creaks+glass_breaking+helicopter,0.6875
door_wood_creaks+glass_breaking+hen,0.6875
door_wood_creaks+glass_breaking+insects,0.6458333333333334
door_wood_creaks+glass_breaking+keyboard_typing,0.6041666666666666
door_wood_creaks+glass_breaking+laughing,0.5625
door_wood_creaks+glass_breaking+mouse_click,0.6041666666666666
door_wood_creaks+glass_breaking+pig,0.5833333333333334
door_wood_creaks+glass_breaking+pouring_water,0.6875
door_wood_creaks+glass_breaking+rain,0.6666666666666666
door_wood_creaks+glass_breaking+rooster,0.7708333333333334
door_wood_creaks+glass_breaking+sea_waves,0.7083333333333334
door_wood_creaks+glass_breaking+sheep,0.6458333333333334
door_wood_creaks+glass_breaking+siren,0.7083333333333334
door_wood_creaks+glass_breaking+sneezing,0.6458333333333334
door_wood_creaks+glass_breaking+snoring,0.6875
door_wood_creaks+glass_breaking+thunderstorm,0.7083333333333334
door_wood_creaks+glass_breaking+toilet_flush,0.625
door_wood_creaks+glass_breaking+train,0.7291666666666666
door_wood_creaks+glass_breaking+vacuum_cleaner,0.75
door_wood_creaks+glass_breaking+washing_machine,0.6666666666666666
door_wood_creaks+glass_breaking+water_drops,0.5833333333333334
door_wood_creaks+glass_breaking+wind,0.7291666666666666
door_wood_creaks+hand_saw+helicopter,0.7708333333333334
door_wood_creaks+hand_saw+hen,0.7083333333333334
door_wood_creaks+hand_saw+insects,0.6875
door_wood_creaks+hand_saw+keyboard_typing,0.7083333333333334
door_wood_creaks+hand_saw+laughing,0.6041666666666666
door_wood_creaks+hand_saw+mouse_click,0.7291666666666666
door_wood_creaks+hand_saw+pig,0.5625
door_wood_creaks+hand_saw+pouring_water,0.625
door_wood_creaks+hand_saw+rain,0.7291666666666666
door_wood_creaks+hand_saw+rooster,0.7708333333333334
door_wood_creaks+hand_saw+sea_waves,0.7291666666666666
door_wood_creaks+hand_saw+sheep,0.6875
door_wood_creaks+hand_saw+siren,0.75
door_wood_creaks+hand_saw+sneezing,0.7708333333333334
door_wood_creaks+hand_saw+snoring,0.7708333333333334
door_wood_creaks+hand_saw+thunderstorm,0.7916666666666666
door_wood_creaks+hand_saw+toilet_flush,0.5833333333333334
door_wood_creaks+hand_saw+train,0.8125
door_wood_creaks+hand_saw+vacuum_cleaner,0.7291666666666666
door_wood_creaks+hand_saw+washing_machine,0.75
door_wood_creaks+hand_saw+water_drops,0.75
door_wood_creaks+hand_saw+wind,0.8125
door_wood_creaks+helicopter+hen,0.7708333333333334
door_wood_creaks+helicopter+insects,0.6666666666666666
door_wood_creaks+helicopter+keyboard_typing,0.75
door_wood_creaks+helicopter+laughing,0.6875
door_wood_creaks+helicopter+mouse_click,0.7083333333333334
door_wood_creaks+helicopter+pig,0.7291666666666666
door_wood_creaks+helicopter+pouring_water,0.7291666666666666
door_wood_creaks+helicopter+rain,0.7083333333333334
door_wood_creaks+helicopter+rooster,0.8333333333333334
door_wood_creaks+helicopter+sea_waves,0.7708333333333334
door_wood_creaks+helicopter+sheep,0.7708333333333334
door_wood_creaks+helicopter+siren,0.7708333333333334
door_wood_creaks+helicopter+sneezing,0.8333333333333334
door_wood_creaks+helicopter+snoring,0.8125
door_wood_creaks+helicopter+thunderstorm,0.7291666666666666
door_wood_creaks+helicopter+toilet_flush,0.7708333333333334
door_wood_creaks+helicopter+train,0.7083333333333334
door_wood_creaks+helicopter+vacuum_cleaner,0.8333333333333334
door_wood_creaks+helicopter+washing_machine,0.5833333333333334
door_wood_creaks+helicopter+water_drops,0.7916666666666666
door_wood_creaks+helicopter+wind,0.6041666666666666
door_wood_creaks+hen+insects,0.6458333333333334
door_wood_creaks+hen+keyboard_typing,0.6458333333333334
door_wood_creaks+hen+laughing,0.5208333333333334
door_wood_creaks+hen+mouse_click,0.7291666666666666
door_wood_creaks+hen+pig,0.6041666666666666
door_wood_creaks+hen+pouring_water,0.6458333333333334
door_wood_creaks+hen+rain,0.7291666666666666
door_wood_creaks+hen+rooster,0.7916666666666666
door_wood_creaks+hen+sea_waves,0.7708333333333334
door_wood_creaks+hen+sheep,0.6458333333333334
door_wood_creaks+hen+siren,0.7916666666666666
door_wood_creaks+hen+sneezing,0.7916666666666666
door_wood_creaks+hen+snoring,0.7708333333333334
door_wood_creaks+hen+thunderstorm,0.7916666666666666
door_wood_creaks+hen+toilet_flush,0.7083333333333334
door_wood_creaks+hen+train,0.8125
door_wood_creaks+hen+vacuum_cleaner,0.8125
door_wood_creaks+hen+washing_machine,0.7708333333333334
door_wood_creaks+hen+water_drops,0.75
door_wood_creaks+hen+wind,0.8333333333333334
door_wood_creaks+insects+keyboard_typing,0.6875
door_wood_creaks+insects+laughing,0.5833333333333334
door_wood_creaks+insects+mouse_click,0.6666666666666666
door_wood_creaks+insects+pig,0.6041666666666666
door_wood_creaks+insects+pouring_water,0.6666666666666666
door_wood_creaks+insects+rain,0.625
door_wood_creaks+insects+rooster,0.8125
door_wood_creaks+insects+sea_waves,0.7083333333333334
door_wood_creaks+insects+sheep,0.7083333333333334
door_wood_creaks+insects+siren,0.75
door_wood_creaks+insects+sneezing,0.7708333333333334
door_wood_creaks+insects+snoring,0.7708333333333334
door_wood_creaks+insects+thunderstorm,0.7708333333333334
door_wood_creaks+insects+toilet_flush,0.7083333333333334
door_wood_creaks+insects+train,0.75
door_wood_creaks+insects+vacuum_cleaner,0.75
door_wood_creaks+insects+washing_machine,0.5833333333333334
door_wood_creaks+insects+water_drops,0.7291666666666666
door_wood_creaks+insects+wind,0.75
door_wood_creaks+keyboard_typing+laughing,0.5208333333333334
door_wood_creaks+keyboard_typing+mouse_click,0.6666666666666666
door_wood_creaks+keyboard_typing+pig,0.625
door_wood_creaks+keyboard_typing+pouring_water,0.6041666666666666
door_wood_creaks+keyboard_typing+rain,0.75
door_wood_creaks+keyboard_typing+rooster,0.75
door_wood_creaks+keyboard_typing+sea_waves,0.7708333333333334
door_wood_creaks+keyboard_typing+sheep,0.6666666666666666
door_wood_creaks+keyboard_typing+siren,0.7291666666666666
door_wood_creaks+keyboard_typing+sneezing,0.7083333333333334
door_wood_creaks+keyboard_typing+snoring,0.6875
door_wood_creaks+keyboard_typing+thunderstorm,0.7916666666666666
door_wood_creaks+keyboard_typing+toilet_flush,0.6666666666666666
door_wood_creaks+keyboard_typing+train,0.8125
door_wood_creaks+keyboard_typing+vacuum_cleaner,0.7916666666666666
door_wood_creaks+keyboard_typing+washing_machine,0.7083333333333334
door_wood_creaks+keyboard_typing+water_drops,0.7291666666666666
door_wood_creaks+keyboard_typing+wind,0.8125
door_wood_creaks+laughing+mouse_click,0.6041666666666666
door_wood_creaks+laughing+pig,0.6041666666666666
door_wood_creaks+laughing+pouring_water,0.5833333333333334
door_wood_creaks+laughing+rain,0.6666666666666666
door_wood_creaks+laughing+rooster,0.5833333333333334
door_wood_creaks+laughing+sea_waves,0.6458333333333334
door_wood_creaks+laughing+sheep,0.5833333333333334
door_wood_creaks+laughing+siren,0.6666666666666666
door_wood_creaks+laughing+sneezing,0.6458333333333334
door_wood_creaks+laughing+snoring,0.6875
door_wood_creaks+laughing+thunderstorm,0.7083333333333334
door_wood_creaks+laughing+toilet_flush,0.6041666666666666
door_wood_creaks+laughing+train,0.7083333333333334
door_wood_creaks+laughing+vacuum_cleaner,0.7083333333333334
door_wood_creaks+laughing+washing_machine,0.6875
door_wood_creaks+laughing+water_drops,0.6875
door_wood_creaks+laughing+wind,0.75
door_wood_creaks+mouse_click+pig,0.6875
door_wood_creaks+mouse_click+pouring_water,0.7291666666666666
door_wood_creaks+mouse_click+rain,0.75
door_wood_creaks+mouse_click+rooster,0.875
door_wood_creaks+mouse_click+sea_waves,0.7916666666666666
door_wood_creaks+mouse_click+sheep,0.7291666666666666
door_wood_creaks+mouse_click+siren,0.7916666666666666
door_wood_creaks+mouse_click+sneezing,0.7916666666666666
door_wood_creaks+mouse_click+snoring,0.6875
door_wood_creaks+mouse_click+thunderstorm,0.7708333333333334
door_wood_creaks+mouse_click+toilet_flush,0.7083333333333334
door_wood_creaks+mouse_click+train,0.8333333333333334
door_wood_creaks+mouse_click+vacuum_cleaner,0.8333333333333334
door_wood_creaks+mouse_click+washing_machine,0.75
door_wood_creaks+mouse_click+water_drops,0.5833333333333334
door_wood_creaks+mouse_click+wind,0.8333333333333334
door_wood_creaks+pig+pouring_water,0.5833333333333334
door_wood_creaks+pig+rain,0.6875
door_wood_creaks+pig+rooster,0.75
door_wood_creaks+pig+sea_waves,0.7083333333333334
door_wood_creaks+pig+sheep,0.5833333333333334
door_wood_creaks+pig+siren,0.6875
door_wood_creaks+pig+sneezing,0.7291666666666666
door_wood_creaks+pig+snoring,0.6875
door_wood_creaks+pig+thunderstorm,0.7083333333333334
door_wood_creaks+pig+toilet_flush,0.6666666666666666
door_wood_creaks+pig+train,0.7291666666666666
door_wood_creaks+pig+vacuum_cleaner,0.7083333333333334
door_wood_creaks+pig+washing_machine,0.6666666666666666
door_wood_creaks+pig+water_drops,0.7083333333333334
door_wood_creaks+pig+wind,0.7708333333333334
door_wood_creaks+pouring_water+rain,0.7083333333333334
door_wood_creaks+pouring_water+rooster,0.7291666666666666
door_wood_creaks+pouring_water+sea_waves,0.75
door_wood_creaks+pouring_water+sheep,0.6041666666666666
door_wood_creaks+pouring_water+siren,0.7083333333333334
door_wood_creaks+pouring_water+sneezing,0.7916666666666666
door_wood_creaks+pouring_water+snoring,0.7291666666666666
door_wood_creaks+pouring_water+thunderstorm,0.75
door_wood_creaks+pouring_water+toilet_flush,0.6458333333333334
door_wood_creaks+pouring_water+train,0.7708333333333334
door_wood_creaks+pouring_water+vacuum_cleaner,0.7916666666666666
door_wood_creaks+pouring_water+washing_machine,0.7083333333333334
door_wood_creaks+pouring_water+water_drops,0.6458333333333334
door_wood_creaks+pouring_water+wind,0.7708333333333334
door_wood_creaks+rain+rooster,0.8333333333333334
door_wood_creaks+rain+sea_waves,0.6666666666666666
door_wood_creaks+rain+sheep,0.6875
door_wood_creaks+rain+siren,0.7291666666666666
door_wood_creaks+rain+sneezing,0.8125
door_wood_creaks+rain+snoring,0.7708333333333334
door_wood_creaks+rain+thunderstorm,0.7916666666666666
door_wood_creaks+rain+toilet_flush,0.6875
door_wood_creaks+rain+train,0.6666666666666666
door_wood_creaks+rain+vacuum_cleaner,0.7083333333333334
door_wood_creaks+rain+washing_machine,0.5833333333333334
door_wood_creaks+rain+water_drops,0.7916666666666666
door_wood_creaks+rain+wind,0.6458333333333334
door_wood_creaks+rooster+sea_waves,0.875
door_wood_creaks+rooster+sheep,0.8125
door_wood_creaks+rooster+siren,0.8541666666666666
door_wood_creaks+rooster+sneezing,0.875
door_wood_creaks+rooster+snoring,0.8541666666666666
door_wood_creaks+rooster+thunderstorm,0.875
door_wood_creaks+rooster+toilet_flush,0.7916666666666666
door_wood_creaks+rooster+train,0.8958333333333334
door_wood_creaks+rooster+vacuum_cleaner,0.9166666666666666
door_wood_creaks+rooster+washing_machine,0.8333333333333334
door_wood_creaks+rooster+water_drops,0.8541666666666666
door_wood_creaks+rooster+wind,0.8958333333333334
door_wood_creaks+sea_waves+sheep,0.7291666666666666
door_wood_creaks+sea_waves+siren,0.8125
door_wood_creaks+sea_waves+sneezing,0.8541666666666666
door_wood_creaks+sea_waves+snoring,0.8125
door_wood_creaks+sea_waves+thunderstorm,0.8125
door_wood_creaks+sea_waves+toilet_flush,0.75
door_wood_creaks+sea_waves+train,0.8125
door_wood_creaks+sea_waves+vacuum_cleaner,0.75
door_wood_creaks+sea_waves+washing_machine,0.75
door_wood_creaks+sea_waves+water_drops,0.8125
door_wood_creaks+sea_waves+wind,0.8333333333333334
door_wood_creaks+sheep+siren,0.7083333333333334
door_wood_creaks+sheep+sneezing,0.75
door_wood_creaks+sheep+snoring,0.7708333333333334
door_wood_creaks+sheep+thunderstorm,0.6875
door_wood_creaks+sheep+toilet_flush,0.7083333333333334
door_wood_creaks+sheep+train,0.75
door_wood_creaks+sheep+vacuum_cleaner,0.7708333333333334
door_wood_creaks+sheep+washing_machine,0.75
door_wood_creaks+sheep+water_drops,0.75
door_wood_creaks+sheep+wind,0.8125
door_wood_creaks+siren+sneezing,0.8541666666666666
door_wood_creaks+siren+snoring,0.8125
door_wood_creaks+siren+thunderstorm,0.8125
door_wood_creaks+siren+toilet_flush,0.7708333333333334
door_wood_creaks+siren+train,0.75
door_wood_creaks+siren+vacuum_cleaner,0.875
door_wood_creaks+siren+washing_machine,0.8125
door_wood_creaks+siren+water_drops,0.7708333333333334
door_wood_creaks+siren+wind,0.8333333333333334
door_wood_creaks+sneezing+snoring,0.8333333333333334
door_wood_creaks+sneezing+thunderstorm,0.8541666666666666
door_wood_creaks+sneezing+toilet_flush,0.7708333333333334
door_wood_creaks+sneezing+train,0.875
door_wood_creaks+sneezing+vacuum_cleaner,0.8958333333333334
door_wood_creaks+sneezing+washing_machine,0.8125
door_wood_creaks+sneezing+water_drops,0.7291666666666666
door_wood_creaks+sneezing+wind,0.875
door_wood_creaks+snoring+thunderstorm,0.8125
door_wood_creaks+snoring+toilet_flush,0.75
door_wood_creaks+snoring+train,0.8541666666666666
door_wood_creaks+snoring+vacuum_cleaner,0.8333333333333334
door_wood_creaks+snoring+washing_machine,0.7291666666666666
door_wood_creaks+snoring+water_drops,0.7708333333333334
door_wood_creaks+snoring+wind,0.8541666666666666
door_wood_creaks+thunderstorm+toilet_flush,0.7708333333333334
door_wood_creaks+thunderstorm+train,0.8541666666666666
door_wood_creaks+thunderstorm+vacuum_cleaner,0.875
door_wood_creaks+thunderstorm+washing_machine,0.7083333333333334
door_wood_creaks+thunderstorm+water_drops,0.8125
door_wood_creaks+thunderstorm+wind,0.875
door_wood_creaks+toilet_flush+train,0.7916666666666666
door_wood_creaks+toilet_flush+vacuum_cleaner,0.7083333333333334
door_wood_creaks+toilet_flush+washing_machine,0.7291666666666666
door_wood_creaks+toilet_flush+water_drops,0.7291666666666666
door_wood_creaks+toilet_flush+wind,0.7916666666666666
door_wood_creaks+train+vacuum_cleaner,0.875
door_wood_creaks+train+washing_machine,0.7291666666666666
door_wood_creaks+train+water_drops,0.8541666666666666
door_wood_creaks+train+wind,0.75
door_wood_creaks+vacuum_cleaner+washing_machine,0.7916666666666666
door_wood_creaks+vacuum_cleaner+water_drops,0.8333333333333334
door_wood_creaks+vacuum_cleaner+wind,0.8125
door_wood_creaks+washing_machine+water_drops,0.7708333333333334
door_wood_creaks+washing_machine+wind,0.6458333333333334
door_wood_creaks+water_drops+wind,0.8541666666666666
door_wood_knock+drinking_sipping+engine,0.8541666666666666
door_wood_knock+drinking_sipping+fireworks,0.5833333333333334
door_wood_knock+drinking_sipping+footsteps,0.7083333333333334
door_wood_knock+drinking_sipping+frog,0.75
door_wood_knock+drinking_sipping+glass_breaking,0.8333333333333334
door_wood_knock+drinking_sipping+hand_saw,0.8541666666666666
door_wood_knock+drinking_sipping+helicopter,0.8333333333333334
door_wood_knock+drinking_sipping+hen,0.75
door_wood_knock+drinking_sipping+insects,0.7083333333333334
door_wood_knock+drinking_sipping+keyboard_typing,0.6458333333333334
door_wood_knock+drinking_sipping+laughing,0.6458333333333334
door_wood_knock+drinking_sipping+mouse_click,0.6666666666666666
door_wood_knock+drinking_sipping+pig,0.7083333333333334
door_wood_knock+drinking_sipping+pouring_water,0.7083333333333334
door_wood_knock+drinking_sipping+rain,0.8333333333333334
door_wood_knock+drinking_sipping+rooster,0.7291666666666666
door_wood_knock+drinking_sipping+sea_waves,0.8333333333333334
door_wood_knock+drinking_sipping+sheep,0.7916666666666666
door_wood_knock+drinking_sipping+siren,0.7708333333333334
door_wood_knock+drinking_sipping+sneezing,0.75
door_wood_knock+drinking_sipping+snoring,0.7291666666666666
door_wood_knock+drinking_sipping+thunderstorm,0.8541666666666666
door_wood_knock+drinking_sipping+toilet_flush,0.8125
door_wood_knock+drinking_sipping+train,0.8541666666666666
door_wood_knock+drinking_sipping+vacuum_cleaner,0.8333333333333334
door_wood_knock+drinking_sipping+washing_machine,0.7708333333333334
door_wood_knock+drinking_sipping+water_drops,0.6458333333333334
door_wood_knock+drinking_sipping+wind,0.8333333333333334
door_wood_knock+engine+fireworks,0.8541666666666666
door_wood_knock+engine+footsteps,0.875
door_wood_knock+engine+frog,0.9166666666666666
door_wood_knock+engine+glass_breaking,1.0
door_wood_knock+engine+hand_saw,0.9375
door_wood_knock+engine+helicopter,0.8125
door_wood_knock+engine+hen,0.9791666666666666
door_wood_knock+engine+insects,0.9166666666666666
door_wood_knock+engine+keyboard_typing,0.9166666666666666
door_wood_knock+engine+laughing,1.0
door_wood_knock+engine+mouse_click,0.8541666666666666
door_wood_knock+engine+pig,0.875
door_wood_knock+engine+pouring_water,0.9583333333333334
door_wood_knock+engine+rain,0.8333333333333334
door_wood_knock+engine+rooster,0.9791666666666666
door_wood_knock+engine+sea_waves,0.875
door_wood_knock+engine+sheep,0.9583333333333334
door_wood_knock+engine+siren,1.0
door_wood_knock+engine+sneezing,1.0
door_wood_knock+engine+snoring,0.8541666666666666
door_wood_knock+engine+thunderstorm,0.9791666666666666
door_wood_knock+engine+toilet_flush,0.9375
door_wood_knock+engine+train,0.9375
door_wood_knock+engine+vacuum_cleaner,0.8958333333333334
door_wood_knock+engine+washing_machine,0.8125
door_wood_knock+engine+water_drops,0.8541666666666666
door_wood_knock+engine+wind,0.875
door_wood_knock+fireworks+footsteps,0.5416666666666666
door_wood_knock+fireworks+frog,0.7291666666666666
door_wood_knock+fireworks+glass_breaking,0.875
door_wood_knock+fireworks+hand_saw,0.875
door_wood_knock+fireworks+helicopter,0.875
door_wood_knock+fireworks+hen,0.7916666666666666
door_wood_knock+fireworks+insects,0.8333333333333334
door_wood_knock+fireworks+keyboard_typing,0.6666666666666666
door_wood_knock+fireworks+laughing,0.7291666666666666
door_wood_knock+fireworks+mouse_click,0.7083333333333334
door_wood_knock+fireworks+pig,0.7916666666666666
door_wood_knock+fireworks+pouring_water,0.7916666666666666
door_wood_knock+fireworks+rain,0.875
door_wood_knock+fireworks+rooster,0.875
door_wood_knock+fireworks+sea_waves,0.875
door_wood_knock+fireworks+sheep,0.7291666666666666
door_wood_knock+fireworks+siren,0.875
door_wood_knock+fireworks+sneezing,0.875
door_wood_knock+fireworks+snoring,0.7708333333333334
door_wood_knock+fireworks+thunderstorm,0.8958333333333334
door_wood_knock+fireworks+toilet_flush,0.8333333333333334
door_wood_knock+fireworks+train,0.875
door_wood_knock+fireworks+vacuum_cleaner,0.8541666666666666
door_wood_knock+fireworks+washing_machine,0.8333333333333334
door_wood_knock+fireworks+water_drops,0.7083333333333334
door_wood_knock+fireworks+wind,0.8958333333333334
door_wood_knock+footsteps+frog,0.7083333333333334
door_wood_knock+footsteps+glass_breaking,0.875
door_wood_knock+footsteps+hand_saw,0.8333333333333334
door_wood_knock+footsteps+helicopter,0.8541666666666666
door_wood_knock+footsteps+hen,0.7916666666666666
door_wood_knock+footsteps+insects,0.75
door_wood_knock+footsteps+keyboard_typing,0.7291666666666666
door_wood_knock+footsteps+laughing,0.7708333333333334
door_wood_knock+footsteps+mouse_click,0.6666666666666666
door_wood_knock+footsteps+pig,0.7083333333333334
door_wood_knock+footsteps+pouring_water,0.7083333333333334
door_wood_knock+footsteps+rain,0.8333333333333334
door_wood_knock+footsteps+rooster,0.8333333333333334
door_wood_knock+footsteps+sea_waves,0.8333333333333334
door_wood_knock+footsteps+sheep,0.7916666666666666
door_wood_knock+footsteps+siren,0.8541666666666666
door_wood_knock+footsteps+sneezing,0.875
door_wood_knock+footsteps+snoring,0.6666666666666666
door_wood_knock+footsteps+thunderstorm,0.8125
door_wood_knock+footsteps+toilet_flush,0.8125
door_wood_knock+footsteps+train,0.875
door_wood_knock+footsteps+vacuum_cleaner,0.8541666666666666
door_wood_knock+footsteps+washing_machine,0.8125
door_wood_knock+footsteps+water_drops,0.7291666666666666
door_wood_knock+footsteps+wind,0.875
door_wood_knock+frog+glass_breaking,0.9166666666666666
door_wood_knock+frog+hand_saw,0.875
door_wood_knock+frog+helicopter,0.9166666666666666
door_wood_knock+frog+hen,0.875
door_wood_knock+frog+insects,0.8333333333333334
door_wood_knock+frog+keyboard_typing,0.7291666666666666
door_wood_knock+frog+laughing,0.8333333333333334
door_wood_knock+frog+mouse_click,0.7083333333333334
door_wood_knock+frog+pig,0.7708333333333334
door_wood_knock+frog+pouring_water,0.8541666666666666
door_wood_knock+frog+rain,0.8958333333333334
door_wood_knock+frog+rooster,0.8958333333333334
door_wood_knock+frog+sea_waves,0.875
door_wood_knock+frog+sheep,0.7916666666666666
door_wood_knock+frog+siren,0.8958333333333334
door_wood_knock+frog+sneezing,0.9166666666666666
door_wood_knock+frog+snoring,0.7708333333333334
door_wood_knock+frog+thunderstorm,0.875
door_wood_knock+frog+toilet_flush,0.8958333333333334
door_wood_knock+frog+train,0.9166666666666666
door_wood_knock+frog+vacuum_cleaner,0.875
door_wood_knock+frog+washing_machine,0.8333333333333334
door_wood_knock+frog+water_drops,0.7291666666666666
door_wood_knock+frog+wind,0.9166666666666666
door_wood_knock+glass_breaking+hand_saw,0.9375
door_wood_knock+glass_breaking+helicopter,1.0
door_wood_knock+glass_breaking+hen,0.9791666666666666
door_wood_knock+glass_breaking+insects,0.9166666666666666
door_wood_knock+glass_breaking+keyboard_typing,0.875
door_wood_knock+glass_breaking+laughing,0.9791666666666666
door_wood_knock+glass_breaking+mouse_click,0.6875
door_wood_knock+glass_breaking+pig,0.8541666666666666
door_wood_knock+glass_breaking+pouring_water,0.8958333333333334
door_wood_knock+glass_breaking+rain,0.9791666666666666
door_wood_knock+glass_breaking+rooster,0.9375
door_wood_knock+glass_breaking+sea_waves,1.0
door_wood_knock+glass_breaking+sheep,1.0
door_wood_knock+glass_breaking+siren,1.0
door_wood_knock+glass_breaking+sneezing,0.8333333333333334
door_wood_knock+glass_breaking+snoring,0.875
door_wood_knock+glass_breaking+thunderstorm,0.9791666666666666
door_wood_knock+glass_breaking+toilet_flush,0.9583333333333334
door_wood_knock+glass_breaking+train,1.0
door_wood_knock+glass_breaking+vacuum_cleaner,0.9583333333333334
door_wood_knock+glass_breaking+washing_machine,0.9166666666666666
door_wood_knock+glass_breaking+water_drops,0.7916666666666666
door_wood_knock+glass_breaking+wind,1.0
door_wood_knock+hand_saw+helicopter,0.9791666666666666
door_wood_knock+hand_saw+hen,0.9166666666666666
door_wood_knock+hand_saw+insects,0.9166666666666666
door_wood_knock+hand_saw+keyboard_typing,0.8541666666666666
door_wood_knock+hand_saw+laughing,0.875
door_wood_knock+hand_saw+mouse_click,0.8541666666666666
door_wood_knock+hand_saw+pig,0.6875
door_wood_knock+hand_saw+pouring_water,0.8333333333333334
door_wood_knock+hand_saw+rain,0.9166666666666666
door_wood_knock+hand_saw+rooster,0.9166666666666666
door_wood_knock+hand_saw+sea_waves,0.8958333333333334
door_wood_knock+hand_saw+sheep,0.9166666666666666
door_wood_knock+hand_saw+siren,0.9375
door_wood_knock+hand_saw+sneezing,0.9583333333333334
door_wood_knock+hand_saw+snoring,0.875
door_wood_knock+hand_saw+thunderstorm,0.9791666666666666
door_wood_knock+hand_saw+toilet_flush,0.7916666666666666
door_wood_knock+hand_saw+train,0.9791666666666666
door_wood_knock+hand_saw+vacuum_cleaner,0.8958333333333334
door_wood_knock+hand_saw+washing_machine,0.8958333333333334
door_wood_knock+hand_saw+water_drops,0.8541666666666666
door_wood_knock+hand_saw+wind,0.9791666666666666
door_wood_knock+helicopter+hen,0.9375
door_wood_knock+helicopter+insects,0.8333333333333334
door_wood_knock+helicopter+keyboard_typing,0.9166666666666666
door_wood_knock+helicopter+laughing,0.9791666666666666
door_wood_knock+helicopter+mouse_click,0.7916666666666666
door_wood_knock+helicopter+pig,0.8541666666666666
door_wood_knock+helicopter+pouring_water,0.9583333333333334
door_wood_knock+helicopter+rain,0.8541666666666666
door_wood_knock+helicopter+rooster,0.9583333333333334
door_wood_knock+helicopter+sea_waves,0.9166666666666666
door_wood_knock+helicopter+sheep,0.9791666666666666
door_wood_knock+helicopter+siren,0.9375
door_wood_knock+helicopter+sneezing,1.0
door_wood_knock+helicopter+snoring,0.875
door_wood_knock+helicopter+thunderstorm,0.8333333333333334
door_wood_knock+helicopter+toilet_flush,0.9791666666666666
door_wood_knock+helicopter+train,0.8333333333333334
door_wood_knock+helicopter+vacuum_cleaner,0.9375
door_wood_knock+helicopter+washing_machine,0.6875
door_wood_knock+helicopter+water_drops,0.875
door_wood_knock+helicopter+wind,0.7083333333333334
door_wood_knock+hen+insects,0.7916666666666666
door_wood_knock+hen+keyboard_typing,0.7916666666666666
door_wood_knock+hen+laughing,0.7083333333333334
door_wood_knock+hen+mouse_click,0.8333333333333334
door_wood_knock+hen+pig,0.7291666666666666
door_wood_knock+hen+pouring_water,0.7916666666666666
door_wood_knock+hen+rain,0.875
door_wood_knock+hen+rooster,0.8958333333333334
door_wood_knock+hen+sea_waves,0.9166666666666666
door_wood_knock+hen+sheep,0.8125
door_wood_knock+hen+siren,0.8958333333333334
door_wood_knock+hen+sneezing,0.9166666666666666
door_wood_knock+hen+snoring,0.8541666666666666
door_wood_knock+hen+thunderstorm,0.9166666666666666
door_wood_knock+hen+toilet_flush,0.8958333333333334
door_wood_knock+hen+train,0.9375
door_wood_knock+hen+vacuum_cleaner,0.9583333333333334
door_wood_knock+hen+washing_machine,0.8958333333333334
door_wood_knock+hen+water_drops,0.875
door_wood_knock+hen+wind,0.9791666666666666
door_wood_knock+insects+keyboard_typing,0.8125
door_wood_knock+insects+laughing,0.8541666666666666
door_wood_knock+insects+mouse_click,0.7083333333333334
door_wood_knock+insects+pig,0.7291666666666666
door_wood_knock+insects+pouring_water,0.8541666666666666
door_wood_knock+insects+rain,0.7291666666666666
door_wood_knock+insects+rooster,0.9166666666666666
door_wood_knock+insects+sea_waves,0.8541666666666666
door_wood_knock+insects+sheep,0.9166666666666666
door_wood_knock+insects+siren,0.9166666666666666
door_wood_knock+insects+sneezing,0.9166666666666666
door_wood_knock+insects+snoring,0.7916666666666666
door_wood_knock+insects+thunderstorm,0.875
door_wood_knock+insects+toilet_flush,0.9166666666666666
door_wood_knock+insects+train,0.8333333333333334
door_wood_knock+insects+vacuum_cleaner,0.875
door_wood_knock+insects+washing_machine,0.6875
door_wood_knock+insects+water_drops,0.7708333333333334
door_wood_knock+insects+wind,0.8333333333333334
door_wood_knock+keyboard_typing+laughing,0.6875
door_wood_knock+keyboard_typing+mouse_click,0.7708333333333334
door_wood_knock+keyboard_typing+pig,0.7291666666666666
door_wood_knock+keyboard_typing+pouring_water,0.75
door_wood_knock+keyboard_typing+rain,0.875
door_wood_knock+keyboard_typing+rooster,0.8333333333333334
door_wood_knock+keyboard_typing+sea_waves,0.9166666666666666
door_wood_knock+keyboard_typing+sheep,0.8125
door_wood_knock+keyboard_typing+siren,0.8541666666666666
door_wood_knock+keyboard_typing+sneezing,0.8541666666666666
door_wood_knock+keyboard_typing+snoring,0.7291666666666666
door_wood_knock+keyboard_typing+thunderstorm,0.875
door_wood_knock+keyboard_typing+toilet_flush,0.8541666666666666
door_wood_knock+keyboard_typing+train,0.8958333333333334
door_wood_knock+keyboard_typing+vacuum_cleaner,0.8958333333333334
door_wood_knock+keyboard_typing+washing_machine,0.8541666666666666
door_wood_knock+keyboard_typing+water_drops,0.7708333333333334
door_wood_knock+keyboard_typing+wind,0.8958333333333334
door_wood_knock+laughing+mouse_click,0.8333333333333334
door_wood_knock+laughing+pig,0.8333333333333334
door_wood_knock+laughing+pouring_water,0.8125
door_wood_knock+laughing+rain,0.9375
door_wood_knock+laughing+rooster,0.7708333333333334
door_wood_knock+laughing+sea_waves,0.8958333333333334
door_wood_knock+laughing+sheep,0.7708333333333334
door_wood_knock+laughing+siren,0.875
door_wood_knock+laughing+sneezing,0.8958333333333334
door_wood_knock+laughing+snoring,0.8541666666666666
door_wood_knock+laughing+thunderstorm,0.9583333333333334
door_wood_knock+laughing+toilet_flush,0.8958333333333334
door_wood_knock+laughing+train,0.9583333333333334
door_wood_knock+laughing+vacuum_cleaner,0.9583333333333334
door_wood_knock+laughing+washing_machine,0.9166666666666666
door_wood_knock+laughing+water_drops,0.875
door_wood_knock+laughing+wind,1.0
door_wood_knock+mouse_click+pig,0.7291666666666666
door_wood_knock+mouse_click+pouring_water,0.75
door_wood_knock+mouse_click+rain,0.7916666666666666
door_wood_knock+mouse_click+rooster,0.8541666666666666
door_wood_knock+mouse_click+sea_waves,0.875
door_wood_knock+mouse_click+sheep,0.8541666666666666
door_wood_knock+mouse_click+siren,0.8541666666666666
door_wood_knock+mouse_click+sneezing,0.7708333333333334
door_wood_knock+mouse_click+snoring,0.6666666666666666
door_wood_knock+mouse_click+thunderstorm,0.7916666666666666
door_wood_knock+mouse_click+toilet_flush,0.8541666666666666
door_wood_knock+mouse_click+train,0.8541666666666666
door_wood_knock+mouse_click+vacuum_cleaner,0.8541666666666666
door_wood_knock+mouse_click+washing_machine,0.7916666666666666
door_wood_knock+mouse_click+water_drops,0.625
door_wood_knock+mouse_click+wind,0.8541666666666666
door_wood_knock+pig+pouring_water,0.7291666666666666
door_wood_knock+pig+rain,0.8125
door_wood_knock+pig+rooster,0.8333333333333334
door_wood_knock+pig+sea_waves,0.8125
door_wood_knock+pig+sheep,0.6875
door_wood_knock+pig+siren,0.8125
door_wood_knock+pig+sneezing,0.8541666666666666
door_wood_knock+pig+snoring,0.6875
door_wood_knock+pig+thunderstorm,0.8125
door_wood_knock+pig+toilet_flush,0.8541666666666666
door_wood_knock+pig+train,0.8333333333333334
door_wood_knock+pig+vacuum_cleaner,0.8125
door_wood_knock+pig+washing_machine,0.75
door_wood_knock+pig+water_drops,0.7708333333333334
door_wood_knock+pig+wind,0.875
door_wood_knock+pouring_water+rain,0.9375
door_wood_knock+pouring_water+rooster,0.7708333333333334
door_wood_knock+pouring_water+sea_waves,0.9583333333333334
door_wood_knock+pouring_water+sheep,0.8125
door_wood_knock+pouring_water+siren,0.8958333333333334
door_wood_knock+pouring_water+sneezing,0.8958333333333334
door_wood_knock+pouring_water+snoring,0.8125
door_wood_knock+pouring_water+thunderstorm,0.9375
door_wood_knock+pouring_water+toilet_flush,0.8541666666666666
door_wood_knock+pouring_water+train,0.9583333333333334
door_wood_knock+pouring_water+vacuum_cleaner,0.9375
door_wood_knock+pouring_water+washing_machine,0.875
door_wood_knock+pouring_water+water_drops,0.7708333333333334
door_wood_knock+pouring_water+wind,0.9583333333333334
door_wood_knock+rain+rooster,0.9583333333333334
door_wood_knock+rain+sea_waves,0.8125
door_wood_knock+rain+sheep,0.875
door_wood_knock+rain+siren,0.8958333333333334
door_wood_knock+rain+sneezing,0.9791666666666666
door_wood_knock+rain+snoring,0.8125
door_wood_knock+rain+thunderstorm,0.8958333333333334
door_wood_knock+rain+toilet_flush,0.875
door_wood_knock+rain+train,0.7708333333333334
door_wood_knock+rain+vacuum_cleaner,0.8125
door_wood_knock+rain+washing_machine,0.6875
door_wood_knock+rain+water_drops,0.8333333333333334
door_wood_knock+rain+wind,0.75
door_wood_knock+rooster+sea_waves,0.9791666666666666
door_wood_knock+rooster+sheep,0.9791666666666666
door_wood_knock+rooster+siren,0.9583333333333334
door_wood_knock+rooster+sneezing,0.875
door_wood_knock+rooster+snoring,0.8541666666666666
door_wood_knock+rooster+thunderstorm,0.9583333333333334
door_wood_knock+rooster+toilet_flush,0.9375
door_wood_knock+rooster+train,0.9791666666666666
door_wood_knock+rooster+vacuum_cleaner,0.9583333333333334
door_wood_knock+rooster+washing_machine,0.8958333333333334
door_wood_knock+rooster+water_drops,0.875
door_wood_knock+rooster+wind,0.9791666666666666
door_wood_knock+sea_waves+sheep,0.9375
door_wood_knock+sea_waves+siren,0.9375
door_wood_knock+sea_waves+sneezing,1.0
door_wood_knock+sea_waves+snoring,0.8541666666666666
door_wood_knock+sea_waves+thunderstorm,0.9375
door_wood_knock+sea_waves+toilet_flush,0.9375
door_wood_knock+sea_waves+train,0.9375
door_wood_knock+sea_waves+vacuum_cleaner,0.8333333333333334
door_wood_knock+sea_waves+washing_machine,0.8333333333333334
door_wood_knock+sea_waves+water_drops,0.8958333333333334
door_wood_knock+sea_waves+wind,0.9583333333333334
door_wood_knock+sheep+siren,0.8958333333333334
door_wood_knock+sheep+sneezing,0.9375
door_wood_knock+sheep+snoring,0.8333333333333334
door_wood_knock+sheep+thunderstorm,0.8541666666666666
door_wood_knock+sheep+toilet_flush,0.9166666666666666
door_wood_knock+sheep+train,0.9166666666666666
door_wood_knock+sheep+vacuum_cleaner,0.9375
door_wood_knock+sheep+washing_machine,0.8958333333333334
door_wood_knock+sheep+water_drops,0.875
door_wood_knock+sheep+wind,0.9791666666666666
door_wood_knock+siren+sneezing,1.0
door_wood_knock+siren+snoring,0.8333333333333334
door_wood_knock+siren+thunderstorm,0.9375
door_wood_knock+siren+toilet_flush,0.9375
door_wood_knock+siren+train,0.875
door_wood_knock+siren+vacuum_cleaner,0.9583333333333334
door_wood_knock+siren+washing_machine,0.9166666666666666
door_wood_knock+siren+water_drops,0.8541666666666666
door_wood_knock+siren+wind,0.9791666666666666
door_wood_knock+sneezing+snoring,0.875
door_wood_knock+sneezing+thunderstorm,0.9791666666666666
door_wood_knock+sneezing+toilet_flush,0.9583333333333334
door_wood_knock+sneezing+train,1.0
door_wood_knock+sneezing+vacuum_cleaner,0.9791666666666666
door_wood_knock+sneezing+washing_machine,0.9166666666666666
door_wood_knock+sneezing+water_drops,0.7916666666666666
door_wood_knock+sneezing+wind,1.0
door_wood_knock+snoring+thunderstorm,0.8333333333333334
door_wood_knock+snoring+toilet_flush,0.8333333333333334
door_wood_knock+snoring+train,0.875
door_wood_knock+snoring+vacuum_cleaner,0.8541666666666666
door_wood_knock+snoring+washing_machine,0.7916666666666666
door_wood_knock+snoring+water_drops,0.7291666666666666
door_wood_knock+snoring+wind,0.875
door_wood_knock+thunderstorm+toilet_flush,0.9583333333333334
door_wood_knock+thunderstorm+train,0.9375
door_wood_knock+thunderstorm+vacuum_cleaner,0.9583333333333334
door_wood_knock+thunderstorm+washing_machine,0.7916666666666666
door_wood_knock+thunderstorm+water_drops,0.8125
door_wood_knock+thunderstorm+wind,0.9583333333333334
door_wood_knock+toilet_flush+train,0.9791666666666666
door_wood_knock+toilet_flush+vacuum_cleaner,0.8541666666666666
door_wood_knock+toilet_flush+washing_machine,0.875
door_wood_knock+toilet_flush+water_drops,0.8541666666666666
door_wood_knock+toilet_flush+wind,0.9791666666666666
door_wood_knock+train+vacuum_cleaner,0.9583333333333334
door_wood_knock+train+washing_machine,0.8125
door_wood_knock+train+water_drops,0.875
door_wood_knock+train+wind,0.8333333333333334
door_wood_knock+vacuum_cleaner+washing_machine,0.875
door_wood_knock+vacuum_cleaner+water_drops,0.875
door_wood_knock+vacuum_cleaner+wind,0.875
door_wood_knock+washing_machine+water_drops,0.8125
door_wood_knock+washing_machine+wind,0.7291666666666666
door_wood_knock+water_drops+wind,0.8541666666666666
drinking_sipping+engine+fireworks,0.7291666666666666
drinking_sipping+engine+footsteps,0.8541666666666666
drinking_sipping+engine+frog,0.8958333333333334
drinking_sipping+engine+glass_breaking,0.9791666666666666
drinking_sipping+engine+hand_saw,0.9583333333333334
drinking_sipping+engine+helicopter,0.7916666666666666
drinking_sipping+engine+hen,0.8958333333333334
drinking_sipping+engine+insects,0.8125
drinking_sipping+engine+keyboard_typing,0.7916666666666666
drinking_sipping+engine+laughing,0.7708333333333334
drinking_sipping+engine+mouse_click,0.8333333333333334
drinking_sipping+engine+pig,0.875
drinking_sipping+engine+pouring_water,0.8541666666666666
drinking_sipping+engine+rain,0.8333333333333334
drinking_sipping+engine+rooster,0.875
drinking_sipping+engine+sea_waves,0.875
drinking_sipping+engine+sheep,0.9166666666666666
drinking_sipping+engine+siren,0.9166666666666666
drinking_sipping+engine+sneezing,0.875
drinking_sipping+engine+snoring,0.875
drinking_sipping+engine+thunderstorm,1.0
drinking_sipping+engine+toilet_flush,0.9166666666666666
drinking_sipping+engine+train,0.9375
drinking_sipping+engine+vacuum_cleaner,0.8958333333333334
drinking_sipping+engine+washing_machine,0.8125
drinking_sipping+engine+water_drops,0.75
drinking_sipping+engine+wind,0.8541666666666666
drinking_sipping+fireworks+footsteps,0.4583333333333333
drinking_sipping+fireworks+frog,0.6041666666666666
drinking_sipping+fireworks+glass_breaking,0.7291666666666666
drinking_sipping+fireworks+hand_saw,0.75
drinking_sipping+fireworks+helicopter,0.7291666666666666
drinking_sipping+fireworks+hen,0.6041666666666666
drinking_sipping+fireworks+insects,0.5833333333333334
drinking_sipping+fireworks+keyboard_typing,0.5416666666666666
drinking_sipping+fireworks+laughing,0.4791666666666667
drinking_sipping+fireworks+mouse_click,0.625
drinking_sipping+fireworks+pig,0.6458333333333334
drinking_sipping+fireworks+pouring_water,0.625
drinking_sipping+fireworks+rain,0.75
drinking_sipping+fireworks+rooster,0.6458333333333334
drinking_sipping+fireworks+sea_waves,0.7291666666666666
drinking_sipping+fireworks+sheep,0.5833333333333334
drinking_sipping+fireworks+siren,0.6875
drinking_sipping+fireworks+sneezing,0.6458333333333334
drinking_sipping+fireworks+snoring,0.6666666666666666
drinking_sipping+fireworks+thunderstorm,0.7708333333333334
drinking_sipping+fireworks+toilet_flush,0.6875
drinking_sipping+fireworks+train,0.75
drinking_sipping+fireworks+vacuum_cleaner,0.75
drinking_sipping+fireworks+washing_machine,0.6875
drinking_sipping+fireworks+water_drops,0.5416666666666666
drinking_sipping+fireworks+wind,0.75
drinking_sipping+footsteps+frog,0.6875
drinking_sipping+footsteps+glass_breaking,0.8333333333333334
drinking_sipping+footsteps+hand_saw,0.8125
drinking_sipping+footsteps+helicopter,0.8125
drinking_sipping+footsteps+hen,0.6875
drinking_sipping+footsteps+insects,0.625
drinking_sipping+footsteps+keyboard_typing,0.6041666666666666
drinking_sipping+footsteps+laughing,0.5833333333333334
drinking_sipping+footsteps+mouse_click,0.6875
drinking_sipping+footsteps+pig,0.7083333333333334
drinking_sipping+footsteps+pouring_water,0.6458333333333334
drinking_sipping+footsteps+rain,0.8125
drinking_sipping+footsteps+rooster,0.7083333333333334
drinking_sipping+footsteps+sea_waves,0.8125
drinking_sipping+footsteps+sheep,0.75
drinking_sipping+footsteps+siren,0.7708333333333334
drinking_sipping+footsteps+sneezing,0.7291666666666666
drinking_sipping+footsteps+snoring,0.6458333333333334
drinking_sipping+footsteps+thunderstorm,0.7916666666666666
drinking_sipping+footsteps+toilet_flush,0.7916666666666666
drinking_sipping+footsteps+train,0.8541666666666666
drinking_sipping+footsteps+vacuum_cleaner,0.8333333333333334
drinking_sipping+footsteps+washing_machine,0.7708333333333334
drinking_sipping+footsteps+water_drops,0.6041666666666666
drinking_sipping+footsteps+wind,0.8333333333333334
drinking_sipping+frog+glass_breaking,0.875
drinking_sipping+frog+hand_saw,0.8958333333333334
drinking_sipping+frog+helicopter,0.875
drinking_sipping+frog+hen,0.7916666666666666
drinking_sipping+frog+insects,0.7291666666666666
drinking_sipping+frog+keyboard_typing,0.6041666666666666
drinking_sipping+frog+laughing,0.6041666666666666
drinking_sipping+frog+mouse_click,0.6875
drinking_sipping+frog+pig,0.7708333333333334
drinking_sipping+frog+pouring_water,0.75
drinking_sipping+frog+rain,0.875
drinking_sipping+frog+rooster,0.7708333333333334
drinking_sipping+frog+sea_waves,0.8541666666666666
drinking_sipping+frog+sheep,0.75
drinking_sipping+frog+siren,0.7916666666666666
drinking_sipping+frog+sneezing,0.7708333333333334
drinking_sipping+frog+snoring,0.7916666666666666
drinking_sipping+frog+thunderstorm,0.8958333333333334
drinking_sipping+frog+toilet_flush,0.8541666666666666
drinking_sipping+frog+train,0.8958333333333334
drinking_sipping+frog+vacuum_cleaner,0.875
drinking_sipping+frog+washing_machine,0.8125
drinking_sipping+frog+water_drops,0.625
drinking_sipping+frog+wind,0.875
drinking_sipping+glass_breaking+hand_saw,0.9375
drinking_sipping+glass_breaking+helicopter,0.9583333333333334
drinking_sipping+glass_breaking+hen,0.875
drinking_sipping+glass_breaking+insects,0.7916666666666666
drinking_sipping+glass_breaking+keyboard_typing,0.7708333333333334
drinking_sipping+glass_breaking+laughing,0.75
drinking_sipping+glass_breaking+mouse_click,0.6666666666666666
drinking_sipping+glass_breaking+pig,0.8333333333333334
drinking_sipping+glass_breaking+pouring_water,0.7916666666666666
drinking_sipping+glass_breaking+rain,0.9583333333333334
drinking_sipping+glass_breaking+rooster,0.8125
drinking_sipping+glass_breaking+sea_waves,0.9583333333333334
drinking_sipping+glass_breaking+sheep,0.9166666666666666
drinking_sipping+glass_breaking+siren,0.8958333333333334
drinking_sipping+glass_breaking+sneezing,0.7083333333333334
drinking_sipping+glass_breaking+snoring,0.875
drinking_sipping+glass_breaking+thunderstorm,0.9791666666666666
drinking_sipping+glass_breaking+toilet_flush,0.9375
drinking_sipping+glass_breaking+train,0.9791666666666666
drinking_sipping+glass_breaking+vacuum_cleaner,0.9583333333333334
drinking_sipping+glass_breaking+washing_machine,0.8958333333333334
drinking_sipping+glass_breaking+water_drops,0.6666666666666666
drinking_sipping+glass_breaking+wind,0.9583333333333334
drinking_sipping+hand_saw+helicopter,0.9791666666666666
drinking_sipping+hand_saw+hen,0.8541666666666666
drinking_sipping+hand_saw+insects,0.8333333333333334
drinking_sipping+hand_saw+keyboard_typing,0.7708333333333334
drinking_sipping+hand_saw+laughing,0.6875
drinking_sipping+hand_saw+mouse_click,0.8541666666666666
drinking_sipping+hand_saw+pig,0.75
drinking_sipping+hand_saw+pouring_water,0.7916666666666666
drinking_sipping+hand_saw+rain,0.9375
drinking_sipping+hand_saw+rooster,0.8333333333333334
drinking_sipping+hand_saw+sea_waves,0.8958333333333334
drinking_sipping+hand_saw+sheep,0.875
drinking_sipping+hand_saw+siren,0.9166666666666666
drinking_sipping+hand_saw+sneezing,0.8541666666666666
drinking_sipping+hand_saw+snoring,0.8958333333333334
drinking_sipping+hand_saw+thunderstorm,1.0
drinking_sipping+hand_saw+toilet_flush,0.8125
drinking_sipping+hand_saw+train,1.0
drinking_sipping+hand_saw+vacuum_cleaner,0.9166666666666666
drinking_sipping+hand_saw+washing_machine,0.9166666666666666
drinking_sipping+hand_saw+water_drops,0.7708333333333334
drinking_sipping+hand_saw+wind,0.9791666666666666
drinking_sipping+helicopter+hen,0.8541666666666666
drinking_sipping+helicopter+insects,0.7291666666666666
drinking_sipping+helicopter+keyboard_typing,0.7708333333333334
drinking_sipping+helicopter+laughing,0.75
drinking_sipping+helicopter+mouse_click,0.7708333333333334
drinking_sipping+helicopter+pig,0.8541666666666666
drinking_sipping+helicopter+pouring_water,0.8333333333333334
drinking_sipping+helicopter+rain,0.8333333333333334
drinking_sipping+helicopter+rooster,0.8541666666666666
drinking_sipping+helicopter+sea_waves,0.8958333333333334
drinking_sipping+helicopter+sheep,0.9166666666666666
drinking_sipping+helicopter+siren,0.8541666666666666
drinking_sipping+helicopter+sneezing,0.8541666666666666
drinking_sipping+helicopter+snoring,0.875
drinking_sipping+helicopter+thunderstorm,0.8333333333333334
drinking_sipping+helicopter+toilet_flush,0.9375
drinking_sipping+helicopter+train,0.8125
drinking_sipping+helicopter+vacuum_cleaner,0.9375
drinking_sipping+helicopter+washing_machine,0.6875
drinking_sipping+helicopter+water_drops,0.75
drinking_sipping+helicopter+wind,0.6875
drinking_sipping+hen+insects,0.6666666666666666
drinking_sipping+hen+keyboard_typing,0.6666666666666666
drinking_sipping+hen+laughing,0.5
drinking_sipping+hen+mouse_click,0.7291666666666666
drinking_sipping+hen+pig,0.6666666666666666
drinking_sipping+hen+pouring_water,0.6875
drinking_sipping+hen+rain,0.7916666666666666
drinking_sipping+hen+rooster,0.7916666666666666
drinking_sipping+hen+sea_waves,0.8333333333333334
drinking_sipping+hen+sheep,0.7083333333333334
drinking_sipping+hen+siren,0.7708333333333334
drinking_sipping+hen+sneezing,0.7708333333333334
drinking_sipping+hen+snoring,0.7916666666666666
drinking_sipping+hen+thunderstorm,0.8541666666666666
drinking_sipping+hen+toilet_flush,0.8125
drinking_sipping+hen+train,0.8541666666666666
drinking_sipping+hen+vacuum_cleaner,0.875
drinking_sipping+hen+washing_machine,0.8125
drinking_sipping+hen+water_drops,0.6666666666666666
drinking_sipping+hen+wind,0.875
drinking_sipping+insects+keyboard_typing,0.625
drinking_sipping+insects+laughing,0.625
drinking_sipping+insects+mouse_click,0.6041666666666666
drinking_sipping+insects+pig,0.6875
drinking_sipping+insects+pouring_water,0.6666666666666666
drinking_sipping+insects+rain,0.6458333333333334
drinking_sipping+insects+rooster,0.7291666666666666
drinking_sipping+insects+sea_waves,0.7916666666666666
drinking_sipping+insects+sheep,0.75
drinking_sipping+insects+siren,0.75
drinking_sipping+insects+sneezing,0.7083333333333334
drinking_sipping+insects+snoring,0.7083333333333334
drinking_sipping+insects+thunderstorm,0.7708333333333334
drinking_sipping+insects+toilet_flush,0.7916666666666666
drinking_sipping+insects+train,0.7708333333333334
drinking_sipping+insects+vacuum_cleaner,0.7916666666666666
drinking_sipping+insects+washing_machine,0.6458333333333334
drinking_sipping+insects+water_drops,0.5833333333333334
drinking_sipping+insects+wind,0.75
drinking_sipping+keyboard_typing+laughing,0.4583333333333333
drinking_sipping+keyboard_typing+mouse_click,0.6666666666666666
drinking_sipping+keyboard_typing+pig,0.6458333333333334
drinking_sipping+keyboard_typing+pouring_water,0.625
drinking_sipping+keyboard_typing+rain,0.7708333333333334
drinking_sipping+keyboard_typing+rooster,0.6875
drinking_sipping+keyboard_typing+sea_waves,0.7708333333333334
drinking_sipping+keyboard_typing+sheep,0.7083333333333334
drinking_sipping+keyboard_typing+siren,0.6875
drinking_sipping+keyboard_typing+sneezing,0.625
drinking_sipping+keyboard_typing+snoring,0.6458333333333334
drinking_sipping+keyboard_typing+thunderstorm,0.7916666666666666
drinking_sipping+keyboard_typing+toilet_flush,0.7291666666666666
drinking_sipping+keyboard_typing+train,0.7916666666666666
drinking_sipping+keyboard_typing+vacuum_cleaner,0.7916666666666666
drinking_sipping+keyboard_typing+washing_machine,0.7083333333333334
drinking_sipping+keyboard_typing+water_drops,0.5625
drinking_sipping+keyboard_typing+wind,0.7708333333333334
drinking_sipping+laughing+mouse_click,0.625
drinking_sipping+laughing+pig,0.6458333333333334
drinking_sipping+laughing+pouring_water,0.5833333333333334
drinking_sipping+laughing+rain,0.7083333333333334
drinking_sipping+laughing+rooster,0.5833333333333334
drinking_sipping+laughing+sea_waves,0.6666666666666666
drinking_sipping+laughing+sheep,0.5625
drinking_sipping+laughing+siren,0.6041666666666666
drinking_sipping+laughing+sneezing,0.6875
drinking_sipping+laughing+snoring,0.6666666666666666
drinking_sipping+laughing+thunderstorm,0.75
drinking_sipping+laughing+toilet_flush,0.6666666666666666
drinking_sipping+laughing+train,0.7291666666666666
drinking_sipping+laughing+vacuum_cleaner,0.7291666666666666
drinking_sipping+laughing+washing_machine,0.6875
drinking_sipping+laughing+water_drops,0.5625
drinking_sipping+laughing+wind,0.75
drinking_sipping+mouse_click+pig,0.7291666666666666
drinking_sipping+mouse_click+pouring_water,0.6875
drinking_sipping+mouse_click+rain,0.7916666666666666
drinking_sipping+mouse_click+rooster,0.7291666666666666
drinking_sipping+mouse_click+sea_waves,0.8333333333333334
drinking_sipping+mouse_click+sheep,0.7916666666666666
drinking_sipping+mouse_click+siren,0.75
drinking_sipping+mouse_click+sneezing,0.6666666666666666
drinking_sipping+mouse_click+snoring,0.6875
drinking_sipping+mouse_click+thunderstorm,0.8333333333333334
drinking_sipping+mouse_click+toilet_flush,0.8125
drinking_sipping+mouse_click+train,0.8541666666666666
drinking_sipping+mouse_click+vacuum_cleaner,0.8541666666666666
drinking_sipping+mouse_click+washing_machine,0.7708333333333334
drinking_sipping+mouse_click+water_drops,0.5208333333333334
drinking_sipping+mouse_click+wind,0.8333333333333334
drinking_sipping+pig+pouring_water,0.6666666666666666
drinking_sipping+pig+rain,0.8125
drinking_sipping+pig+rooster,0.75
drinking_sipping+pig+sea_waves,0.8125
drinking_sipping+pig+sheep,0.75
drinking_sipping+pig+siren,0.7708333333333334
drinking_sipping+pig+sneezing,0.75
drinking_sipping+pig+snoring,0.7083333333333334
drinking_sipping+pig+thunderstorm,0.8541666666666666
drinking_sipping+pig+toilet_flush,0.8333333333333334
drinking_sipping+pig+train,0.8541666666666666
drinking_sipping+pig+vacuum_cleaner,0.8125
drinking_sipping+pig+washing_machine,0.7708333333333334
drinking_sipping+pig+water_drops,0.6458333333333334
drinking_sipping+pig+wind,0.8541666666666666
drinking_sipping+pouring_water+rain,0.8333333333333334
drinking_sipping+pouring_water+rooster,0.625
drinking_sipping+pouring_water+sea_waves,0.8333333333333334
drinking_sipping+pouring_water+sheep,0.7291666666666666
drinking_sipping+pouring_water+siren,0.7291666666666666
drinking_sipping+pouring_water+sneezing,0.7083333333333334
drinking_sipping+pouring_water+snoring,0.75
drinking_sipping+pouring_water+thunderstorm,0.8541666666666666
drinking_sipping+pouring_water+toilet_flush,0.7916666666666666
drinking_sipping+pouring_water+train,0.8541666666666666
drinking_sipping+pouring_water+vacuum_cleaner,0.8541666666666666
drinking_sipping+pouring_water+washing_machine,0.7708333333333334
drinking_sipping+pouring_water+water_drops,0.5416666666666666
drinking_sipping+pouring_water+wind,0.8333333333333334
drinking_sipping+rain+rooster,0.8541666666666666
drinking_sipping+rain+sea_waves,0.8125
drinking_sipping+rain+sheep,0.8333333333333334
drinking_sipping+rain+siren,0.8333333333333334
drinking_sipping+rain+sneezing,0.8541666666666666
drinking_sipping+rain+snoring,0.8125
drinking_sipping+rain+thunderstorm,0.9166666666666666
drinking_sipping+rain+toilet_flush,0.875
drinking_sipping+rain+train,0.7708333333333334
drinking_sipping+rain+vacuum_cleaner,0.8333333333333334
drinking_sipping+rain+washing_machine,0.6875
drinking_sipping+rain+water_drops,0.7291666666666666
drinking_sipping+rain+wind,0.75
drinking_sipping+rooster+sea_waves,0.8541666666666666
drinking_sipping+rooster+sheep,0.8125
drinking_sipping+rooster+siren,0.7708333333333334
drinking_sipping+rooster+sneezing,0.7083333333333334
drinking_sipping+rooster+snoring,0.7708333333333334
drinking_sipping+rooster+thunderstorm,0.875
drinking_sipping+rooster+toilet_flush,0.8333333333333334
drinking_sipping+rooster+train,0.875
drinking_sipping+rooster+vacuum_cleaner,0.875
drinking_sipping+rooster+washing_machine,0.7916666666666666
drinking_sipping+rooster+water_drops,0.6458333333333334
drinking_sipping+rooster+wind,0.8541666666666666
drinking_sipping+sea_waves+sheep,0.875
drinking_sipping+sea_waves+siren,0.875
drinking_sipping+sea_waves+sneezing,0.8541666666666666
drinking_sipping+sea_waves+snoring,0.875
drinking_sipping+sea_waves+thunderstorm,0.9583333333333334
drinking_sipping+sea_waves+toilet_flush,0.9166666666666666
drinking_sipping+sea_waves+train,0.9375
drinking_sipping+sea_waves+vacuum_cleaner,0.8125
drinking_sipping+sea_waves+washing_machine,0.8333333333333334
drinking_sipping+sea_waves+water_drops,0.75
drinking_sipping+sea_waves+wind,0.9375
drinking_sipping+sheep+siren,0.7916666666666666
drinking_sipping+sheep+sneezing,0.7708333333333334
drinking_sipping+sheep+snoring,0.8333333333333334
drinking_sipping+sheep+thunderstorm,0.8541666666666666
drinking_sipping+sheep+toilet_flush,0.8958333333333334
drinking_sipping+sheep+train,0.8958333333333334
drinking_sipping+sheep+vacuum_cleaner,0.8958333333333334
drinking_sipping+sheep+washing_machine,0.8541666666666666
drinking_sipping+sheep+water_drops,0.7083333333333334
drinking_sipping+sheep+wind,0.9166666666666666
drinking_sipping+siren+sneezing,0.7916666666666666
drinking_sipping+siren+snoring,0.8125
drinking_sipping+siren+thunderstorm,0.9166666666666666
drinking_sipping+siren+toilet_flush,0.875
drinking_sipping+siren+train,0.8541666666666666
drinking_sipping+siren+vacuum_cleaner,0.8958333333333334
drinking_sipping+siren+washing_machine,0.8333333333333334
drinking_sipping+siren+water_drops,0.6666666666666666
drinking_sipping+siren+wind,0.8958333333333334
drinking_sipping+sneezing+snoring,0.7708333333333334
drinking_sipping+sneezing+thunderstorm,0.875
drinking_sipping+sneezing+toilet_flush,0.8333333333333334
drinking_sipping+sneezing+train,0.875
drinking_sipping+sneezing+vacuum_cleaner,0.875
drinking_sipping+sneezing+washing_machine,0.7916666666666666
drinking_sipping+sneezing+water_drops,0.5833333333333334
drinking_sipping+sneezing+wind,0.8541666666666666
drinking_sipping+snoring+thunderstorm,0.8541666666666666
drinking_sipping+snoring+toilet_flush,0.8541666666666666
drinking_sipping+snoring+train,0.875
drinking_sipping+snoring+vacuum_cleaner,0.875
drinking_sipping+snoring+washing_machine,0.7916666666666666
drinking_sipping+snoring+water_drops,0.6666666666666666
drinking_sipping+snoring+wind,0.8541666666666666
drinking_sipping+thunderstorm+toilet_flush,0.9583333333333334
drinking_sipping+thunderstorm+train,0.9583333333333334
drinking_sipping+thunderstorm+vacuum_cleaner,1.0
drinking_sipping+thunderstorm+washing_machine,0.8333333333333334
drinking_sipping+thunderstorm+water_drops,0.7291666666666666
drinking_sipping+thunderstorm+wind,0.9583333333333334
drinking_sipping+toilet_flush+train,0.9583333333333334
drinking_sipping+toilet_flush+vacuum_cleaner,0.8333333333333334
drinking_sipping+toilet_flush+washing_machine,0.8541666666666666
drinking_sipping+toilet_flush+water_drops,0.7291666666666666
drinking_sipping+toilet_flush+wind,0.9375
drinking_sipping+train+vacuum_cleaner,0.9791666666666666
drinking_sipping+train+washing_machine,0.8333333333333334
drinking_sipping+train+water_drops,0.7708333333333334
drinking_sipping+train+wind,0.8333333333333334
drinking_sipping+vacuum_cleaner+washing_machine,0.875
drinking_sipping+vacuum_cleaner+water_drops,0.7708333333333334
drinking_sipping+vacuum_cleaner+wind,0.875
drinking_sipping+washing_machine+water_drops,0.6875
drinking_sipping+washing_machine+wind,0.75
drinking_sipping+water_drops+wind,0.7291666666666666
engine+fireworks+footsteps,0.6458333333333334
engine+fireworks+frog,0.7916666666666666
engine+fireworks+glass_breaking,0.9375
engine+fireworks+hand_saw,0.9166666666666666
engine+fireworks+helicopter,0.75
engine+fireworks+hen,0.8541666666666666
engine+fireworks+insects,0.8541666666666666
engine+fireworks+keyboard_typing,0.7708333333333334
engine+fireworks+laughing,0.7916666666666666
engine+fireworks+mouse_click,0.8333333333333334
engine+fireworks+pig,0.8958333333333334
engine+fireworks+pouring_water,0.8958333333333334
engine+fireworks+rain,0.8125
engine+fireworks+rooster,0.9583333333333334
engine+fireworks+sea_waves,0.8541666666666666
engine+fireworks+sheep,0.7708333333333334
engine+fireworks+siren,0.9375
engine+fireworks+sneezing,0.9375
engine+fireworks+snoring,0.8958333333333334
engine+fireworks+thunderstorm,0.9583333333333334
engine+fireworks+toilet_flush,0.8958333333333334
engine+fireworks+train,0.875
engine+fireworks+vacuum_cleaner,0.875
engine+fireworks+washing_machine,0.7916666666666666
engine+fireworks+water_drops,0.8541666666666666
engine+fireworks+wind,0.8333333333333334
engine+footsteps+frog,0.8333333333333334
engine+footsteps+glass_breaking,0.9791666666666666
engine+footsteps+hand_saw,0.9166666666666666
engine+footsteps+helicopter,0.7708333333333334
engine+footsteps+hen,0.875
engine+footsteps+insects,0.8333333333333334
engine+footsteps+keyboard_typing,0.7916666666666666
engine+footsteps+laughing,0.8333333333333334
engine+footsteps+mouse_click,0.8125
engine+footsteps+pig,0.8541666666666666
engine+footsteps+pouring_water,0.8333333333333334
engine+footsteps+rain,0.8333333333333334
engine+footsteps+rooster,0.9583333333333334
engine+footsteps+sea_waves,0.8541666666666666
engine+footsteps+sheep,0.8958333333333334
engine+footsteps+siren,0.9791666666666666
engine+footsteps+sneezing,0.9583333333333334
engine+footsteps+snoring,0.8125
engine+footsteps+thunderstorm,0.9166666666666666
engine+footsteps+toilet_flush,0.8958333333333334
engine+footsteps+train,0.9375
engine+footsteps+vacuum_cleaner,0.8958333333333334
engine+footsteps+washing_machine,0.8125
engine+footsteps+water_drops,0.8958333333333334
engine+footsteps+wind,0.875
engine+frog+glass_breaking,0.9791666666666666
engine+frog+hand_saw,0.875
engine+frog+helicopter,0.7916666666666666
engine+frog+hen,0.8958333333333334
engine+frog+insects,0.8333333333333334
engine+frog+keyboard_typing,0.7916666666666666
engine+frog+laughing,0.8541666666666666
engine+frog+mouse_click,0.8125
engine+frog+pig,0.9166666666666666
engine+frog+pouring_water,0.9583333333333334
engine+frog+rain,0.8125
engine+frog+rooster,0.9791666666666666
engine+frog+sea_waves,0.8541666666666666
engine+frog+sheep,0.7708333333333334
engine+frog+siren,0.9583333333333334
engine+frog+sneezing,0.9791666666666666
engine+frog+snoring,0.875
engine+frog+thunderstorm,0.8958333333333334
engine+frog+toilet_flush,0.9166666666666666
engine+frog+train,0.9166666666666666
engine+frog+vacuum_cleaner,0.8541666666666666
engine+frog+washing_machine,0.8125
engine+frog+water_drops,0.8125
engine+frog+wind,0.8541666666666666
engine+glass_breaking+hand_saw,0.9166666666666666
engine+glass_breaking+helicopter,0.8125
engine+glass_breaking+hen,1.0
engine+glass_breaking+insects,0.8958333333333334
engine+glass_breaking+keyboard_typing,0.9166666666666666
engine+glass_breaking+laughing,0.9791666666666666
engine+glass_breaking+mouse_click,0.7916666666666666
engine+glass_breaking+pig,0.9166666666666666
engine+glass_breaking+pouring_water,0.9166666666666666
engine+glass_breaking+rain,0.8333333333333334
engine+glass_breaking+rooster,0.9583333333333334
engine+glass_breaking+sea_waves,0.875
engine+glass_breaking+sheep,0.9583333333333334
engine+glass_breaking+siren,1.0
engine+glass_breaking+sneezing,0.8333333333333334
engine+glass_breaking+snoring,0.9791666666666666
engine+glass_breaking+thunderstorm,1.0
engine+glass_breaking+toilet_flush,0.9166666666666666
engine+glass_breaking+train,0.9375
engine+glass_breaking+vacuum_cleaner,0.875
engine+glass_breaking+washing_machine,0.8958333333333334
engine+glass_breaking+water_drops,0.8333333333333334
engine+glass_breaking+wind,0.875
engine+hand_saw+helicopter,0.7708333333333334
engine+hand_saw+hen,0.9166666666666666
engine+hand_saw+insects,0.8541666666666666
engine+hand_saw+keyboard_typing,0.9166666666666666
engine+hand_saw+laughing,0.8541666666666666
engine+hand_saw+mouse_click,0.9375
engine+hand_saw+pig,0.7708333333333334
engine+hand_saw+pouring_water,0.8333333333333334
engine+hand_saw+rain,0.75
engine+hand_saw+rooster,0.9166666666666666
engine+hand_saw+sea_waves,0.7708333333333334
engine+hand_saw+sheep,0.8541666666666666
engine+hand_saw+siren,0.9166666666666666
engine+hand_saw+sneezing,0.9375
engine+hand_saw+snoring,0.9375
engine+hand_saw+thunderstorm,0.9583333333333334
engine+hand_saw+toilet_flush,0.75
engine+hand_saw+train,0.8958333333333334
engine+hand_saw+vacuum_cleaner,0.8125
engine+hand_saw+washing_machine,0.7916666666666666
engine+hand_saw+water_drops,0.9166666666666666
engine+hand_saw+wind,0.8333333333333334
engine+helicopter+hen,0.7708333333333334
engine+helicopter+insects,0.6875
engine+helicopter+keyboard_typing,0.8125
engine+helicopter+laughing,0.7916666666666666
engine+helicopter+mouse_click,0.7291666666666666
engine+helicopter+pig,0.75
engine+helicopter+pouring_water,0.8125
engine+helicopter+rain,0.5833333333333334
engine+helicopter+rooster,0.7916666666666666
engine+helicopter+sea_waves,0.6666666666666666
engine+helicopter+sheep,0.7708333333333334
engine+helicopter+siren,0.75
engine+helicopter+sneezing,0.8125
engine+helicopter+snoring,0.7916666666666666
engine+helicopter+thunderstorm,0.7291666666666666
engine+helicopter+toilet_flush,0.75
engine+helicopter+train,0.6041666666666666
engine+helicopter+vacuum_cleaner,0.6875
engine+helicopter+washing_machine,0.5416666666666666
engine+helicopter+water_drops,0.7708333333333334
engine+helicopter+wind,0.5416666666666666
engine+hen+insects,0.7916666666666666
engine+hen+keyboard_typing,0.8333333333333334
engine+hen+laughing,0.7291666666666666
engine+hen+mouse_click,0.9375
engine+hen+pig,0.7916666666666666
engine+hen+pouring_water,0.8333333333333334
engine+hen+rain,0.75
engine+hen+rooster,0.9375
engine+hen+sea_waves,0.8333333333333334
engine+hen+sheep,0.8125
engine+hen+siren,0.9166666666666666
engine+hen+sneezing,0.9375
engine+hen+snoring,0.9583333333333334
engine+hen+thunderstorm,0.9583333333333334
engine+hen+toilet_flush,0.875
engine+hen+train,0.8958333333333334
engine+hen+vacuum_cleaner,0.8958333333333334
engine+hen+washing_machine,0.8125
engine+hen+water_drops,0.9166666666666666
engine+hen+wind,0.875
engine+insects+keyboard_typing,0.8333333333333334
engine+insects+laughing,0.8541666666666666
engine+insects+mouse_click,0.7708333333333334
engine+insects+pig,0.7708333333333334
engine+insects+pouring_water,0.875
engine+insects+rain,0.6458333333333334
engine+insects+rooster,0.9166666666666666
engine+insects+sea_waves,0.75
engine+insects+sheep,0.875
engine+insects+siren,0.9166666666666666
engine+insects+sneezing,0.8958333333333334
engine+insects+snoring,0.8541666666666666
engine+insects+thunderstorm,0.875
engine+insects+toilet_flush,0.8541666666666666
engine+insects+train,0.7708333333333334
engine+insects+vacuum_cleaner,0.7916666666666666
engine+insects+washing_machine,0.625
engine+insects+water_drops,0.8333333333333334
engine+insects+wind,0.7291666666666666
engine+keyboard_typing+laughing,0.7291666666666666
engine+keyboard_typing+mouse_click,0.8541666666666666
engine+keyboard_typing+pig,0.8541666666666666
engine+keyboard_typing+pouring_water,0.7916666666666666
engine+keyboard_typing+rain,0.8125
engine+keyboard_typing+rooster,0.9166666666666666
engine+keyboard_typing+sea_waves,0.875
engine+keyboard_typing+sheep,0.8541666666666666
engine+keyboard_typing+siren,0.9375
engine+keyboard_typing+sneezing,0.8958333333333334
engine+keyboard_typing+snoring,0.8541666666666666
engine+keyboard_typing+thunderstorm,0.9791666666666666
engine+keyboard_typing+toilet_flush,0.8958333333333334
engine+keyboard_typing+train,0.9166666666666666
engine+keyboard_typing+vacuum_cleaner,0.8958333333333334
engine+keyboard_typing+washing_machine,0.8541666666666666
engine+keyboard_typing+water_drops,0.875
engine+keyboard_typing+wind,0.8541666666666666
engine+laughing+mouse_click,0.9166666666666666
engine+laughing+pig,0.8958333333333334
engine+laughing+pouring_water,0.8125
engine+laughing+rain,0.7916666666666666
engine+laughing+rooster,0.7708333333333334
engine+laughing+sea_waves,0.8125
engine+laughing+sheep,0.75
engine+laughing+siren,0.875
engine+laughing+sneezing,0.8958333333333334
engine+laughing+snoring,0.9375
engine+laughing+thunderstorm,0.9791666666666666
engine+laughing+toilet_flush,0.8541666666666666
engine+laughing+train,0.8958333333333334
engine+laughing+vacuum_cleaner,0.875
engine+laughing+washing_machine,0.8333333333333334
engine+laughing+water_drops,0.9166666666666666
engine+laughing+wind,0.875
engine+mouse_click+pig,0.8958333333333334
engine+mouse_click+pouring_water,0.875
engine+mouse_click+rain,0.7916666666666666
engine+mouse_click+rooster,0.9791666666666666
engine+mouse_click+sea_waves,0.8541666666666666
engine+mouse_click+sheep,0.9166666666666666
engine+mouse_click+siren,0.9583333333333334
engine+mouse_click+sneezing,0.8541666666666666
engine+mouse_click+snoring,0.8333333333333334
engine+mouse_click+thunderstorm,0.9166666666666666
engine+mouse_click+toilet_flush,0.9166666666666666
engine+mouse_click+train,0.8958333333333334
engine+mouse_click+vacuum_cleaner,0.875
engine+mouse_click+washing_machine,0.8541666666666666
engine+mouse_click+water_drops,0.7083333333333334
engine+mouse_click+wind,0.8541666666666666
engine+pig+pouring_water,0.8125
engine+pig+rain,0.7916666666666666
engine+pig+rooster,0.9166666666666666
engine+pig+sea_waves,0.8541666666666666
engine+pig+sheep,0.7291666666666666
engine+pig+siren,0.9166666666666666
engine+pig+sneezing,0.9166666666666666
engine+pig+snoring,0.8541666666666666
engine+pig+thunderstorm,0.9375
engine+pig+toilet_flush,0.9375
engine+pig+train,0.8958333333333334
engine+pig+vacuum_cleaner,0.8541666666666666
engine+pig+washing_machine,0.7916666666666666
engine+pig+water_drops,0.8958333333333334
engine+pig+wind,0.875
engine+pouring_water+rain,0.8333333333333334
engine+pouring_water+rooster,0.7916666666666666
engine+pouring_water+sea_waves,0.875
engine+pouring_water+sheep,0.7916666666666666
engine+pouring_water+siren,0.9375
engine+pouring_water+sneezing,0.9166666666666666
engine+pouring_water+snoring,0.9375
engine+pouring_water+thunderstorm,1.0
engine+pouring_water+toilet_flush,0.8333333333333334
engine+pouring_water+train,0.9375
engine+pouring_water+vacuum_cleaner,0.8958333333333334
engine+pouring_water+washing_machine,0.875
engine+pouring_water+water_drops,0.8541666666666666
engine+pouring_water+wind,0.875
engine+rain+rooster,0.8333333333333334
engine+rain+sea_waves,0.6458333333333334
engine+rain+sheep,0.75
engine+rain+siren,0.7708333333333334
engine+rain+sneezing,0.8333333333333334
engine+rain+snoring,0.8125
engine+rain+thunderstorm,0.8333333333333334
engine+rain+toilet_flush,0.7083333333333334
engine+rain+train,0.6666666666666666
engine+rain+vacuum_cleaner,0.6458333333333334
engine+rain+washing_machine,0.5833333333333334
engine+rain+water_drops,0.7916666666666666
engine+rain+wind,0.6041666666666666
engine+rooster+sea_waves,0.875
engine+rooster+sheep,0.9583333333333334
engine+rooster+siren,0.9791666666666666
engine+rooster+sneezing,0.8958333333333334
engine+rooster+snoring,0.9791666666666666
engine+rooster+thunderstorm,1.0
engine+rooster+toilet_flush,0.9166666666666666
engine+rooster+train,0.9375
engine+rooster+vacuum_cleaner,0.8958333333333334
engine+rooster+washing_machine,0.8958333333333334
engine+rooster+water_drops,0.9375
engine+rooster+wind,0.875
engine+sea_waves+sheep,0.8125
engine+sea_waves+siren,0.8333333333333334
engine+sea_waves+sneezing,0.875
engine+sea_waves+snoring,0.8541666666666666
engine+sea_waves+thunderstorm,0.8541666666666666
engine+sea_waves+toilet_flush,0.8541666666666666
engine+sea_waves+train,0.8125
engine+sea_waves+vacuum_cleaner,0.6875
engine+sea_waves+washing_machine,0.6666666666666666
engine+sea_waves+water_drops,0.8333333333333334
engine+sea_waves+wind,0.75
engine+sheep+siren,0.875
engine+sheep+sneezing,0.8958333333333334
engine+sheep+snoring,0.8958333333333334
engine+sheep+thunderstorm,0.8541666666666666
engine+sheep+toilet_flush,0.8541666666666666
engine+sheep+train,0.8333333333333334
engine+sheep+vacuum_cleaner,0.8125
engine+sheep+washing_machine,0.7916666666666666
engine+sheep+water_drops,0.9166666666666666
engine+sheep+wind,0.8333333333333334
engine+siren+sneezing,1.0
engine+siren+snoring,0.9375
engine+siren+thunderstorm,0.9583333333333334
engine+siren+toilet_flush,0.8958333333333334
engine+siren+train,0.8125
engine+siren+vacuum_cleaner,0.875
engine+siren+washing_machine,0.8541666666666666
engine+siren+water_drops,0.9375
engine+siren+wind,0.8541666666666666
engine+sneezing+snoring,0.9791666666666666
engine+sneezing+thunderstorm,1.0
engine+sneezing+toilet_flush,0.9166666666666666
engine+sneezing+train,0.9375
engine+sneezing+vacuum_cleaner,0.8958333333333334
engine+sneezing+washing_machine,0.8958333333333334
engine+sneezing+water_drops,0.8333333333333334
engine+sneezing+wind,0.875
engine+snoring+thunderstorm,0.9166666666666666
engine+snoring+toilet_flush,0.8958333333333334
engine+snoring+train,0.8958333333333334
engine+snoring+vacuum_cleaner,0.875
engine+snoring+washing_machine,0.75
engine+snoring+water_drops,0.875
engine+snoring+wind,0.8333333333333334
engine+thunderstorm+toilet_flush,0.9375
engine+thunderstorm+train,0.8958333333333334
engine+thunderstorm+vacuum_cleaner,0.8958333333333334
engine+thunderstorm+washing_machine,0.75
engine+thunderstorm+water_drops,0.9375
engine+thunderstorm+wind,0.8541666666666666
engine+toilet_flush+train,0.875
engine+toilet_flush+vacuum_cleaner,0.7708333333333334
engine+toilet_flush+washing_machine,0.7708333333333334
engine+toilet_flush+water_drops,0.875
engine+toilet_flush+wind,0.8125
engine+train+vacuum_cleaner,0.8333333333333334
engine+train+washing_machine,0.7083333333333334
engine+train+water_drops,0.8958333333333334
engine+train+wind,0.7291666666666666
engine+vacuum_cleaner+washing_machine,0.7708333333333334
engine+vacuum_cleaner+water_drops,0.8541666666666666
engine+vacuum_cleaner+wind,0.7083333333333334
engine+washing_machine+water_drops,0.8125
engine+washing_machine+wind,0.5833333333333334
engine+water_drops+wind,0.8333333333333334
fireworks+footsteps+frog,0.5208333333333334
fireworks+footsteps+glass_breaking,0.6458333333333334
fireworks+footsteps+hand_saw,0.6666666666666666
fireworks+footsteps+helicopter,0.6666666666666666
fireworks+footsteps+hen,0.5416666666666666
fireworks+footsteps+insects,0.5625
fireworks+footsteps+keyboard_typing,0.4583333333333333
fireworks+footsteps+laughing,0.5
fireworks+footsteps+mouse_click,0.5208333333333334
fireworks+footsteps+pig,0.5833333333333334
fireworks+footsteps+pouring_water,0.5208333333333334
fireworks+footsteps+rain,0.6458333333333334
fireworks+footsteps+rooster,0.6666666666666666
fireworks+footsteps+sea_waves,0.6458333333333334
fireworks+footsteps+sheep,0.5416666666666666
fireworks+footsteps+siren,0.6666666666666666
fireworks+footsteps+sneezing,0.6458333333333334
fireworks+footsteps+snoring,0.5625
fireworks+footsteps+thunderstorm,0.6666666666666666
fireworks+footsteps+toilet_flush,0.6041666666666666
fireworks+footsteps+train,0.6666666666666666
fireworks+footsteps+vacuum_cleaner,0.6458333333333334
fireworks+footsteps+washing_machine,0.625
fireworks+footsteps+water_drops,0.5833333333333334
fireworks+footsteps+wind,0.6875
fireworks+frog+glass_breaking,0.8125
fireworks+frog+hand_saw,0.8333333333333334
fireworks+frog+helicopter,0.8125
fireworks+frog+hen,0.75
fireworks+frog+insects,0.75
fireworks+frog+keyboard_typing,0.6041666666666666
fireworks+frog+laughing,0.625
fireworks+frog+mouse_click,0.7083333333333334
fireworks+frog+pig,0.7708333333333334
fireworks+frog+pouring_water,0.7708333333333334
fireworks+frog+rain,0.8125
fireworks+frog+rooster,0.8333333333333334
fireworks+frog+sea_waves,0.7916666666666666
fireworks+frog+sheep,0.6875
fireworks+frog+siren,0.7916666666666666
fireworks+frog+sneezing,0.8125
fireworks+frog+snoring,0.7916666666666666
fireworks+frog+thunderstorm,0.8333333333333334
fireworks+frog+toilet_flush,0.8125
fireworks+frog+train,0.8125
fireworks+frog+vacuum_cleaner,0.7916666666666666
fireworks+frog+washing_machine,0.7708333333333334
fireworks+frog+water_drops,0.7291666666666666
fireworks+frog+wind,0.8333333333333334
fireworks+glass_breaking+hand_saw,0.9166666666666666
fireworks+glass_breaking+helicopter,0.9583333333333334
fireworks+glass_breaking+hen,0.875
fireworks+glass_breaking+insects,0.875
fireworks+glass_breaking+keyboard_typing,0.7083333333333334
fireworks+glass_breaking+laughing,0.7916666666666666
fireworks+glass_breaking+mouse_click,0.6875
fireworks+glass_breaking+pig,0.8541666666666666
fireworks+glass_breaking+pouring_water,0.8333333333333334
fireworks+glass_breaking+rain,0.9583333333333334
fireworks+glass_breaking+rooster,0.9375
fireworks+glass_breaking+sea_waves,0.9583333333333334
fireworks+glass_breaking+sheep,0.8125
fireworks+glass_breaking+siren,0.9583333333333334
fireworks+glass_breaking+sneezing,0.7916666666666666
fireworks+glass_breaking+snoring,0.9375
fireworks+glass_breaking+thunderstorm,0.9791666666666666
fireworks+glass_breaking+toilet_flush,0.8958333333333334
fireworks+glass_breaking+train,0.9583333333333334
fireworks+glass_breaking+vacuum_cleaner,0.9583333333333334
fireworks+glass_breaking+washing_machine,0.9166666666666666
fireworks+glass_breaking+water_drops,0.75
fireworks+glass_breaking+wind,0.9791666666666666
fireworks+hand_saw+helicopter,0.9583333333333334
fireworks+hand_saw+hen,0.8541666666666666
fireworks+hand_saw+insects,0.875
fireworks+hand_saw+keyboard_typing,0.7708333333333334
fireworks+hand_saw+laughing,0.7291666666666666
fireworks+hand_saw+mouse_click,0.875
fireworks+hand_saw+pig,0.7708333333333334
fireworks+hand_saw+pouring_water,0.8125
fireworks+hand_saw+rain,0.9166666666666666
fireworks+hand_saw+rooster,0.9375
fireworks+hand_saw+sea_waves,0.8958333333333334
fireworks+hand_saw+sheep,0.7708333333333334
fireworks+hand_saw+siren,0.9375
fireworks+hand_saw+sneezing,0.9375
fireworks+hand_saw+snoring,0.9375
fireworks+hand_saw+thunderstorm,0.9791666666666666
fireworks+hand_saw+toilet_flush,0.7708333333333334
fireworks+hand_saw+train,0.9583333333333334
fireworks+hand_saw+vacuum_cleaner,0.875
fireworks+hand_saw+washing_machine,0.9166666666666666
fireworks+hand_saw+water_drops,0.875
fireworks+hand_saw+wind,0.9791666666666666
fireworks+helicopter+hen,0.8333333333333334
fireworks+helicopter+insects,0.7916666666666666
fireworks+helicopter+keyboard_typing,0.7916666666666666
fireworks+helicopter+laughing,0.7916666666666666
fireworks+helicopter+mouse_click,0.7916666666666666
fireworks+helicopter+pig,0.875
fireworks+helicopter+pouring_water,0.9166666666666666
fireworks+helicopter+rain,0.875
fireworks+helicopter+rooster,0.9583333333333334
fireworks+helicopter+sea_waves,0.875
fireworks+helicopter+sheep,0.8125
fireworks+helicopter+siren,0.8958333333333334
fireworks+helicopter+sneezing,0.9583333333333334
fireworks+helicopter+snoring,0.9375
fireworks+helicopter+thunderstorm,0.8541666666666666
fireworks+helicopter+toilet_flush,0.9375
fireworks+helicopter+train,0.8125
fireworks+helicopter+vacuum_cleaner,0.9166666666666666
fireworks+helicopter+washing_machine,0.6875
fireworks+helicopter+water_drops,0.875
fireworks+helicopter+wind,0.7083333333333334
fireworks+hen+insects,0.7083333333333334
fireworks+hen+keyboard_typing,0.625
fireworks+hen+laughing,0.5416666666666666
fireworks+hen+mouse_click,0.7916666666666666
fireworks+hen+pig,0.6875
fireworks+hen+pouring_water,0.7291666666666666
fireworks+hen+rain,0.8125
fireworks+hen+rooster,0.8333333333333334
fireworks+hen+sea_waves,0.8333333333333334
fireworks+hen+sheep,0.6666666666666666
fireworks+hen+siren,0.8333333333333334
fireworks+hen+sneezing,0.8333333333333334
fireworks+hen+snoring,0.8541666666666666
fireworks+hen+thunderstorm,0.875
fireworks+hen+toilet_flush,0.7916666666666666
fireworks+hen+train,0.875
fireworks+hen+vacuum_cleaner,0.8541666666666666
fireworks+hen+washing_machine,0.8333333333333334
fireworks+hen+water_drops,0.7916666666666666
fireworks+hen+wind,0.8958333333333334
fireworks+insects+keyboard_typing,0.6875
fireworks+insects+laughing,0.6875
fireworks+insects+mouse_click,0.7291666666666666
fireworks+insects+pig,0.75
fireworks+insects+pouring_water,0.8333333333333334
fireworks+insects+rain,0.7291666666666666
fireworks+insects+rooster,0.9166666666666666
fireworks+insects+sea_waves,0.8125
fireworks+insects+sheep,0.75
fireworks+insects+siren,0.875
fireworks+insects+sneezing,0.875
fireworks+insects+snoring,0.8958333333333334
fireworks+insects+thunderstorm,0.875
fireworks+insects+toilet_flush,0.875
fireworks+insects+train,0.8125
fireworks+insects+vacuum_cleaner,0.8541666666666666
fireworks+insects+washing_machine,0.6875
fireworks+insects+water_drops,0.7916666666666666
fireworks+insects+wind,0.8333333333333334
fireworks+keyboard_typing+laughing,0.4583333333333333
fireworks+keyboard_typing+mouse_click,0.6458333333333334
fireworks+keyboard_typing+pig,0.7083333333333334
fireworks+keyboard_typing+pouring_water,0.6041666666666666
fireworks+keyboard_typing+rain,0.7916666666666666
fireworks+keyboard_typing+rooster,0.7291666666666666
fireworks+keyboard_typing+sea_waves,0.7916666666666666
fireworks+keyboard_typing+sheep,0.625
fireworks+keyboard_typing+siren,0.7916666666666666
fireworks+keyboard_typing+sneezing,0.7083333333333334
fireworks+keyboard_typing+snoring,0.7083333333333334
fireworks+keyboard_typing+thunderstorm,0.8125
fireworks+keyboard_typing+toilet_flush,0.7291666666666666
fireworks+keyboard_typing+train,0.7916666666666666
fireworks+keyboard_typing+vacuum_cleaner,0.7916666666666666
fireworks+keyboard_typing+washing_machine,0.75
fireworks+keyboard_typing+water_drops,0.6458333333333334
fireworks+keyboard_typing+wind,0.8125
fireworks+laughing+mouse_click,0.6875
fireworks+laughing+pig,0.7083333333333334
fireworks+laughing+pouring_water,0.6666666666666666
fireworks+laughing+rain,0.7708333333333334
fireworks+laughing+rooster,0.6458333333333334
fireworks+laughing+sea_waves,0.7291666666666666
fireworks+laughing+sheep,0.5
fireworks+laughing+siren,0.7083333333333334
fireworks+laughing+sneezing,0.75
fireworks+laughing+snoring,0.7708333333333334
fireworks+laughing+thunderstorm,0.8333333333333334
fireworks+laughing+toilet_flush,0.6875
fireworks+laughing+train,0.7916666666666666
fireworks+laughing+vacuum_cleaner,0.7708333333333334
fireworks+laughing+washing_machine,0.7708333333333334
fireworks+laughing+water_drops,0.7083333333333334
fireworks+laughing+wind,0.8333333333333334
fireworks+mouse_click+pig,0.7708333333333334
fireworks+mouse_click+pouring_water,0.75
fireworks+mouse_click+rain,0.8333333333333334
fireworks+mouse_click+rooster,0.8958333333333334
fireworks+mouse_click+sea_waves,0.875
fireworks+mouse_click+sheep,0.7291666666666666
fireworks+mouse_click+siren,0.8541666666666666
fireworks+mouse_click+sneezing,0.7708333333333334
fireworks+mouse_click+snoring,0.75
fireworks+mouse_click+thunderstorm,0.8541666666666666
fireworks+mouse_click+toilet_flush,0.8333333333333334
fireworks+mouse_click+train,0.875
fireworks+mouse_click+vacuum_cleaner,0.875
fireworks+mouse_click+washing_machine,0.8333333333333334
fireworks+mouse_click+water_drops,0.6666666666666666
fireworks+mouse_click+wind,0.8958333333333334
fireworks+pig+pouring_water,0.7291666666666666
fireworks+pig+rain,0.8958333333333334
fireworks+pig+rooster,0.875
fireworks+pig+sea_waves,0.8541666666666666
fireworks+pig+sheep,0.6458333333333334
fireworks+pig+siren,0.875
fireworks+pig+sneezing,0.8541666666666666
fireworks+pig+snoring,0.8333333333333334
fireworks+pig+thunderstorm,0.9166666666666666
fireworks+pig+toilet_flush,0.875
fireworks+pig+train,0.9166666666666666
fireworks+pig+vacuum_cleaner,0.8541666666666666
fireworks+pig+washing_machine,0.8333333333333334
fireworks+pig+water_drops,0.7916666666666666
fireworks+pig+wind,0.9375
fireworks+pouring_water+rain,0.9166666666666666
fireworks+pouring_water+rooster,0.75
fireworks+pouring_water+sea_waves,0.9166666666666666
fireworks+pouring_water+sheep,0.6458333333333334
fireworks+pouring_water+siren,0.875
fireworks+pouring_water+sneezing,0.8541666666666666
fireworks+pouring_water+snoring,0.875
fireworks+pouring_water+thunderstorm,0.9375
fireworks+pouring_water+toilet_flush,0.8125
fireworks+pouring_water+train,0.9166666666666666
fireworks+pouring_water+vacuum_cleaner,0.9166666666666666
fireworks+pouring_water+washing_machine,0.8541666666666666
fireworks+pouring_water+water_drops,0.75
fireworks+pouring_water+wind,0.9375
fireworks+rain+rooster,0.9791666666666666
fireworks+rain+sea_waves,0.8125
fireworks+rain+sheep,0.75
fireworks+rain+siren,0.875
fireworks+rain+sneezing,0.9583333333333334
fireworks+rain+snoring,0.8958333333333334
fireworks+rain+thunderstorm,0.9375
fireworks+rain+toilet_flush,0.875
fireworks+rain+train,0.7708333333333334
fireworks+rain+vacuum_cleaner,0.8333333333333334
fireworks+rain+washing_machine,0.7291666666666666
fireworks+rain+water_drops,0.875
fireworks+rain+wind,0.7708333333333334
fireworks+rooster+sea_waves,0.9791666666666666
fireworks+rooster+sheep,0.8333333333333334
fireworks+rooster+siren,0.9583333333333334
fireworks+rooster+sneezing,0.875
fireworks+rooster+snoring,0.9583333333333334
fireworks+rooster+thunderstorm,1.0
fireworks+rooster+toilet_flush,0.9166666666666666
fireworks+rooster+train,0.9791666666666666
fireworks+rooster+vacuum_cleaner,0.9791666666666666
fireworks+rooster+washing_machine,0.9375
fireworks+rooster+water_drops,0.875
fireworks+rooster+wind,1.0
fireworks+sea_waves+sheep,0.7708333333333334
fireworks+sea_waves+siren,0.9166666666666666
fireworks+sea_waves+sneezing,0.9583333333333334
fireworks+sea_waves+snoring,0.9166666666666666
fireworks+sea_waves+thunderstorm,0.9375
fireworks+sea_waves+toilet_flush,0.8958333333333334
fireworks+sea_waves+train,0.9166666666666666
fireworks+sea_waves+vacuum_cleaner,0.7916666666666666
fireworks+sea_waves+washing_machine,0.8333333333333334
fireworks+sea_waves+water_drops,0.875
fireworks+sea_waves+wind,0.9375
fireworks+sheep+siren,0.75
fireworks+sheep+sneezing,0.75
fireworks+sheep+snoring,0.7916666666666666
fireworks+sheep+thunderstorm,0.7708333333333334
fireworks+sheep+toilet_flush,0.7916666666666666
fireworks+sheep+train,0.7708333333333334
fireworks+sheep+vacuum_cleaner,0.7708333333333334
fireworks+sheep+washing_machine,0.7708333333333334
fireworks+sheep+water_drops,0.7291666666666666
fireworks+sheep+wind,0.8333333333333334
fireworks+siren+sneezing,0.9583333333333334
fireworks+siren+snoring,0.9375
fireworks+siren+thunderstorm,0.9583333333333334
fireworks+siren+toilet_flush,0.9166666666666666
fireworks+siren+train,0.8333333333333334
fireworks+siren+vacuum_cleaner,0.9375
fireworks+siren+washing_machine,0.9166666666666666
fireworks+siren+water_drops,0.8541666666666666
fireworks+siren+wind,0.9583333333333334
fireworks+sneezing+snoring,0.9375
fireworks+sneezing+thunderstorm,0.9791666666666666
fireworks+sneezing+toilet_flush,0.8958333333333334
fireworks+sneezing+train,0.9583333333333334
fireworks+sneezing+vacuum_cleaner,0.9583333333333334
fireworks+sneezing+washing_machine,0.9166666666666666
fireworks+sneezing+water_drops,0.7708333333333334
fireworks+sneezing+wind,0.9791666666666666
fireworks+snoring+thunderstorm,0.9375
fireworks+snoring+toilet_flush,0.8958333333333334
fireworks+snoring+train,0.9166666666666666
fireworks+snoring+vacuum_cleaner,0.9166666666666666
fireworks+snoring+washing_machine,0.8333333333333334
fireworks+snoring+water_drops,0.8125
fireworks+snoring+wind,0.9375
fireworks+thunderstorm+toilet_flush,0.9583333333333334
fireworks+thunderstorm+train,0.9583333333333334
fireworks+thunderstorm+vacuum_cleaner,0.9791666666666666
fireworks+thunderstorm+washing_machine,0.8333333333333334
fireworks+thunderstorm+water_drops,0.875
fireworks+thunderstorm+wind,0.9791666666666666
fireworks+toilet_flush+train,0.9375
fireworks+toilet_flush+vacuum_cleaner,0.8541666666666666
fireworks+toilet_flush+washing_machine,0.8541666666666666
fireworks+toilet_flush+water_drops,0.8333333333333334
fireworks+toilet_flush+wind,0.9583333333333334
fireworks+train+vacuum_cleaner,0.9375
fireworks+train+washing_machine,0.8125
fireworks+train+water_drops,0.875
fireworks+train+wind,0.8125
fireworks+vacuum_cleaner+washing_machine,0.875
fireworks+vacuum_cleaner+water_drops,0.875
fireworks+vacuum_cleaner+wind,0.875
fireworks+washing_machine+water_drops,0.8333333333333334
fireworks+washing_machine+wind,0.75
fireworks+water_drops+wind,0.8958333333333334
footsteps+frog+glass_breaking,0.8125
footsteps+frog+hand_saw,0.8125
footsteps+frog+helicopter,0.7916666666666666
footsteps+frog+hen,0.7291666666666666
footsteps+frog+insects,0.7083333333333334
footsteps+frog+keyboard_typing,0.5833333333333334
footsteps+frog+laughing,0.625
footsteps+frog+mouse_click,0.6458333333333334
footsteps+frog+pig,0.7083333333333334
footsteps+frog+pouring_water,0.6666666666666666
footsteps+frog+rain,0.7916666666666666
footsteps+frog+rooster,0.7916666666666666
footsteps+frog+sea_waves,0.7916666666666666
footsteps+frog+sheep,0.7083333333333334
footsteps+frog+siren,0.7916666666666666
footsteps+frog+sneezing,0.7916666666666666
footsteps+frog+snoring,0.6666666666666666
footsteps+frog+thunderstorm,0.7708333333333334
footsteps+frog+toilet_flush,0.7916666666666666
footsteps+frog+train,0.8333333333333334
footsteps+frog+vacuum_cleaner,0.7916666666666666
footsteps+frog+washing_machine,0.75
footsteps+frog+water_drops,0.7291666666666666
footsteps+frog+wind,0.8333333333333334
footsteps+glass_breaking+hand_saw,0.8958333333333334
footsteps+glass_breaking+helicopter,0.9375
footsteps+glass_breaking+hen,0.875
footsteps+glass_breaking+insects,0.8125
footsteps+glass_breaking+keyboard_typing,0.7291666666666666
footsteps+glass_breaking+laughing,0.8333333333333334
footsteps+glass_breaking+mouse_click,0.6458333333333334
footsteps+glass_breaking+pig,0.7916666666666666
footsteps+glass_breaking+pouring_water,0.7916666666666666
footsteps+glass_breaking+rain,0.9375
footsteps+glass_breaking+rooster,0.9166666666666666
footsteps+glass_breaking+sea_waves,0.9375
footsteps+glass_breaking+sheep,0.8958333333333334
footsteps+glass_breaking+siren,0.9583333333333334
footsteps+glass_breaking+sneezing,0.7916666666666666
footsteps+glass_breaking+snoring,0.8125
footsteps+glass_breaking+thunderstorm,0.8958333333333334
footsteps+glass_breaking+toilet_flush,0.9166666666666666
footsteps+glass_breaking+train,0.9791666666666666
footsteps+glass_breaking+vacuum_cleaner,0.9375
footsteps+glass_breaking+washing_machine,0.8958333333333334
footsteps+glass_breaking+water_drops,0.7708333333333334
footsteps+glass_breaking+wind,0.9791666666666666
footsteps+hand_saw+helicopter,0.9166666666666666
footsteps+hand_saw+hen,0.8125
footsteps+hand_saw+insects,0.7916666666666666
footsteps+hand_saw+keyboard_typing,0.7291666666666666
footsteps+hand_saw+laughing,0.7291666666666666
footsteps+hand_saw+mouse_click,0.7916666666666666
footsteps+hand_saw+pig,0.7083333333333334
footsteps+hand_saw+pouring_water,0.7708333333333334
footsteps+hand_saw+rain,0.875
footsteps+hand_saw+rooster,0.8958333333333334
footsteps+hand_saw+sea_waves,0.8541666666666666
footsteps+hand_saw+sheep,0.8333333333333334
footsteps+hand_saw+siren,0.9166666666666666
footsteps+hand_saw+sneezing,0.8958333333333334
footsteps+hand_saw+snoring,0.7916666666666666
footsteps+hand_saw+thunderstorm,0.9166666666666666
footsteps+hand_saw+toilet_flush,0.7708333333333334
footsteps+hand_saw+train,0.9583333333333334
footsteps+hand_saw+vacuum_cleaner,0.875
footsteps+hand_saw+washing_machine,0.875
footsteps+hand_saw+water_drops,0.8541666666666666
footsteps+hand_saw+wind,0.9583333333333334
footsteps+helicopter+hen,0.7916666666666666
footsteps+helicopter+insects,0.7083333333333334
footsteps+helicopter+keyboard_typing,0.7708333333333334
footsteps+helicopter+laughing,0.7916666666666666
footsteps+helicopter+mouse_click,0.75
footsteps+helicopter+pig,0.8333333333333334
footsteps+helicopter+pouring_water,0.7916666666666666
footsteps+helicopter+rain,0.8125
footsteps+helicopter+rooster,0.9166666666666666
footsteps+helicopter+sea_waves,0.8541666666666666
footsteps+helicopter+sheep,0.875
footsteps+helicopter+siren,0.875
footsteps+helicopter+sneezing,0.9166666666666666
footsteps+helicopter+snoring,0.7916666666666666
footsteps+helicopter+thunderstorm,0.75
footsteps+helicopter+toilet_flush,0.8958333333333334
footsteps+helicopter+train,0.8125
footsteps+helicopter+vacuum_cleaner,0.8958333333333334
footsteps+helicopter+washing_machine,0.6666666666666666
footsteps+helicopter+water_drops,0.8541666666666666
footsteps+helicopter+wind,0.6875
footsteps+hen+insects,0.6875
footsteps+hen+keyboard_typing,0.6041666666666666
footsteps+hen+laughing,0.5416666666666666
footsteps+hen+mouse_click,0.7291666666666666
footsteps+hen+pig,0.6666666666666666
footsteps+hen+pouring_water,0.6458333333333334
footsteps+hen+rain,0.7708333333333334
footsteps+hen+rooster,0.7708333333333334
footsteps+hen+sea_waves,0.8125
footsteps+hen+sheep,0.7083333333333334
footsteps+hen+siren,0.8125
footsteps+hen+sneezing,0.8125
footsteps+hen+snoring,0.7083333333333334
footsteps+hen+thunderstorm,0.7916666666666666
footsteps+hen+toilet_flush,0.8125
footsteps+hen+train,0.8541666666666666
footsteps+hen+vacuum_cleaner,0.8541666666666666
footsteps+hen+washing_machine,0.7916666666666666
footsteps+hen+water_drops,0.7708333333333334
footsteps+hen+wind,0.875
footsteps+insects+keyboard_typing,0.625
footsteps+insects+laughing,0.6666666666666666
footsteps+insects+mouse_click,0.625
footsteps+insects+pig,0.6458333333333334
footsteps+insects+pouring_water,0.6666666666666666
footsteps+insects+rain,0.6666666666666666
footsteps+insects+rooster,0.7916666666666666
footsteps+insects+sea_waves,0.7708333333333334
footsteps+insects+sheep,0.7708333333333334
footsteps+insects+siren,0.8125
footsteps+insects+sneezing,0.7916666666666666
footsteps+insects+snoring,0.6875
footsteps+insects+thunderstorm,0.75
footsteps+insects+toilet_flush,0.8125
footsteps+insects+train,0.7708333333333334
footsteps+insects+vacuum_cleaner,0.7708333333333334
footsteps+insects+washing_machine,0.6041666666666666
footsteps+insects+water_drops,0.7291666666666666
footsteps+insects+wind,0.7708333333333334
footsteps+keyboard_typing+laughing,0.4791666666666667
footsteps+keyboard_typing+mouse_click,0.6666666666666666
footsteps+keyboard_typing+pig,0.625
footsteps+keyboard_typing+pouring_water,0.5208333333333334
footsteps+keyboard_typing+rain,0.75
footsteps+keyboard_typing+rooster,0.6875
footsteps+keyboard_typing+sea_waves,0.75
footsteps+keyboard_typing+sheep,0.6458333333333334
footsteps+keyboard_typing+siren,0.75
footsteps+keyboard_typing+sneezing,0.7083333333333334
footsteps+keyboard_typing+snoring,0.6041666666666666
footsteps+keyboard_typing+thunderstorm,0.7291666666666666
footsteps+keyboard_typing+toilet_flush,0.7083333333333334
footsteps+keyboard_typing+train,0.7916666666666666
footsteps+keyboard_typing+vacuum_cleaner,0.7708333333333334
footsteps+keyboard_typing+washing_machine,0.7291666666666666
footsteps+keyboard_typing+water_drops,0.6666666666666666
footsteps+keyboard_typing+wind,0.7916666666666666
footsteps+laughing+mouse_click,0.7083333333333334
footsteps+laughing+pig,0.7083333333333334
footsteps+laughing+pouring_water,0.5833333333333334
footsteps+laughing+rain,0.75
footsteps+laughing+rooster,0.625
footsteps+laughing+sea_waves,0.7291666666666666
footsteps+laughing+sheep,0.6041666666666666
footsteps+laughing+siren,0.7083333333333334
footsteps+laughing+sneezing,0.7708333333333334
footsteps+laughing+snoring,0.6458333333333334
footsteps+laughing+thunderstorm,0.75
footsteps+laughing+toilet_flush,0.7291666666666666
footsteps+laughing+train,0.7916666666666666
footsteps+laughing+vacuum_cleaner,0.7916666666666666
footsteps+laughing+washing_machine,0.7708333333333334
footsteps+laughing+water_drops,0.7083333333333334
footsteps+laughing+wind,0.8333333333333334
footsteps+mouse_click+pig,0.6875
footsteps+mouse_click+pouring_water,0.625
footsteps+mouse_click+rain,0.7708333333333334
footsteps+mouse_click+rooster,0.8125
footsteps+mouse_click+sea_waves,0.7916666666666666
footsteps+mouse_click+sheep,0.75
footsteps+mouse_click+siren,0.7916666666666666
footsteps+mouse_click+sneezing,0.6875
footsteps+mouse_click+snoring,0.6458333333333334
footsteps+mouse_click+thunderstorm,0.75
footsteps+mouse_click+toilet_flush,0.7708333333333334
footsteps+mouse_click+train,0.8333333333333334
footsteps+mouse_click+vacuum_cleaner,0.8125
footsteps+mouse_click+washing_machine,0.7708333333333334
footsteps+mouse_click+water_drops,0.5833333333333334
footsteps+mouse_click+wind,0.8333333333333334
footsteps+pig+pouring_water,0.6458333333333334
footsteps+pig+rain,0.7708333333333334
footsteps+pig+rooster,0.8125
footsteps+pig+sea_waves,0.7916666666666666
footsteps+pig+sheep,0.6875
footsteps+pig+siren,0.7916666666666666
footsteps+pig+sneezing,0.7916666666666666
footsteps+pig+snoring,0.6458333333333334
footsteps+pig+thunderstorm,0.7708333333333334
footsteps+pig+toilet_flush,0.8125
footsteps+pig+train,0.8333333333333334
footsteps+pig+vacuum_cleaner,0.7916666666666666
footsteps+pig+washing_machine,0.75
footsteps+pig+water_drops,0.7291666666666666
footsteps+pig+wind,0.8541666666666666
footsteps+pouring_water+rain,0.7916666666666666
footsteps+pouring_water+rooster,0.7083333333333334
footsteps+pouring_water+sea_waves,0.7916666666666666
footsteps+pouring_water+sheep,0.6666666666666666
footsteps+pouring_water+siren,0.7708333333333334
footsteps+pouring_water+sneezing,0.7708333333333334
footsteps+pouring_water+snoring,0.6666666666666666
footsteps+pouring_water+thunderstorm,0.75
footsteps+pouring_water+toilet_flush,0.75
footsteps+pouring_water+train,0.8333333333333334
footsteps+pouring_water+vacuum_cleaner,0.8125
footsteps+pouring_water+washing_machine,0.75
footsteps+pouring_water+water_drops,0.6458333333333334
footsteps+pouring_water+wind,0.8333333333333334
footsteps+rain+rooster,0.9166666666666666
footsteps+rain+sea_waves,0.7708333333333334
footsteps+rain+sheep,0.7916666666666666
footsteps+rain+siren,0.8541666666666666
footsteps+rain+sneezing,0.9166666666666666
footsteps+rain+snoring,0.7708333333333334
footsteps+rain+thunderstorm,0.8333333333333334
footsteps+rain+toilet_flush,0.8333333333333334
footsteps+rain+train,0.7708333333333334
footsteps+rain+vacuum_cleaner,0.7916666666666666
footsteps+rain+washing_machine,0.6666666666666666
footsteps+rain+water_drops,0.8541666666666666
footsteps+rain+wind,0.75
footsteps+rooster+sea_waves,0.9166666666666666
footsteps+rooster+sheep,0.875
footsteps+rooster+siren,0.9166666666666666
footsteps+rooster+sneezing,0.8125
footsteps+rooster+snoring,0.7916666666666666
footsteps+rooster+thunderstorm,0.875
footsteps+rooster+toilet_flush,0.8958333333333334
footsteps+rooster+train,0.9583333333333334
footsteps+rooster+vacuum_cleaner,0.9375
footsteps+rooster+washing_machine,0.8958333333333334
footsteps+rooster+water_drops,0.8333333333333334
footsteps+rooster+wind,0.9583333333333334
footsteps+sea_waves+sheep,0.8541666666666666
footsteps+sea_waves+siren,0.8958333333333334
footsteps+sea_waves+sneezing,0.9166666666666666
footsteps+sea_waves+snoring,0.7916666666666666
footsteps+sea_waves+thunderstorm,0.875
footsteps+sea_waves+toilet_flush,0.8958333333333334
footsteps+sea_waves+train,0.9166666666666666
footsteps+sea_waves+vacuum_cleaner,0.7916666666666666
footsteps+sea_waves+washing_machine,0.8125
footsteps+sea_waves+water_drops,0.8541666666666666
footsteps+sea_waves+wind,0.9375
footsteps+sheep+siren,0.8333333333333334
footsteps+sheep+sneezing,0.8125
footsteps+sheep+snoring,0.75
footsteps+sheep+thunderstorm,0.7708333333333334
footsteps+sheep+toilet_flush,0.875
footsteps+sheep+train,0.875
footsteps+sheep+vacuum_cleaner,0.8541666666666666
footsteps+sheep+washing_machine,0.8333333333333334
footsteps+sheep+water_drops,0.8125
footsteps+sheep+wind,0.9166666666666666
footsteps+siren+sneezing,0.9375
footsteps+siren+snoring,0.8125
footsteps+siren+thunderstorm,0.875
footsteps+siren+toilet_flush,0.9166666666666666
footsteps+siren+train,0.8541666666666666
footsteps+siren+vacuum_cleaner,0.9375
footsteps+siren+washing_machine,0.8958333333333334
footsteps+siren+water_drops,0.8541666666666666
footsteps+siren+wind,0.9583333333333334
footsteps+sneezing+snoring,0.7916666666666666
footsteps+sneezing+thunderstorm,0.875
footsteps+sneezing+toilet_flush,0.8958333333333334
footsteps+sneezing+train,0.9583333333333334
footsteps+sneezing+vacuum_cleaner,0.9375
footsteps+sneezing+washing_machine,0.875
footsteps+sneezing+water_drops,0.75
footsteps+sneezing+wind,0.9583333333333334
footsteps+snoring+thunderstorm,0.7708333333333334
footsteps+snoring+toilet_flush,0.7708333333333334
footsteps+snoring+train,0.8333333333333334
footsteps+snoring+vacuum_cleaner,0.8125
footsteps+snoring+washing_machine,0.6875
footsteps+snoring+water_drops,0.6875
footsteps+snoring+wind,0.8333333333333334
footsteps+thunderstorm+toilet_flush,0.875
footsteps+thunderstorm+train,0.875
footsteps+thunderstorm+vacuum_cleaner,0.8958333333333334
footsteps+thunderstorm+washing_machine,0.7291666666666666
footsteps+thunderstorm+water_drops,0.8125
footsteps+thunderstorm+wind,0.8958333333333334
footsteps+toilet_flush+train,0.9375
footsteps+toilet_flush+vacuum_cleaner,0.8125
footsteps+toilet_flush+washing_machine,0.8333333333333334
footsteps+toilet_flush+water_drops,0.8333333333333334
footsteps+toilet_flush+wind,0.9375
footsteps+train+vacuum_cleaner,0.9583333333333334
footsteps+train+washing_machine,0.8125
footsteps+train+water_drops,0.8958333333333334
footsteps+train+wind,0.8333333333333334
footsteps+vacuum_cleaner+washing_machine,0.875
footsteps+vacuum_cleaner+water_drops,0.875
footsteps+vacuum_cleaner+wind,0.875
footsteps+washing_machine+water_drops,0.8125
footsteps+washing_machine+wind,0.7291666666666666
footsteps+water_drops+wind,0.8958333333333334
frog+glass_breaking+hand_saw,0.875
frog+glass_breaking+helicopter,0.9791666666666666
frog+glass_breaking+hen,0.8958333333333334
frog+glass_breaking+insects,0.8125
frog+glass_breaking+keyboard_typing,0.7291666666666666
frog+glass_breaking+laughing,0.8333333333333334
frog+glass_breaking+mouse_click,0.6458333333333334
frog+glass_breaking+pig,0.8541666666666666
frog+glass_breaking+pouring_water,0.875
frog+glass_breaking+rain,0.9583333333333334
frog+glass_breaking+rooster,0.9375
frog+glass_breaking+sea_waves,0.9375
frog+glass_breaking+sheep,0.7916666666666666
frog+glass_breaking+siren,0.9583333333333334
frog+glass_breaking+sneezing,0.8125
frog+glass_breaking+snoring,0.8958333333333334
frog+glass_breaking+thunderstorm,0.8958333333333334
frog+glass_breaking+toilet_flush,0.9375
frog+glass_breaking+train,0.9791666666666666
frog+glass_breaking+vacuum_cleaner,0.9375
frog+glass_breaking+washing_machine,0.9166666666666666
frog+glass_breaking+water_drops,0.7083333333333334
frog+glass_breaking+wind,0.9791666666666666
frog+hand_saw+helicopter,0.9166666666666666
frog+hand_saw+hen,0.8541666666666666
frog+hand_saw+insects,0.8125
frog+hand_saw+keyboard_typing,0.75
frog+hand_saw+laughing,0.7708333333333334
frog+hand_saw+mouse_click,0.8333333333333334
frog+hand_saw+pig,0.7083333333333334
frog+hand_saw+pouring_water,0.7916666666666666
frog+hand_saw+rain,0.8541666666666666
frog+hand_saw+rooster,0.875
frog+hand_saw+sea_waves,0.7916666666666666
frog+hand_saw+sheep,0.7291666666666666
frog+hand_saw+siren,0.8541666666666666
frog+hand_saw+sneezing,0.8958333333333334
frog+hand_saw+snoring,0.8958333333333334
frog+hand_saw+thunderstorm,0.8958333333333334
frog+hand_saw+toilet_flush,0.7291666666666666
frog+hand_saw+train,0.9166666666666666
frog+hand_saw+vacuum_cleaner,0.8333333333333334
frog+hand_saw+washing_machine,0.8541666666666666
frog+hand_saw+water_drops,0.8333333333333334
frog+hand_saw+wind,0.9166666666666666
frog+helicopter+hen,0.8541666666666666
frog+helicopter+insects,0.7708333333333334
frog+helicopter+keyboard_typing,0.7916666666666666
frog+helicopter+laughing,0.8333333333333334
frog+helicopter+mouse_click,0.7291666666666666
frog+helicopter+pig,0.875
frog+helicopter+pouring_water,0.9583333333333334
frog+helicopter+rain,0.8333333333333334
frog+helicopter+rooster,0.9583333333333334
frog+helicopter+sea_waves,0.8958333333333334
frog+helicopter+sheep,0.7916666666666666
frog+helicopter+siren,0.8958333333333334
frog+helicopter+sneezing,0.9791666666666666
frog+helicopter+snoring,0.8958333333333334
frog+helicopter+thunderstorm,0.75
frog+helicopter+toilet_flush,0.9791666666666666
frog+helicopter+train,0.8125
frog+helicopter+vacuum_cleaner,0.9375
frog+helicopter+washing_machine,0.6875
frog+helicopter+water_drops,0.8333333333333334
frog+helicopter+wind,0.6875
frog+hen+insects,0.7083333333333334
frog+hen+keyboard_typing,0.6666666666666666
frog+hen+laughing,0.6041666666666666
frog+hen+mouse_click,0.7916666666666666
frog+hen+pig,0.6666666666666666
frog+hen+pouring_water,0.7291666666666666
frog+hen+rain,0.7916666666666666
frog+hen+rooster,0.8333333333333334
frog+hen+sea_waves,0.8125
frog+hen+sheep,0.6666666666666666
frog+hen+siren,0.7916666666666666
frog+hen+sneezing,0.8333333333333334
frog+hen+snoring,0.875
frog+hen+thunderstorm,0.8541666666666666
frog+hen+toilet_flush,0.8125
frog+hen+train,0.8541666666666666
frog+hen+vacuum_cleaner,0.8541666666666666
frog+hen+washing_machine,0.8125
frog+hen+water_drops,0.7916666666666666
frog+hen+wind,0.8958333333333334
frog+insects+keyboard_typing,0.6666666666666666
frog+insects+laughing,0.7083333333333334
frog+insects+mouse_click,0.6458333333333334
frog+insects+pig,0.6875
frog+insects+pouring_water,0.7916666666666666
frog+insects+rain,0.6666666666666666
frog+insects+rooster,0.8333333333333334
frog+insects+sea_waves,0.75
frog+insects+sheep,0.7291666666666666
frog+insects+siren,0.8333333333333334
frog+insects+sneezing,0.8125
frog+insects+snoring,0.7916666666666666
frog+insects+thunderstorm,0.8125
frog+insects+toilet_flush,0.8333333333333334
frog+insects+train,0.7708333333333334
frog+insects+vacuum_cleaner,0.7916666666666666
frog+insects+washing_machine,0.625
frog+insects+water_drops,0.7291666666666666
frog+insects+wind,0.7708333333333334
frog+keyboard_typing+laughing,0.5208333333333334
frog+keyboard_typing+mouse_click,0.6666666666666666
frog+keyboard_typing+pig,0.6666666666666666
frog+keyboard_typing+pouring_water,0.625
frog+keyboard_typing+rain,0.75
frog+keyboard_typing+rooster,0.7291666666666666
frog+keyboard_typing+sea_waves,0.75
frog+keyboard_typing+sheep,0.625
frog+keyboard_typing+siren,0.7291666666666666
frog+keyboard_typing+sneezing,0.7083333333333334
frog+keyboard_typing+snoring,0.6666666666666666
frog+keyboard_typing+thunderstorm,0.7708333333333334
frog+keyboard_typing+toilet_flush,0.75
frog+keyboard_typing+train,0.7708333333333334
frog+keyboard_typing+vacuum_cleaner,0.7708333333333334
frog+keyboard_typing+washing_machine,0.7291666666666666
frog+keyboard_typing+water_drops,0.7083333333333334
frog+keyboard_typing+wind,0.7708333333333334
frog+laughing+mouse_click,0.7083333333333334
frog+laughing+pig,0.7291666666666666
frog+laughing+pouring_water,0.6875
frog+laughing+rain,0.7916666666666666
frog+laughing+rooster,0.6458333333333334
frog+laughing+sea_waves,0.7708333333333334
frog+laughing+sheep,0.5833333333333334
frog+laughing+siren,0.75
frog+laughing+sneezing,0.75
frog+laughing+snoring,0.7916666666666666
frog+laughing+thunderstorm,0.8333333333333334
frog+laughing+toilet_flush,0.7708333333333334
frog+laughing+train,0.8125
frog+laughing+vacuum_cleaner,0.8125
frog+laughing+washing_machine,0.7916666666666666
frog+laughing+water_drops,0.75
frog+laughing+wind,0.8541666666666666
frog+mouse_click+pig,0.7291666666666666
frog+mouse_click+pouring_water,0.7083333333333334
frog+mouse_click+rain,0.75
frog+mouse_click+rooster,0.8333333333333334
frog+mouse_click+sea_waves,0.7916666666666666
frog+mouse_click+sheep,0.7291666666666666
frog+mouse_click+siren,0.7916666666666666
frog+mouse_click+sneezing,0.7083333333333334
frog+mouse_click+snoring,0.7083333333333334
frog+mouse_click+thunderstorm,0.7708333333333334
frog+mouse_click+toilet_flush,0.8125
frog+mouse_click+train,0.8125
frog+mouse_click+vacuum_cleaner,0.8125
frog+mouse_click+washing_machine,0.7916666666666666
frog+mouse_click+water_drops,0.5625
frog+mouse_click+wind,0.8125
frog+pig+pouring_water,0.75
frog+pig+rain,0.8541666666666666
frog+pig+rooster,0.8541666666666666
frog+pig+sea_waves,0.8541666666666666
frog+pig+sheep,0.5833333333333334
frog+pig+siren,0.8333333333333334
frog+pig+sneezing,0.8541666666666666
frog+pig+snoring,0.7291666666666666
frog+pig+thunderstorm,0.8125
frog+pig+toilet_flush,0.8958333333333334
frog+pig+train,0.8958333333333334
frog+pig+vacuum_cleaner,0.8541666666666666
frog+pig+washing_machine,0.7708333333333334
frog+pig+water_drops,0.75
frog+pig+wind,0.9166666666666666
frog+pouring_water+rain,0.9375
frog+pouring_water+rooster,0.75
frog+pouring_water+sea_waves,0.9166666666666666
frog+pouring_water+sheep,0.625
frog+pouring_water+siren,0.9166666666666666
frog+pouring_water+sneezing,0.875
frog+pouring_water+snoring,0.8541666666666666
frog+pouring_water+thunderstorm,0.875
frog+pouring_water+toilet_flush,0.8541666666666666
frog+pouring_water+train,0.9583333333333334
frog+pouring_water+vacuum_cleaner,0.9375
frog+pouring_water+washing_machine,0.875
frog+pouring_water+water_drops,0.7083333333333334
frog+pouring_water+wind,0.9583333333333334
frog+rain+rooster,0.9583333333333334
frog+rain+sea_waves,0.7916666666666666
frog+rain+sheep,0.6875
frog+rain+siren,0.8541666666666666
frog+rain+sneezing,0.9583333333333334
frog+rain+snoring,0.8125
frog+rain+thunderstorm,0.8125
frog+rain+toilet_flush,0.875
frog+rain+train,0.7708333333333334
frog+rain+vacuum_cleaner,0.8125
frog+rain+washing_machine,0.6875
frog+rain+water_drops,0.7916666666666666
frog+rain+wind,0.75
frog+rooster+sea_waves,0.9375
frog+rooster+sheep,0.7916666666666666
frog+rooster+siren,0.9583333333333334
frog+rooster+sneezing,0.875
frog+rooster+snoring,0.8958333333333334
frog+rooster+thunderstorm,0.8958333333333334
frog+rooster+toilet_flush,0.9375
frog+rooster+train,0.9791666666666666
frog+rooster+vacuum_cleaner,0.9583333333333334
frog+rooster+washing_machine,0.9166666666666666
frog+rooster+water_drops,0.8125
frog+rooster+wind,0.9791666666666666
frog+sea_waves+sheep,0.7291666666666666
frog+sea_waves+siren,0.875
frog+sea_waves+sneezing,0.9375
frog+sea_waves+snoring,0.8541666666666666
frog+sea_waves+thunderstorm,0.8333333333333334
frog+sea_waves+toilet_flush,0.9166666666666666
frog+sea_waves+train,0.8958333333333334
frog+sea_waves+vacuum_cleaner,0.7708333333333334
frog+sea_waves+washing_machine,0.7916666666666666
frog+sea_waves+water_drops,0.7916666666666666
frog+sea_waves+wind,0.9166666666666666
frog+sheep+siren,0.7083333333333334
frog+sheep+sneezing,0.7291666666666666
frog+sheep+snoring,0.75
frog+sheep+thunderstorm,0.7083333333333334
frog+sheep+toilet_flush,0.75
frog+sheep+train,0.7291666666666666
frog+sheep+vacuum_cleaner,0.75
frog+sheep+washing_machine,0.7291666666666666
frog+sheep+water_drops,0.75
frog+sheep+wind,0.7916666666666666
frog+siren+sneezing,0.9583333333333334
frog+siren+snoring,0.8333333333333334
frog+siren+thunderstorm,0.8333333333333334
frog+siren+toilet_flush,0.9166666666666666
frog+siren+train,0.8333333333333334
frog+siren+vacuum_cleaner,0.9375
frog+siren+washing_machine,0.8958333333333334
frog+siren+water_drops,0.8125
frog+siren+wind,0.9375
frog+sneezing+snoring,0.8958333333333334
frog+sneezing+thunderstorm,0.8958333333333334
frog+sneezing+toilet_flush,0.9375
frog+sneezing+train,0.9791666666666666
frog+sneezing+vacuum_cleaner,0.9583333333333334
frog+sneezing+washing_machine,0.9166666666666666
frog+sneezing+water_drops,0.7083333333333334
frog+sneezing+wind,0.9791666666666666
frog+snoring+thunderstorm,0.8333333333333334
frog+snoring+toilet_flush,0.8541666666666666
frog+snoring+train,0.875
frog+snoring+vacuum_cleaner,0.8541666666666666
frog+snoring+washing_machine,0.7708333333333334
frog+snoring+water_drops,0.75
frog+snoring+wind,0.875
frog+thunderstorm+toilet_flush,0.8958333333333334
frog+thunderstorm+train,0.8541666666666666
frog+thunderstorm+vacuum_cleaner,0.875
frog+thunderstorm+washing_machine,0.7291666666666666
frog+thunderstorm+water_drops,0.7916666666666666
frog+thunderstorm+wind,0.875
frog+toilet_flush+train,0.9791666666666666
frog+toilet_flush+vacuum_cleaner,0.8541666666666666
frog+toilet_flush+washing_machine,0.8541666666666666
frog+toilet_flush+water_drops,0.8125
frog+toilet_flush+wind,0.9791666666666666
frog+train+vacuum_cleaner,0.9375
frog+train+washing_machine,0.7916666666666666
frog+train+water_drops,0.8333333333333334
frog+train+wind,0.8333333333333334
frog+vacuum_cleaner+washing_machine,0.8333333333333334
frog+vacuum_cleaner+water_drops,0.8125
frog+vacuum_cleaner+wind,0.875
frog+washing_machine+water_drops,0.7916666666666666
frog+washing_machine+wind,0.7291666666666666
frog+water_drops+wind,0.8125
glass_breaking+hand_saw+helicopter,0.9583333333333334
glass_breaking+hand_saw+hen,0.9166666666666666
glass_breaking+hand_saw+insects,0.8541666666666666
glass_breaking+hand_saw+keyboard_typing,0.8541666666666666
glass_breaking+hand_saw+laughing,0.875
glass_breaking+hand_saw+mouse_click,0.7916666666666666
glass_breaking+hand_saw+pig,0.7083333333333334
glass_breaking+hand_saw+pouring_water,0.7708333333333334
glass_breaking+hand_saw+rain,0.8958333333333334
glass_breaking+hand_saw+rooster,0.9166666666666666
glass_breaking+hand_saw+sea_waves,0.875
glass_breaking+hand_saw+sheep,0.8958333333333334
glass_breaking+hand_saw+siren,0.9166666666666666
glass_breaking+hand_saw+sneezing,0.7916666666666666
glass_breaking+hand_saw+snoring,0.9583333333333334
glass_breaking+hand_saw+thunderstorm,0.9583333333333334
glass_breaking+hand_saw+toilet_flush,0.7708333333333334
glass_breaking+hand_saw+train,0.9583333333333334
glass_breaking+hand_saw+vacuum_cleaner,0.8541666666666666
glass_breaking+hand_saw+washing_machine,0.8958333333333334
glass_breaking+hand_saw+water_drops,0.8125
glass_breaking+hand_saw+wind,0.9583333333333334
glass_breaking+helicopter+hen,0.9583333333333334
glass_breaking+helicopter+insects,0.8125
glass_breaking+helicopter+keyboard_typing,0.9166666666666666
glass_breaking+helicopter+laughing,0.9583333333333334
glass_breaking+helicopter+mouse_click,0.7083333333333334
glass_breaking+helicopter+pig,0.8958333333333334
glass_breaking+helicopter+pouring_water,0.9166666666666666
glass_breaking+helicopter+rain,0.8541666666666666
glass_breaking+helicopter+rooster,0.9375
glass_breaking+helicopter+sea_waves,0.9166666666666666
glass_breaking+helicopter+sheep,0.9791666666666666
glass_breaking+helicopter+siren,0.9375
glass_breaking+helicopter+sneezing,0.8333333333333334
glass_breaking+helicopter+snoring,1.0
glass_breaking+helicopter+thunderstorm,0.8541666666666666
glass_breaking+helicopter+toilet_flush,0.9583333333333334
glass_breaking+helicopter+train,0.8333333333333334
glass_breaking+helicopter+vacuum_cleaner,0.9375
glass_breaking+helicopter+washing_machine,0.7291666666666666
glass_breaking+helicopter+water_drops,0.8541666666666666
glass_breaking+helicopter+wind,0.7083333333333334
glass_breaking+hen+insects,0.7916666666666666
glass_breaking+hen+keyboard_typing,0.8333333333333334
glass_breaking+hen+laughing,0.7291666666666666
glass_breaking+hen+mouse_click,0.7708333333333334
glass_breaking+hen+pig,0.7708333333333334
glass_breaking+hen+pouring_water,0.8125
glass_breaking+hen+rain,0.8958333333333334
glass_breaking+hen+rooster,0.9166666666666666
glass_breaking+hen+sea_waves,0.9375
glass_breaking+hen+sheep,0.8333333333333334
glass_breaking+hen+siren,0.9166666666666666
glass_breaking+hen+sneezing,0.8125
glass_breaking+hen+snoring,0.9791666666666666
glass_breaking+hen+thunderstorm,0.9583333333333334
glass_breaking+hen+toilet_flush,0.9166666666666666
glass_breaking+hen+train,0.9583333333333334
glass_breaking+hen+vacuum_cleaner,0.9583333333333334
glass_breaking+hen+washing_machine,0.9166666666666666
glass_breaking+hen+water_drops,0.8541666666666666
glass_breaking+hen+wind,1.0
glass_breaking+insects+keyboard_typing,0.7916666666666666
glass_breaking+insects+laughing,0.8125
glass_breaking+insects+mouse_click,0.6458333333333334
glass_breaking+insects+pig,0.7291666666666666
glass_breaking+insects+pouring_water,0.8333333333333334
glass_breaking+insects+rain,0.7083333333333334
glass_breaking+insects+rooster,0.8958333333333334
glass_breaking+insects+sea_waves,0.8333333333333334
glass_breaking+insects+sheep,0.8958333333333334
glass_breaking+insects+siren,0.8958333333333334
glass_breaking+insects+sneezing,0.7708333333333334
glass_breaking+insects+snoring,0.875
glass_breaking+insects+thunderstorm,0.8541666666666666
glass_breaking+insects+toilet_flush,0.8958333333333334
glass_breaking+insects+train,0.8125
glass_breaking+insects+vacuum_cleaner,0.8541666666666666
glass_breaking+insects+washing_machine,0.6875
glass_breaking+insects+water_drops,0.7291666666666666
glass_breaking+insects+wind,0.8125
glass_breaking+keyboard_typing+laughing,0.7083333333333334
glass_breaking+keyboard_typing+mouse_click,0.6458333333333334
glass_breaking+keyboard_typing+pig,0.75
glass_breaking+keyboard_typing+pouring_water,0.7291666666666666
glass_breaking+keyboard_typing+rain,0.875
glass_breaking+keyboard_typing+rooster,0.8541666666666666
glass_breaking+keyboard_typing+sea_waves,0.9166666666666666
glass_breaking+keyboard_typing+sheep,0.8541666666666666
glass_breaking+keyboard_typing+siren,0.8541666666666666
glass_breaking+keyboard_typing+sneezing,0.7291666666666666
glass_breaking+keyboard_typing+snoring,0.7916666666666666
glass_breaking+keyboard_typing+thunderstorm,0.8958333333333334
glass_breaking+keyboard_typing+toilet_flush,0.8541666666666666
glass_breaking+keyboard_typing+train,0.8958333333333334
glass_breaking+keyboard_typing+vacuum_cleaner,0.8958333333333334
glass_breaking+keyboard_typing+washing_machine,0.875
glass_breaking+keyboard_typing+water_drops,0.75
glass_breaking+keyboard_typing+wind,0.8958333333333334
glass_breaking+laughing+mouse_click,0.75
glass_breaking+laughing+pig,0.8541666666666666
glass_breaking+laughing+pouring_water,0.75
glass_breaking+laughing+rain,0.9166666666666666
glass_breaking+laughing+rooster,0.7291666666666666
glass_breaking+laughing+sea_waves,0.875
glass_breaking+laughing+sheep,0.7708333333333334
glass_breaking+laughing+siren,0.8541666666666666
glass_breaking+laughing+sneezing,0.7708333333333334
glass_breaking+laughing+snoring,0.9375
glass_breaking+laughing+thunderstorm,0.9583333333333334
glass_breaking+laughing+toilet_flush,0.875
glass_breaking+laughing+train,0.9375
glass_breaking+laughing+vacuum_cleaner,0.9166666666666666
glass_breaking+laughing+washing_machine,0.9166666666666666
glass_breaking+laughing+water_drops,0.8333333333333334
glass_breaking+laughing+wind,0.9791666666666666
glass_breaking+mouse_click+pig,0.7083333333333334
glass_breaking+mouse_click+pouring_water,0.7083333333333334
glass_breaking+mouse_click+rain,0.7291666666666666
glass_breaking+mouse_click+rooster,0.7708333333333334
glass_breaking+mouse_click+sea_waves,0.8125
glass_breaking+mouse_click+sheep,0.7916666666666666
glass_breaking+mouse_click+siren,0.7916666666666666
glass_breaking+mouse_click+sneezing,0.6666666666666666
glass_breaking+mouse_click+snoring,0.6875
glass_breaking+mouse_click+thunderstorm,0.75
glass_breaking+mouse_click+toilet_flush,0.7708333333333334
glass_breaking+mouse_click+train,0.7916666666666666
glass_breaking+mouse_click+vacuum_cleaner,0.7916666666666666
glass_breaking+mouse_click+washing_machine,0.7916666666666666
glass_breaking+mouse_click+water_drops,0.5208333333333334
glass_breaking+mouse_click+wind,0.7916666666666666
glass_breaking+pig+pouring_water,0.75
glass_breaking+pig+rain,0.8541666666666666
glass_breaking+pig+rooster,0.8541666666666666
glass_breaking+pig+sea_waves,0.8541666666666666
glass_breaking+pig+sheep,0.7291666666666666
glass_breaking+pig+siren,0.8541666666666666
glass_breaking+pig+sneezing,0.7291666666666666
glass_breaking+pig+snoring,0.8125
glass_breaking+pig+thunderstorm,0.8541666666666666
glass_breaking+pig+toilet_flush,0.875
glass_breaking+pig+train,0.875
glass_breaking+pig+vacuum_cleaner,0.8333333333333334
glass_breaking+pig+washing_machine,0.7916666666666666
glass_breaking+pig+water_drops,0.7916666666666666
glass_breaking+pig+wind,0.9166666666666666
glass_breaking+pouring_water+rain,0.8958333333333334
glass_breaking+pouring_water+rooster,0.7708333333333334
glass_breaking+pouring_water+sea_waves,0.9166666666666666
glass_breaking+pouring_water+sheep,0.8125
glass_breaking+pouring_water+siren,0.8541666666666666
glass_breaking+pouring_water+sneezing,0.75
glass_breaking+pouring_water+snoring,0.875
glass_breaking+pouring_water+thunderstorm,0.9166666666666666
glass_breaking+pouring_water+toilet_flush,0.7916666666666666
glass_breaking+pouring_water+train,0.9166666666666666
glass_breaking+pouring_water+vacuum_cleaner,0.8958333333333334
glass_breaking+pouring_water+washing_machine,0.8958333333333334
glass_breaking+pouring_water+water_drops,0.7291666666666666
glass_breaking+pouring_water+wind,0.9166666666666666
glass_breaking+rain+rooster,0.9375
glass_breaking+rain+sea_waves,0.8125
glass_breaking+rain+sheep,0.875
glass_breaking+rain+siren,0.8958333333333334
glass_breaking+rain+sneezing,0.8125
glass_breaking+rain+snoring,0.9166666666666666
glass_breaking+rain+thunderstorm,0.9166666666666666
glass_breaking+rain+toilet_flush,0.875
glass_breaking+rain+train,0.7708333333333334
glass_breaking+rain+vacuum_cleaner,0.8125
glass_breaking+rain+washing_machine,0.7291666666666666
glass_breaking+rain+water_drops,0.8125
glass_breaking+rain+wind,0.75
glass_breaking+rooster+sea_waves,0.9583333333333334
glass_breaking+rooster+sheep,0.9583333333333334
glass_breaking+rooster+siren,0.9375
glass_breaking+rooster+sneezing,0.75
glass_breaking+rooster+snoring,0.9583333333333334
glass_breaking+rooster+thunderstorm,0.9583333333333334
glass_breaking+rooster+toilet_flush,0.9166666666666666
glass_breaking+rooster+train,0.9583333333333334
glass_breaking+rooster+vacuum_cleaner,0.9375
glass_breaking+rooster+washing_machine,0.9583333333333334
glass_breaking+rooster+water_drops,0.8333333333333334
glass_breaking+rooster+wind,0.9583333333333334
glass_breaking+sea_waves+sheep,0.9375
glass_breaking+sea_waves+siren,0.9375
glass_breaking+sea_waves+sneezing,0.8333333333333334
glass_breaking+sea_waves+snoring,0.9791666666666666
glass_breaking+sea_waves+thunderstorm,0.9583333333333334
glass_breaking+sea_waves+toilet_flush,0.9166666666666666
glass_breaking+sea_waves+train,0.9375
glass_breaking+sea_waves+vacuum_cleaner,0.8125
glass_breaking+sea_waves+washing_machine,0.8541666666666666
glass_breaking+sea_waves+water_drops,0.875
glass_breaking+sea_waves+wind,0.9583333333333334
glass_breaking+sheep+siren,0.8958333333333334
glass_breaking+sheep+sneezing,0.8125
glass_breaking+sheep+snoring,0.9583333333333334
glass_breaking+sheep+thunderstorm,0.875
glass_breaking+sheep+toilet_flush,0.9166666666666666
glass_breaking+sheep+train,0.9166666666666666
glass_breaking+sheep+vacuum_cleaner,0.9375
glass_breaking+sheep+washing_machine,0.9166666666666666
glass_breaking+sheep+water_drops,0.8541666666666666
glass_breaking+sheep+wind,0.9791666666666666
glass_breaking+siren+sneezing,0.8333333333333334
glass_breaking+siren+snoring,0.9583333333333334
glass_breaking+siren+thunderstorm,0.9583333333333334
glass_breaking+siren+toilet_flush,0.9375
glass_breaking+siren+train,0.875
glass_breaking+siren+vacuum_cleaner,0.9583333333333334
glass_breaking+siren+washing_machine,0.9583333333333334
glass_breaking+siren+water_drops,0.8333333333333334
glass_breaking+siren+wind,0.9791666666666666
glass_breaking+sneezing+snoring,0.8333333333333334
glass_breaking+sneezing+thunderstorm,0.8333333333333334
glass_breaking+sneezing+toilet_flush,0.7916666666666666
glass_breaking+sneezing+train,0.8333333333333334
glass_breaking+sneezing+vacuum_cleaner,0.8125
glass_breaking+sneezing+washing_machine,0.8333333333333334
glass_breaking+sneezing+water_drops,0.6875
glass_breaking+sneezing+wind,0.8333333333333334
glass_breaking+snoring+thunderstorm,0.9375
glass_breaking+snoring+toilet_flush,0.9375
glass_breaking+snoring+train,0.9791666666666666
glass_breaking+snoring+vacuum_cleaner,0.9583333333333334
glass_breaking+snoring+washing_machine,0.875
glass_breaking+snoring+water_drops,0.7916666666666666
glass_breaking+snoring+wind,0.9791666666666666
glass_breaking+thunderstorm+toilet_flush,0.9583333333333334
glass_breaking+thunderstorm+train,0.9583333333333334
glass_breaking+thunderstorm+vacuum_cleaner,0.9791666666666666
glass_breaking+thunderstorm+washing_machine,0.8333333333333334
glass_breaking+thunderstorm+water_drops,0.8125
glass_breaking+thunderstorm+wind,0.9791666666666666
glass_breaking+toilet_flush+train,0.9583333333333334
glass_breaking+toilet_flush+vacuum_cleaner,0.8125
glass_breaking+toilet_flush+washing_machine,0.875
glass_breaking+toilet_flush+water_drops,0.8333333333333334
glass_breaking+toilet_flush+wind,0.9583333333333334
glass_breaking+train+vacuum_cleaner,0.9583333333333334
glass_breaking+train+washing_machine,0.8333333333333334
glass_breaking+train+water_drops,0.8541666666666666
glass_breaking+train+wind,0.8333333333333334
glass_breaking+vacuum_cleaner+washing_machine,0.9166666666666666
glass_breaking+vacuum_cleaner+water_drops,0.8541666666666666
glass_breaking+vacuum_cleaner+wind,0.875
glass_breaking+washing_machine+water_drops,0.8333333333333334
glass_breaking+washing_machine+wind,0.7708333333333334
glass_breaking+water_drops+wind,0.8333333333333334
hand_saw+helicopter+hen,0.9166666666666666
hand_saw+helicopter+insects,0.8333333333333334
hand_saw+helicopter+keyboard_typing,0.9583333333333334
hand_saw+helicopter+laughing,0.875
hand_saw+helicopter+mouse_click,0.8958333333333334
hand_saw+helicopter+pig,0.7708333333333334
hand_saw+helicopter+pouring_water,0.875
hand_saw+helicopter+rain,0.8333333333333334
hand_saw+helicopter+rooster,0.9375
hand_saw+helicopter+sea_waves,0.8333333333333334
hand_saw+helicopter+sheep,0.9166666666666666
hand_saw+helicopter+siren,0.8958333333333334
hand_saw+helicopter+sneezing,0.9791666666666666
hand_saw+helicopter+snoring,1.0
hand_saw+helicopter+thunderstorm,0.8541666666666666
hand_saw+helicopter+toilet_flush,0.8125
hand_saw+helicopter+train,0.8333333333333334
hand_saw+helicopter+vacuum_cleaner,0.8958333333333334
hand_saw+helicopter+washing_machine,0.7083333333333334
hand_saw+helicopter+water_drops,0.9791666666666666
hand_saw+helicopter+wind,0.7083333333333334
hand_saw+hen+insects,0.7916666666666666
hand_saw+hen+keyboard_typing,0.7708333333333334
hand_saw+hen+laughing,0.6666666666666666
hand_saw+hen+mouse_click,0.9166666666666666
hand_saw+hen+pig,0.625
hand_saw+hen+pouring_water,0.7291666666666666
hand_saw+hen+rain,0.8333333333333334
hand_saw+hen+rooster,0.8541666666666666
hand_saw+hen+sea_waves,0.8333333333333334
hand_saw+hen+sheep,0.75
hand_saw+hen+siren,0.875
hand_saw+hen+sneezing,0.875
hand_saw+hen+snoring,0.9375
hand_saw+hen+thunderstorm,0.9166666666666666
hand_saw+hen+toilet_flush,0.7291666666666666
hand_saw+hen+train,0.9166666666666666
hand_saw+hen+vacuum_cleaner,0.875
hand_saw+hen+washing_machine,0.875
hand_saw+hen+water_drops,0.8958333333333334
hand_saw+hen+wind,0.9583333333333334
hand_saw+insects+keyboard_typing,0.8125
hand_saw+insects+laughing,0.7708333333333334
hand_saw+insects+mouse_click,0.7916666666666666
hand_saw+insects+pig,0.6458333333333334
hand_saw+insects+pouring_water,0.7916666666666666
hand_saw+insects+rain,0.6875
hand_saw+insects+rooster,0.875
hand_saw+insects+sea_waves,0.7916666666666666
hand_saw+insects+sheep,0.8541666666666666
hand_saw+insects+siren,0.875
hand_saw+insects+sneezing,0.875
hand_saw+insects+snoring,0.875
hand_saw+insects+thunderstorm,0.8541666666666666
hand_saw+insects+toilet_flush,0.75
hand_saw+insects+train,0.8541666666666666
hand_saw+insects+vacuum_cleaner,0.8125
hand_saw+insects+washing_machine,0.7291666666666666
hand_saw+insects+water_drops,0.8333333333333334
hand_saw+insects+wind,0.8541666666666666
hand_saw+keyboard_typing+laughing,0.6041666666666666
hand_saw+keyboard_typing+mouse_click,0.8541666666666666
hand_saw+keyboard_typing+pig,0.6875
hand_saw+keyboard_typing+pouring_water,0.6666666666666666
hand_saw+keyboard_typing+rain,0.8958333333333334
hand_saw+keyboard_typing+rooster,0.8541666666666666
hand_saw+keyboard_typing+sea_waves,0.875
hand_saw+keyboard_typing+sheep,0.8125
hand_saw+keyboard_typing+siren,0.8958333333333334
hand_saw+keyboard_typing+sneezing,0.8541666666666666
hand_saw+keyboard_typing+snoring,0.8541666666666666
hand_saw+keyboard_typing+thunderstorm,0.9583333333333334
hand_saw+keyboard_typing+toilet_flush,0.75
hand_saw+keyboard_typing+train,0.9583333333333334
hand_saw+keyboard_typing+vacuum_cleaner,0.875
hand_saw+keyboard_typing+washing_machine,0.875
hand_saw+keyboard_typing+water_drops,0.8541666666666666
hand_saw+keyboard_typing+wind,0.9583333333333334
hand_saw+laughing+mouse_click,0.8541666666666666
hand_saw+laughing+pig,0.6458333333333334
hand_saw+laughing+pouring_water,0.6458333333333334
hand_saw+laughing+rain,0.8125
hand_saw+laughing+rooster,0.6666666666666666
hand_saw+laughing+sea_waves,0.75
hand_saw+laughing+sheep,0.6666666666666666
hand_saw+laughing+siren,0.7708333333333334
hand_saw+laughing+sneezing,0.8125
hand_saw+laughing+snoring,0.8541666666666666
hand_saw+laughing+thunderstorm,0.8958333333333334
hand_saw+laughing+toilet_flush,0.6666666666666666
hand_saw+laughing+train,0.8541666666666666
hand_saw+laughing+vacuum_cleaner,0.8125
hand_saw+laughing+washing_machine,0.8333333333333334
hand_saw+laughing+water_drops,0.8333333333333334
hand_saw+laughing+wind,0.8958333333333334
hand_saw+mouse_click+pig,0.75
hand_saw+mouse_click+pouring_water,0.7916666666666666
hand_saw+mouse_click+rain,0.875
hand_saw+mouse_click+rooster,0.9583333333333334
hand_saw+mouse_click+sea_waves,0.9166666666666666
hand_saw+mouse_click+sheep,0.9166666666666666
hand_saw+mouse_click+siren,0.9375
hand_saw+mouse_click+sneezing,0.8541666666666666
hand_saw+mouse_click+snoring,0.875
hand_saw+mouse_click+thunderstorm,0.9375
hand_saw+mouse_click+toilet_flush,0.8125
hand_saw+mouse_click+train,0.9791666666666666
hand_saw+mouse_click+vacuum_cleaner,0.9166666666666666
hand_saw+mouse_click+washing_machine,0.9375
hand_saw+mouse_click+water_drops,0.7291666666666666
hand_saw+mouse_click+wind,0.9791666666666666
hand_saw+pig+pouring_water,0.625
hand_saw+pig+rain,0.7083333333333334
hand_saw+pig+rooster,0.7083333333333334
hand_saw+pig+sea_waves,0.6875
hand_saw+pig+sheep,0.5833333333333334
hand_saw+pig+siren,0.7291666666666666
hand_saw+pig+sneezing,0.7291666666666666
hand_saw+pig+snoring,0.6875
hand_saw+pig+thunderstorm,0.7916666666666666
hand_saw+pig+toilet_flush,0.6458333333333334
hand_saw+pig+train,0.7916666666666666
hand_saw+pig+vacuum_cleaner,0.7083333333333334
hand_saw+pig+washing_machine,0.7083333333333334
hand_saw+pig+water_drops,0.7291666666666666
hand_saw+pig+wind,0.8125
hand_saw+pouring_water+rain,0.8125
hand_saw+pouring_water+rooster,0.7083333333333334
hand_saw+pouring_water+sea_waves,0.7916666666666666
hand_saw+pouring_water+sheep,0.7083333333333334
hand_saw+pouring_water+siren,0.8125
hand_saw+pouring_water+sneezing,0.8125
hand_saw+pouring_water+snoring,0.875
hand_saw+pouring_water+thunderstorm,0.875
hand_saw+pouring_water+toilet_flush,0.6458333333333334
hand_saw+pouring_water+train,0.875
hand_saw+pouring_water+vacuum_cleaner,0.7916666666666666
hand_saw+pouring_water+washing_machine,0.8125
hand_saw+pouring_water+water_drops,0.7708333333333334
hand_saw+pouring_water+wind,0.875
hand_saw+rain+rooster,0.8958333333333334
hand_saw+rain+sea_waves,0.7291666666666666
hand_saw+rain+sheep,0.8125
hand_saw+rain+siren,0.8333333333333334
hand_saw+rain+sneezing,0.9166666666666666
hand_saw+rain+snoring,0.875
hand_saw+rain+thunderstorm,0.875
hand_saw+rain+toilet_flush,0.7291666666666666
hand_saw+rain+train,0.75
hand_saw+rain+vacuum_cleaner,0.7708333333333334
hand_saw+rain+washing_machine,0.6875
hand_saw+rain+water_drops,0.8958333333333334
hand_saw+rain+wind,0.7291666666666666
hand_saw+rooster+sea_waves,0.875
hand_saw+rooster+sheep,0.8958333333333334
hand_saw+rooster+siren,0.8958333333333334
hand_saw+rooster+sneezing,0.8541666666666666
hand_saw+rooster+snoring,0.9583333333333334
hand_saw+rooster+thunderstorm,0.9583333333333334
hand_saw+rooster+toilet_flush,0.7708333333333334
hand_saw+rooster+train,0.9583333333333334
hand_saw+rooster+vacuum_cleaner,0.875
hand_saw+rooster+washing_machine,0.8958333333333334
hand_saw+rooster+water_drops,0.9166666666666666
hand_saw+rooster+wind,0.9583333333333334
hand_saw+sea_waves+sheep,0.7916666666666666
hand_saw+sea_waves+siren,0.8541666666666666
hand_saw+sea_waves+sneezing,0.8958333333333334
hand_saw+sea_waves+snoring,0.8958333333333334
hand_saw+sea_waves+thunderstorm,0.875
hand_saw+sea_waves+toilet_flush,0.7083333333333334
hand_saw+sea_waves+train,0.8541666666666666
hand_saw+sea_waves+vacuum_cleaner,0.75
hand_saw+sea_waves+washing_machine,0.7708333333333334
hand_saw+sea_waves+water_drops,0.8958333333333334
hand_saw+sea_waves+wind,0.875
hand_saw+sheep+siren,0.8333333333333334
hand_saw+sheep+sneezing,0.8541666666666666
hand_saw+sheep+snoring,0.8958333333333334
hand_saw+sheep+thunderstorm,0.8125
hand_saw+sheep+toilet_flush,0.7083333333333334
hand_saw+sheep+train,0.8541666666666666
hand_saw+sheep+vacuum_cleaner,0.8333333333333334
hand_saw+sheep+washing_machine,0.8541666666666666
hand_saw+sheep+water_drops,0.9166666666666666
hand_saw+sheep+wind,0.9166666666666666
hand_saw+siren+sneezing,0.9375
hand_saw+siren+snoring,0.9375
hand_saw+siren+thunderstorm,0.9583333333333334
hand_saw+siren+toilet_flush,0.7708333333333334
hand_saw+siren+train,0.8541666666666666
hand_saw+siren+vacuum_cleaner,0.875
hand_saw+siren+washing_machine,0.8958333333333334
hand_saw+siren+water_drops,0.9166666666666666
hand_saw+siren+wind,0.9375
hand_saw+sneezing+snoring,0.9791666666666666
hand_saw+sneezing+thunderstorm,0.9791666666666666
hand_saw+sneezing+toilet_flush,0.7916666666666666
hand_saw+sneezing+train,0.9791666666666666
hand_saw+sneezing+vacuum_cleaner,0.8958333333333334
hand_saw+sneezing+washing_machine,0.9166666666666666
hand_saw+sneezing+water_drops,0.8333333333333334
hand_saw+sneezing+wind,0.9791666666666666
hand_saw+snoring+thunderstorm,0.9375
hand_saw+snoring+toilet_flush,0.7916666666666666
hand_saw+snoring+train,0.9791666666666666
hand_saw+snoring+vacuum_cleaner,0.9166666666666666
hand_saw+snoring+washing_machine,0.875
hand_saw+snoring+water_drops,0.8958333333333334
hand_saw+snoring+wind,0.9791666666666666
hand_saw+thunderstorm+toilet_flush,0.8125
hand_saw+thunderstorm+train,0.9583333333333334
hand_saw+thunderstorm+vacuum_cleaner,0.9166666666666666
hand_saw+thunderstorm+washing_machine,0.8333333333333334
hand_saw+thunderstorm+water_drops,0.9375
hand_saw+thunderstorm+wind,0.9791666666666666
hand_saw+toilet_flush+train,0.8125
hand_saw+toilet_flush+vacuum_cleaner,0.6666666666666666
hand_saw+toilet_flush+washing_machine,0.7291666666666666
hand_saw+toilet_flush+water_drops,0.7916666666666666
hand_saw+toilet_flush+wind,0.8125
hand_saw+train+vacuum_cleaner,0.8958333333333334
hand_saw+train+washing_machine,0.8333333333333334
hand_saw+train+water_drops,0.9791666666666666
hand_saw+train+wind,0.8333333333333334
hand_saw+vacuum_cleaner+washing_machine,0.8333333333333334
hand_saw+vacuum_cleaner+water_drops,0.8958333333333334
hand_saw+vacuum_cleaner+wind,0.8333333333333334
hand_saw+washing_machine+water_drops,0.9166666666666666
hand_saw+washing_machine+wind,0.75
hand_saw+water_drops+wind,0.9583333333333334
helicopter+hen+insects,0.6875
helicopter+hen+keyboard_typing,0.7916666666666666
helicopter+hen+laughing,0.6875
helicopter+hen+mouse_click,0.8333333333333334
helicopter+hen+pig,0.75
helicopter+hen+pouring_water,0.7916666666666666
helicopter+hen+rain,0.7708333333333334
helicopter+hen+rooster,0.8958333333333334
helicopter+hen+sea_waves,0.8541666666666666
helicopter+hen+sheep,0.7916666666666666
helicopter+hen+siren,0.8125
helicopter+hen+sneezing,0.8958333333333334
helicopter+hen+snoring,0.9375
helicopter+hen+thunderstorm,0.7916666666666666
helicopter+hen+toilet_flush,0.875
helicopter+hen+train,0.7708333333333334
helicopter+hen+vacuum_cleaner,0.8958333333333334
helicopter+hen+washing_machine,0.6666666666666666
helicopter+hen+water_drops,0.8958333333333334
helicopter+hen+wind,0.6666666666666666
helicopter+insects+keyboard_typing,0.75
helicopter+insects+laughing,0.7708333333333334
helicopter+insects+mouse_click,0.6458333333333334
helicopter+insects+pig,0.6875
helicopter+insects+pouring_water,0.7916666666666666
helicopter+insects+rain,0.6041666666666666
helicopter+insects+rooster,0.8125
helicopter+insects+sea_waves,0.7291666666666666
helicopter+insects+sheep,0.8125
helicopter+insects+siren,0.7916666666666666
helicopter+insects+sneezing,0.8125
helicopter+insects+snoring,0.7916666666666666
helicopter+insects+thunderstorm,0.7083333333333334
helicopter+insects+toilet_flush,0.8333333333333334
helicopter+insects+train,0.6666666666666666
helicopter+insects+vacuum_cleaner,0.8125
helicopter+insects+washing_machine,0.5416666666666666
helicopter+insects+water_drops,0.7708333333333334
helicopter+insects+wind,0.5833333333333334
helicopter+keyboard_typing+laughing,0.7083333333333334
helicopter+keyboard_typing+mouse_click,0.7916666666666666
helicopter+keyboard_typing+pig,0.8333333333333334
helicopter+keyboard_typing+pouring_water,0.7916666666666666
helicopter+keyboard_typing+rain,0.8333333333333334
helicopter+keyboard_typing+rooster,0.8958333333333334
helicopter+keyboard_typing+sea_waves,0.9166666666666666
helicopter+keyboard_typing+sheep,0.875
helicopter+keyboard_typing+siren,0.875
helicopter+keyboard_typing+sneezing,0.8958333333333334
helicopter+keyboard_typing+snoring,0.875
helicopter+keyboard_typing+thunderstorm,0.8333333333333334
helicopter+keyboard_typing+toilet_flush,0.9375
helicopter+keyboard_typing+train,0.8125
helicopter+keyboard_typing+vacuum_cleaner,0.9583333333333334
helicopter+keyboard_typing+washing_machine,0.7083333333333334
helicopter+keyboard_typing+water_drops,0.8958333333333334
helicopter+keyboard_typing+wind,0.6875
helicopter+laughing+mouse_click,0.8541666666666666
helicopter+laughing+pig,0.875
helicopter+laughing+pouring_water,0.7916666666666666
helicopter+laughing+rain,0.8125
helicopter+laughing+rooster,0.75
helicopter+laughing+sea_waves,0.8333333333333334
helicopter+laughing+sheep,0.75
helicopter+laughing+siren,0.7916666666666666
helicopter+laughing+sneezing,0.875
helicopter+laughing+snoring,0.9375
helicopter+laughing+thunderstorm,0.8125
helicopter+laughing+toilet_flush,0.875
helicopter+laughing+train,0.7708333333333334
helicopter+laughing+vacuum_cleaner,0.9166666666666666
helicopter+laughing+washing_machine,0.6875
helicopter+laughing+water_drops,0.9166666666666666
helicopter+laughing+wind,0.6875
helicopter+mouse_click+pig,0.8125
helicopter+mouse_click+pouring_water,0.7916666666666666
helicopter+mouse_click+rain,0.7083333333333334
helicopter+mouse_click+rooster,0.8958333333333334
helicopter+mouse_click+sea_waves,0.8125
helicopter+mouse_click+sheep,0.8541666666666666
helicopter+mouse_click+siren,0.8125
helicopter+mouse_click+sneezing,0.7708333333333334
helicopter+mouse_click+snoring,0.7916666666666666
helicopter+mouse_click+thunderstorm,0.75
helicopter+mouse_click+toilet_flush,0.875
helicopter+mouse_click+train,0.7291666666666666
helicopter+mouse_click+vacuum_cleaner,0.8541666666666666
helicopter+mouse_click+washing_machine,0.625
helicopter+mouse_click+water_drops,0.6458333333333334
helicopter+mouse_click+wind,0.6458333333333334
helicopter+pig+pouring_water,0.7916666666666666
helicopter+pig+rain,0.7916666666666666
helicopter+pig+rooster,0.8958333333333334
helicopter+pig+sea_waves,0.8333333333333334
helicopter+pig+sheep,0.75
helicopter+pig+siren,0.8333333333333334
helicopter+pig+sneezing,0.9166666666666666
helicopter+pig+snoring,0.8333333333333334
helicopter+pig+thunderstorm,0.75
helicopter+pig+toilet_flush,0.9166666666666666
helicopter+pig+train,0.7291666666666666
helicopter+pig+vacuum_cleaner,0.875
helicopter+pig+washing_machine,0.625
helicopter+pig+water_drops,0.8958333333333334
helicopter+pig+wind,0.6458333333333334
helicopter+pouring_water+rain,0.8541666666666666
helicopter+pouring_water+rooster,0.7708333333333334
helicopter+pouring_water+sea_waves,0.9166666666666666
helicopter+pouring_water+sheep,0.8125
helicopter+pouring_water+siren,0.875
helicopter+pouring_water+sneezing,0.9166666666666666
helicopter+pouring_water+snoring,0.9583333333333334
helicopter+pouring_water+thunderstorm,0.8541666666666666
helicopter+pouring_water+toilet_flush,0.875
helicopter+pouring_water+train,0.8333333333333334
helicopter+pouring_water+vacuum_cleaner,0.9583333333333334
helicopter+pouring_water+washing_machine,0.7083333333333334
helicopter+pouring_water+water_drops,0.875
helicopter+pouring_water+wind,0.7083333333333334
helicopter+rain+rooster,0.8333333333333334
helicopter+rain+sea_waves,0.7291666666666666
helicopter+rain+sheep,0.7916666666666666
helicopter+rain+siren,0.7708333333333334
helicopter+rain+sneezing,0.8541666666666666
helicopter+rain+snoring,0.8125
helicopter+rain+thunderstorm,0.7083333333333334
helicopter+rain+toilet_flush,0.8125
helicopter+rain+train,0.625
helicopter+rain+vacuum_cleaner,0.7708333333333334
helicopter+rain+washing_machine,0.5416666666666666
helicopter+rain+water_drops,0.8125
helicopter+rain+wind,0.5208333333333334
helicopter+rooster+sea_waves,0.8958333333333334
helicopter+rooster+sheep,0.9583333333333334
helicopter+rooster+siren,0.8958333333333334
helicopter+rooster+sneezing,0.875
helicopter+rooster+snoring,0.9791666666666666
helicopter+rooster+thunderstorm,0.8333333333333334
helicopter+rooster+toilet_flush,0.9375
helicopter+rooster+train,0.8125
helicopter+rooster+vacuum_cleaner,0.9375
helicopter+rooster+washing_machine,0.7083333333333334
helicopter+rooster+water_drops,0.9375
helicopter+rooster+wind,0.6875
helicopter+sea_waves+sheep,0.875
helicopter+sea_waves+siren,0.8125
helicopter+sea_waves+sneezing,0.9166666666666666
helicopter+sea_waves+snoring,0.9166666666666666
helicopter+sea_waves+thunderstorm,0.7708333333333334
helicopter+sea_waves+toilet_flush,0.8958333333333334
helicopter+sea_waves+train,0.7291666666666666
helicopter+sea_waves+vacuum_cleaner,0.75
helicopter+sea_waves+washing_machine,0.6041666666666666
helicopter+sea_waves+water_drops,0.8958333333333334
helicopter+sea_waves+wind,0.625
helicopter+sheep+siren,0.8333333333333334
helicopter+sheep+sneezing,0.9166666666666666
helicopter+sheep+snoring,0.9375
helicopter+sheep+thunderstorm,0.75
helicopter+sheep+toilet_flush,0.9375
helicopter+sheep+train,0.75
helicopter+sheep+vacuum_cleaner,0.9375
helicopter+sheep+washing_machine,0.6875
helicopter+sheep+water_drops,0.9583333333333334
helicopter+sheep+wind,0.6875
helicopter+siren+sneezing,0.9375
helicopter+siren+snoring,0.8958333333333334
helicopter+siren+thunderstorm,0.75
helicopter+siren+toilet_flush,0.8958333333333334
helicopter+siren+train,0.7083333333333334
helicopter+siren+vacuum_cleaner,0.8958333333333334
helicopter+siren+washing_machine,0.6666666666666666
helicopter+siren+water_drops,0.8958333333333334
helicopter+siren+wind,0.6458333333333334
helicopter+sneezing+snoring,1.0
helicopter+sneezing+thunderstorm,0.8541666666666666
helicopter+sneezing+toilet_flush,0.9583333333333334
helicopter+sneezing+train,0.8333333333333334
helicopter+sneezing+vacuum_cleaner,0.9583333333333334
helicopter+sneezing+washing_machine,0.7291666666666666
helicopter+sneezing+water_drops,0.8541666666666666
helicopter+sneezing+wind,0.7083333333333334
helicopter+snoring+thunderstorm,0.7916666666666666
helicopter+snoring+toilet_flush,0.9583333333333334
helicopter+snoring+train,0.8125
helicopter+snoring+vacuum_cleaner,0.9375
helicopter+snoring+washing_machine,0.6458333333333334
helicopter+snoring+water_drops,0.8958333333333334
helicopter+snoring+wind,0.6875
helicopter+thunderstorm+toilet_flush,0.8541666666666666
helicopter+thunderstorm+train,0.6875
helicopter+thunderstorm+vacuum_cleaner,0.8125
helicopter+thunderstorm+washing_machine,0.5833333333333334
helicopter+thunderstorm+water_drops,0.7916666666666666
helicopter+thunderstorm+wind,0.6666666666666666
helicopter+toilet_flush+train,0.8333333333333334
helicopter+toilet_flush+vacuum_cleaner,0.8541666666666666
helicopter+toilet_flush+washing_machine,0.6875
helicopter+toilet_flush+water_drops,0.9583333333333334
helicopter+toilet_flush+wind,0.7083333333333334
helicopter+train+vacuum_cleaner,0.7916666666666666
helicopter+train+washing_machine,0.5416666666666666
helicopter+train+water_drops,0.8125
helicopter+train+wind,0.5208333333333334
helicopter+vacuum_cleaner+washing_machine,0.6458333333333334
helicopter+vacuum_cleaner+water_drops,0.9375
helicopter+vacuum_cleaner+wind,0.6041666666666666
helicopter+washing_machine+water_drops,0.7083333333333334
helicopter+washing_machine+wind,0.4375
helicopter+water_drops+wind,0.6666666666666666
hen+insects+keyboard_typing,0.625
hen+insects+laughing,0.5416666666666666
hen+insects+mouse_click,0.6875
hen+insects+pig,0.625
hen+insects+pouring_water,0.6458333333333334
hen+insects+rain,0.5833333333333334
hen+insects+rooster,0.75
hen+insects+sea_waves,0.75
hen+insects+sheep,0.6666666666666666
hen+insects+siren,0.75
hen+insects+sneezing,0.7291666666666666
hen+insects+snoring,0.75
hen+insects+thunderstorm,0.7291666666666666
hen+insects+toilet_flush,0.75
hen+insects+train,0.7291666666666666
hen+insects+vacuum_cleaner,0.75
hen+insects+washing_machine,0.625
hen+insects+water_drops,0.7083333333333334
hen+insects+wind,0.75
hen+keyboard_typing+laughing,0.4375
hen+keyboard_typing+mouse_click,0.75
hen+keyboard_typing+pig,0.6041666666666666
hen+keyboard_typing+pouring_water,0.625
hen+keyboard_typing+rain,0.7291666666666666
hen+keyboard_typing+rooster,0.75
hen+keyboard_typing+sea_waves,0.7708333333333334
hen+keyboard_typing+sheep,0.6458333333333334
hen+keyboard_typing+siren,0.75
hen+keyboard_typing+sneezing,0.7708333333333334
hen+keyboard_typing+snoring,0.7291666666666666
hen+keyboard_typing+thunderstorm,0.7916666666666666
hen+keyboard_typing+toilet_flush,0.75
hen+keyboard_typing+train,0.7916666666666666
hen+keyboard_typing+vacuum_cleaner,0.8125
hen+keyboard_typing+washing_machine,0.75
hen+keyboard_typing+water_drops,0.7708333333333334
hen+keyboard_typing+wind,0.8333333333333334
hen+laughing+mouse_click,0.6666666666666666
hen+laughing+pig,0.5416666666666666
hen+laughing+pouring_water,0.5
hen+laughing+rain,0.625
hen+laughing+rooster,0.5208333333333334
hen+laughing+sea_waves,0.6458333333333334
hen+laughing+sheep,0.4791666666666667
hen+laughing+siren,0.625
hen+laughing+sneezing,0.6666666666666666
hen+laughing+snoring,0.6666666666666666
hen+laughing+thunderstorm,0.6875
hen+laughing+toilet_flush,0.6041666666666666
hen+laughing+train,0.6666666666666666
hen+laughing+vacuum_cleaner,0.6875
hen+laughing+washing_machine,0.6458333333333334
hen+laughing+water_drops,0.6666666666666666
hen+laughing+wind,0.7291666666666666
hen+mouse_click+pig,0.7916666666666666
hen+mouse_click+pouring_water,0.75
hen+mouse_click+rain,0.8125
hen+mouse_click+rooster,0.8958333333333334
hen+mouse_click+sea_waves,0.8958333333333334
hen+mouse_click+sheep,0.7916666666666666
hen+mouse_click+siren,0.875
hen+mouse_click+sneezing,0.8125
hen+mouse_click+snoring,0.8333333333333334
hen+mouse_click+thunderstorm,0.875
hen+mouse_click+toilet_flush,0.875
hen+mouse_click+train,0.9166666666666666
hen+mouse_click+vacuum_cleaner,0.9375
hen+mouse_click+washing_machine,0.8958333333333334
hen+mouse_click+water_drops,0.6875
hen+mouse_click+wind,0.9375
hen+pig+pouring_water,0.5416666666666666
hen+pig+rain,0.7083333333333334
hen+pig+rooster,0.7291666666666666
hen+pig+sea_waves,0.7083333333333334
hen+pig+sheep,0.5625
hen+pig+siren,0.7083333333333334
hen+pig+sneezing,0.7291666666666666
hen+pig+snoring,0.6875
hen+pig+thunderstorm,0.7291666666666666
hen+pig+toilet_flush,0.75
hen+pig+train,0.75
hen+pig+vacuum_cleaner,0.7291666666666666
hen+pig+washing_machine,0.6666666666666666
hen+pig+water_drops,0.7708333333333334
hen+pig+wind,0.7916666666666666
hen+pouring_water+rain,0.7291666666666666
hen+pouring_water+rooster,0.7083333333333334
hen+pouring_water+sea_waves,0.7708333333333334
hen+pouring_water+sheep,0.6666666666666666
hen+pouring_water+siren,0.7291666666666666
hen+pouring_water+sneezing,0.7291666666666666
hen+pouring_water+snoring,0.7916666666666666
hen+pouring_water+thunderstorm,0.7916666666666666
hen+pouring_water+toilet_flush,0.7083333333333334
hen+pouring_water+train,0.7916666666666666
hen+pouring_water+vacuum_cleaner,0.8125
hen+pouring_water+washing_machine,0.7291666666666666
hen+pouring_water+water_drops,0.7291666666666666
hen+pouring_water+wind,0.8333333333333334
hen+rain+rooster,0.8333333333333334
hen+rain+sea_waves,0.75
hen+rain+sheep,0.7291666666666666
hen+rain+siren,0.7708333333333334
hen+rain+sneezing,0.8333333333333334
hen+rain+snoring,0.8125
hen+rain+thunderstorm,0.8333333333333334
hen+rain+toilet_flush,0.7916666666666666
hen+rain+train,0.7291666666666666
hen+rain+vacuum_cleaner,0.75
hen+rain+washing_machine,0.6458333333333334
hen+rain+water_drops,0.8125
hen+rain+wind,0.7291666666666666
hen+rooster+sea_waves,0.875
hen+rooster+sheep,0.7708333333333334
hen+rooster+siren,0.8333333333333334
hen+rooster+sneezing,0.875
hen+rooster+snoring,0.9166666666666666
hen+rooster+thunderstorm,0.8958333333333334
hen+rooster+toilet_flush,0.8541666666666666
hen+rooster+train,0.8958333333333334
hen+rooster+vacuum_cleaner,0.9166666666666666
hen+rooster+washing_machine,0.8541666666666666
hen+rooster+water_drops,0.8958333333333334
hen+rooster+wind,0.9375
hen+sea_waves+sheep,0.7291666666666666
hen+sea_waves+siren,0.8333333333333334
hen+sea_waves+sneezing,0.875
hen+sea_waves+snoring,0.9166666666666666
hen+sea_waves+thunderstorm,0.8958333333333334
hen+sea_waves+toilet_flush,0.8333333333333334
hen+sea_waves+train,0.875
hen+sea_waves+vacuum_cleaner,0.7708333333333334
hen+sea_waves+washing_machine,0.7916666666666666
hen+sea_waves+water_drops,0.8958333333333334
hen+sea_waves+wind,0.9166666666666666
hen+sheep+siren,0.7291666666666666
hen+sheep+sneezing,0.7708333333333334
hen+sheep+snoring,0.7708333333333334
hen+sheep+thunderstorm,0.8125
hen+sheep+toilet_flush,0.7291666666666666
hen+sheep+train,0.8125
hen+sheep+vacuum_cleaner,0.7708333333333334
hen+sheep+washing_machine,0.75
hen+sheep+water_drops,0.7708333333333334
hen+sheep+wind,0.8333333333333334
hen+siren+sneezing,0.8541666666666666
hen+siren+snoring,0.875
hen+siren+thunderstorm,0.8958333333333334
hen+siren+toilet_flush,0.8333333333333334
hen+siren+train,0.7916666666666666
hen+siren+vacuum_cleaner,0.875
hen+siren+washing_machine,0.8333333333333334
hen+siren+water_drops,0.8333333333333334
hen+siren+wind,0.8958333333333334
hen+sneezing+snoring,0.9166666666666666
hen+sneezing+thunderstorm,0.8958333333333334
hen+sneezing+toilet_flush,0.8541666666666666
hen+sneezing+train,0.8958333333333334
hen+sneezing+vacuum_cleaner,0.9166666666666666
hen+sneezing+washing_machine,0.8541666666666666
hen+sneezing+water_drops,0.7916666666666666
hen+sneezing+wind,0.9375
hen+snoring+thunderstorm,0.875
hen+snoring+toilet_flush,0.875
hen+snoring+train,0.9166666666666666
hen+snoring+vacuum_cleaner,0.9583333333333334
hen+snoring+washing_machine,0.8541666666666666
hen+snoring+water_drops,0.875
hen+snoring+wind,0.9583333333333334
hen+thunderstorm+toilet_flush,0.875
hen+thunderstorm+train,0.9375
hen+thunderstorm+vacuum_cleaner,0.9375
hen+thunderstorm+washing_machine,0.7916666666666666
hen+thunderstorm+water_drops,0.8541666666666666
hen+thunderstorm+wind,0.9583333333333334
hen+toilet_flush+train,0.875
hen+toilet_flush+vacuum_cleaner,0.7916666666666666
hen+toilet_flush+washing_machine,0.8125
hen+toilet_flush+water_drops,0.875
hen+toilet_flush+wind,0.9166666666666666
hen+train+vacuum_cleaner,0.9166666666666666
hen+train+washing_machine,0.7708333333333334
hen+train+water_drops,0.8958333333333334
hen+train+wind,0.7916666666666666
hen+vacuum_cleaner+washing_machine,0.875
hen+vacuum_cleaner+water_drops,0.9375
hen+vacuum_cleaner+wind,0.875
hen+washing_machine+water_drops,0.8958333333333334
hen+washing_machine+wind,0.7291666666666666
hen+water_drops+wind,0.9166666666666666
insects+keyboard_typing+laughing,0.5625
insects+keyboard_typing+mouse_click,0.7083333333333334
insects+keyboard_typing+pig,0.6666666666666666
insects+keyboard_typing+pouring_water,0.6666666666666666
insects+keyboard_typing+rain,0.6458333333333334
insects+keyboard_typing+rooster,0.7916666666666666
insects+keyboard_typing+sea_waves,0.7708333333333334
insects+keyboard_typing+sheep,0.75
insects+keyboard_typing+siren,0.7916666666666666
insects+keyboard_typing+sneezing,0.7916666666666666
insects+keyboard_typing+snoring,0.75
insects+keyboard_typing+thunderstorm,0.7916666666666666
insects+keyboard_typing+toilet_flush,0.8125
insects+keyboard_typing+train,0.75
insects+keyboard_typing+vacuum_cleaner,0.8125
insects+keyboard_typing+washing_machine,0.6041666666666666
insects+keyboard_typing+water_drops,0.7708333333333334
insects+keyboard_typing+wind,0.75
insects+laughing+mouse_click,0.7083333333333334
insects+laughing+pig,0.7083333333333334
insects+laughing+pouring_water,0.6458333333333334
insects+laughing+rain,0.6666666666666666
insects+laughing+rooster,0.6458333333333334
insects+laughing+sea_waves,0.7708333333333334
insects+laughing+sheep,0.625
insects+laughing+siren,0.75
insects+laughing+sneezing,0.75
insects+laughing+snoring,0.7916666666666666
insects+laughing+thunderstorm,0.7916666666666666
insects+laughing+toilet_flush,0.7708333333333334
insects+laughing+train,0.7708333333333334
insects+laughing+vacuum_cleaner,0.7916666666666666
insects+laughing+washing_machine,0.6875
insects+laughing+water_drops,0.75
insects+laughing+wind,0.8125
insects+mouse_click+pig,0.625
insects+mouse_click+pouring_water,0.6875
insects+mouse_click+rain,0.6458333333333334
insects+mouse_click+rooster,0.8333333333333334
insects+mouse_click+sea_waves,0.7291666666666666
insects+mouse_click+sheep,0.7916666666666666
insects+mouse_click+siren,0.7708333333333334
insects+mouse_click+sneezing,0.7083333333333334
insects+mouse_click+snoring,0.7291666666666666
insects+mouse_click+thunderstorm,0.7708333333333334
insects+mouse_click+toilet_flush,0.7916666666666666
insects+mouse_click+train,0.7291666666666666
insects+mouse_click+vacuum_cleaner,0.7708333333333334
insects+mouse_click+washing_machine,0.5833333333333334
insects+mouse_click+water_drops,0.5833333333333334
insects+mouse_click+wind,0.7291666666666666
insects+pig+pouring_water,0.625
insects+pig+rain,0.5833333333333334
insects+pig+rooster,0.75
insects+pig+sea_waves,0.7083333333333334
insects+pig+sheep,0.625
insects+pig+siren,0.7291666666666666
insects+pig+sneezing,0.7291666666666666
insects+pig+snoring,0.6666666666666666
insects+pig+thunderstorm,0.7083333333333334
insects+pig+toilet_flush,0.75
insects+pig+train,0.7083333333333334
insects+pig+vacuum_cleaner,0.7083333333333334
insects+pig+washing_machine,0.6041666666666666
insects+pig+water_drops,0.6875
insects+pig+wind,0.7291666666666666
insects+pouring_water+rain,0.6875
insects+pouring_water+rooster,0.7083333333333334
insects+pouring_water+sea_waves,0.8125
insects+pouring_water+sheep,0.75
insects+pouring_water+siren,0.8541666666666666
insects+pouring_water+sneezing,0.8125
insects+pouring_water+snoring,0.8333333333333334
insects+pouring_water+thunderstorm,0.8333333333333334
insects+pouring_water+toilet_flush,0.8125
insects+pouring_water+train,0.7916666666666666
insects+pouring_water+vacuum_cleaner,0.8541666666666666
insects+pouring_water+washing_machine,0.6458333333333334
insects+pouring_water+water_drops,0.75
insects+pouring_water+wind,0.7916666666666666
insects+rain+rooster,0.7291666666666666
insects+rain+sea_waves,0.5625
insects+rain+sheep,0.6666666666666666
insects+rain+siren,0.6666666666666666
insects+rain+sneezing,0.7083333333333334
insects+rain+snoring,0.6875
insects+rain+thunderstorm,0.75
insects+rain+toilet_flush,0.6875
insects+rain+train,0.6041666666666666
insects+rain+vacuum_cleaner,0.6041666666666666
insects+rain+washing_machine,0.4166666666666667
insects+rain+water_drops,0.6875
insects+rain+wind,0.5833333333333334
insects+rooster+sea_waves,0.8541666666666666
insects+rooster+sheep,0.9166666666666666
insects+rooster+siren,0.8958333333333334
insects+rooster+sneezing,0.8333333333333334
insects+rooster+snoring,0.8958333333333334
insects+rooster+thunderstorm,0.875
insects+rooster+toilet_flush,0.9166666666666666
insects+rooster+train,0.8333333333333334
insects+rooster+vacuum_cleaner,0.8958333333333334
insects+rooster+washing_machine,0.7083333333333334
insects+rooster+water_drops,0.8541666666666666
insects+rooster+wind,0.8333333333333334
insects+sea_waves+sheep,0.7916666666666666
insects+sea_waves+siren,0.8125
insects+sea_waves+sneezing,0.8333333333333334
insects+sea_waves+snoring,0.8125
insects+sea_waves+thunderstorm,0.7916666666666666
insects+sea_waves+toilet_flush,0.8125
insects+sea_waves+train,0.7708333333333334
insects+sea_waves+vacuum_cleaner,0.6875
insects+sea_waves+washing_machine,0.625
insects+sea_waves+water_drops,0.7708333333333334
insects+sea_waves+wind,0.7916666666666666
insects+sheep+siren,0.8333333333333334
insects+sheep+sneezing,0.8333333333333334
insects+sheep+snoring,0.8541666666666666
insects+sheep+thunderstorm,0.75
insects+sheep+toilet_flush,0.8958333333333334
insects+sheep+train,0.75
insects+sheep+vacuum_cleaner,0.8541666666666666
insects+sheep+washing_machine,0.6875
insects+sheep+water_drops,0.8333333333333334
insects+sheep+wind,0.8125
insects+siren+sneezing,0.8958333333333334
insects+siren+snoring,0.8541666666666666
insects+siren+thunderstorm,0.875
insects+siren+toilet_flush,0.8958333333333334
insects+siren+train,0.75
insects+siren+vacuum_cleaner,0.875
insects+siren+washing_machine,0.7083333333333334
insects+siren+water_drops,0.8333333333333334
insects+siren+wind,0.8333333333333334
insects+sneezing+snoring,0.875
insects+sneezing+thunderstorm,0.8541666666666666
insects+sneezing+toilet_flush,0.8958333333333334
insects+sneezing+train,0.8125
insects+sneezing+vacuum_cleaner,0.875
insects+sneezing+washing_machine,0.6875
insects+sneezing+water_drops,0.7291666666666666
insects+sneezing+wind,0.8125
insects+snoring+thunderstorm,0.8125
insects+snoring+toilet_flush,0.875
insects+snoring+train,0.7916666666666666
insects+snoring+vacuum_cleaner,0.8333333333333334
insects+snoring+washing_machine,0.6041666666666666
insects+snoring+water_drops,0.7916666666666666
insects+snoring+wind,0.7916666666666666
insects+thunderstorm+toilet_flush,0.875
insects+thunderstorm+train,0.8125
insects+thunderstorm+vacuum_cleaner,0.8541666666666666
insects+thunderstorm+washing_machine,0.6458333333333334
insects+thunderstorm+water_drops,0.8125
insects+thunderstorm+wind,0.8333333333333334
insects+toilet_flush+train,0.8333333333333334
insects+toilet_flush+vacuum_cleaner,0.7708333333333334
insects+toilet_flush+washing_machine,0.6875
insects+toilet_flush+water_drops,0.8541666666666666
insects+toilet_flush+wind,0.8333333333333334
insects+train+vacuum_cleaner,0.8333333333333334
insects+train+washing_machine,0.6458333333333334
insects+train+water_drops,0.7708333333333334
insects+train+wind,0.7083333333333334
insects+vacuum_cleaner+washing_machine,0.6666666666666666
insects+vacuum_cleaner+water_drops,0.8333333333333334
insects+vacuum_cleaner+wind,0.7708333333333334
insects+washing_machine+water_drops,0.625
insects+washing_machine+wind,0.5833333333333334
insects+water_drops+wind,0.7708333333333334
keyboard_typing+laughing+mouse_click,0.625
keyboard_typing+laughing+pig,0.5416666666666666
keyboard_typing+laughing+pouring_water,0.5833333333333334
keyboard_typing+laughing+rain,0.6458333333333334
keyboard_typing+laughing+rooster,0.5833333333333334
keyboard_typing+laughing+sea_waves,0.625
keyboard_typing+laughing+sheep,0.5
keyboard_typing+laughing+siren,0.5833333333333334
keyboard_typing+laughing+sneezing,0.6458333333333334
keyboard_typing+laughing+snoring,0.6041666666666666
keyboard_typing+laughing+thunderstorm,0.6875
keyboard_typing+laughing+toilet_flush,0.6041666666666666
keyboard_typing+laughing+train,0.6666666666666666
keyboard_typing+laughing+vacuum_cleaner,0.6875
keyboard_typing+laughing+washing_machine,0.6458333333333334
keyboard_typing+laughing+water_drops,0.6666666666666666
keyboard_typing+laughing+wind,0.7083333333333334
keyboard_typing+mouse_click+pig,0.7291666666666666
keyboard_typing+mouse_click+pouring_water,0.6458333333333334
keyboard_typing+mouse_click+rain,0.7916666666666666
keyboard_typing+mouse_click+rooster,0.8125
keyboard_typing+mouse_click+sea_waves,0.875
keyboard_typing+mouse_click+sheep,0.7708333333333334
keyboard_typing+mouse_click+siren,0.8125
keyboard_typing+mouse_click+sneezing,0.7083333333333334
keyboard_typing+mouse_click+snoring,0.7083333333333334
keyboard_typing+mouse_click+thunderstorm,0.8125
keyboard_typing+mouse_click+toilet_flush,0.8125
keyboard_typing+mouse_click+train,0.8541666666666666
keyboard_typing+mouse_click+vacuum_cleaner,0.875
keyboard_typing+mouse_click+washing_machine,0.8541666666666666
keyboard_typing+mouse_click+water_drops,0.625
keyboard_typing+mouse_click+wind,0.8541666666666666
keyboard_typing+pig+pouring_water,0.5625
keyboard_typing+pig+rain,0.7916666666666666
keyboard_typing+pig+rooster,0.75
keyboard_typing+pig+sea_waves,0.7916666666666666
keyboard_typing+pig+sheep,0.6666666666666666
keyboard_typing+pig+siren,0.7916666666666666
keyboard_typing+pig+sneezing,0.7291666666666666
keyboard_typing+pig+snoring,0.7083333333333334
keyboard_typing+pig+thunderstorm,0.8333333333333334
keyboard_typing+pig+toilet_flush,0.8125
keyboard_typing+pig+train,0.8333333333333334
keyboard_typing+pig+vacuum_cleaner,0.7916666666666666
keyboard_typing+pig+washing_machine,0.7291666666666666
keyboard_typing+pig+water_drops,0.75
keyboard_typing+pig+wind,0.8541666666666666
keyboard_typing+pouring_water+rain,0.75
keyboard_typing+pouring_water+rooster,0.6666666666666666
keyboard_typing+pouring_water+sea_waves,0.7916666666666666
keyboard_typing+pouring_water+sheep,0.6458333333333334
keyboard_typing+pouring_water+siren,0.6875
keyboard_typing+pouring_water+sneezing,0.6875
keyboard_typing+pouring_water+snoring,0.6666666666666666
keyboard_typing+pouring_water+thunderstorm,0.7708333333333334
keyboard_typing+pouring_water+toilet_flush,0.7083333333333334
keyboard_typing+pouring_water+train,0.7708333333333334
keyboard_typing+pouring_water+vacuum_cleaner,0.7916666666666666
keyboard_typing+pouring_water+washing_machine,0.75
keyboard_typing+pouring_water+water_drops,0.6458333333333334
keyboard_typing+pouring_water+wind,0.7708333333333334
keyboard_typing+rain+rooster,0.875
keyboard_typing+rain+sea_waves,0.7916666666666666
keyboard_typing+rain+sheep,0.7708333333333334
keyboard_typing+rain+siren,0.8333333333333334
keyboard_typing+rain+sneezing,0.8541666666666666
keyboard_typing+rain+snoring,0.7916666666666666
keyboard_typing+rain+thunderstorm,0.8958333333333334
keyboard_typing+rain+toilet_flush,0.8333333333333334
keyboard_typing+rain+train,0.75
keyboard_typing+rain+vacuum_cleaner,0.8125
keyboard_typing+rain+washing_machine,0.6875
keyboard_typing+rain+water_drops,0.8333333333333334
keyboard_typing+rain+wind,0.7291666666666666
keyboard_typing+rooster+sea_waves,0.9166666666666666
keyboard_typing+rooster+sheep,0.8541666666666666
keyboard_typing+rooster+siren,0.8333333333333334
keyboard_typing+rooster+sneezing,0.7708333333333334
keyboard_typing+rooster+snoring,0.7916666666666666
keyboard_typing+rooster+thunderstorm,0.8958333333333334
keyboard_typing+rooster+toilet_flush,0.8541666666666666
keyboard_typing+rooster+train,0.8958333333333334
keyboard_typing+rooster+vacuum_cleaner,0.9166666666666666
keyboard_typing+rooster+washing_machine,0.875
keyboard_typing+rooster+water_drops,0.8333333333333334
keyboard_typing+rooster+wind,0.8958333333333334
keyboard_typing+sea_waves+sheep,0.8333333333333334
keyboard_typing+sea_waves+siren,0.8958333333333334
keyboard_typing+sea_waves+sneezing,0.8958333333333334
keyboard_typing+sea_waves+snoring,0.8541666666666666
keyboard_typing+sea_waves+thunderstorm,0.9375
keyboard_typing+sea_waves+toilet_flush,0.8958333333333334
keyboard_typing+sea_waves+train,0.9166666666666666
keyboard_typing+sea_waves+vacuum_cleaner,0.8333333333333334
keyboard_typing+sea_waves+washing_machine,0.8333333333333334
keyboard_typing+sea_waves+water_drops,0.8958333333333334
keyboard_typing+sea_waves+wind,0.9375
keyboard_typing+sheep+siren,0.7916666666666666
keyboard_typing+sheep+sneezing,0.7708333333333334
keyboard_typing+sheep+snoring,0.7916666666666666
keyboard_typing+sheep+thunderstorm,0.7708333333333334
keyboard_typing+sheep+toilet_flush,0.8333333333333334
keyboard_typing+sheep+train,0.8125
keyboard_typing+sheep+vacuum_cleaner,0.8541666666666666
keyboard_typing+sheep+washing_machine,0.7916666666666666
keyboard_typing+sheep+water_drops,0.7916666666666666
keyboard_typing+sheep+wind,0.875
keyboard_typing+siren+sneezing,0.8333333333333334
keyboard_typing+siren+snoring,0.8333333333333334
keyboard_typing+siren+thunderstorm,0.9166666666666666
keyboard_typing+siren+toilet_flush,0.8958333333333334
keyboard_typing+siren+train,0.8125
keyboard_typing+siren+vacuum_cleaner,0.9166666666666666
keyboard_typing+siren+washing_machine,0.875
keyboard_typing+siren+water_drops,0.8125
keyboard_typing+siren+wind,0.9166666666666666
keyboard_typing+sneezing+snoring,0.7708333333333334
keyboard_typing+sneezing+thunderstorm,0.875
keyboard_typing+sneezing+toilet_flush,0.8333333333333334
keyboard_typing+sneezing+train,0.875
keyboard_typing+sneezing+vacuum_cleaner,0.8958333333333334
keyboard_typing+sneezing+washing_machine,0.8541666666666666
keyboard_typing+sneezing+water_drops,0.7291666666666666
keyboard_typing+sneezing+wind,0.875
keyboard_typing+snoring+thunderstorm,0.8333333333333334
keyboard_typing+snoring+toilet_flush,0.8125
keyboard_typing+snoring+train,0.8541666666666666
keyboard_typing+snoring+vacuum_cleaner,0.8541666666666666
keyboard_typing+snoring+washing_machine,0.7916666666666666
keyboard_typing+snoring+water_drops,0.7083333333333334
keyboard_typing+snoring+wind,0.8541666666666666
keyboard_typing+thunderstorm+toilet_flush,0.9166666666666666
keyboard_typing+thunderstorm+train,0.9375
keyboard_typing+thunderstorm+vacuum_cleaner,0.9791666666666666
keyboard_typing+thunderstorm+washing_machine,0.7916666666666666
keyboard_typing+thunderstorm+water_drops,0.8333333333333334
keyboard_typing+thunderstorm+wind,0.9583333333333334
keyboard_typing+toilet_flush+train,0.9166666666666666
keyboard_typing+toilet_flush+vacuum_cleaner,0.8125
keyboard_typing+toilet_flush+washing_machine,0.8333333333333334
keyboard_typing+toilet_flush+water_drops,0.8333333333333334
keyboard_typing+toilet_flush+wind,0.9166666666666666
keyboard_typing+train+vacuum_cleaner,0.9583333333333334
keyboard_typing+train+washing_machine,0.7916666666666666
keyboard_typing+train+water_drops,0.875
keyboard_typing+train+wind,0.8125
keyboard_typing+vacuum_cleaner+washing_machine,0.8958333333333334
keyboard_typing+vacuum_cleaner+water_drops,0.8958333333333334
keyboard_typing+vacuum_cleaner+wind,0.875
keyboard_typing+washing_machine+water_drops,0.8333333333333334
keyboard_typing+washing_machine+wind,0.7291666666666666
keyboard_typing+water_drops+wind,0.8541666666666666
laughing+mouse_click+pig,0.8333333333333334
laughing+mouse_click+pouring_water,0.7083333333333334
laughing+mouse_click+rain,0.8125
laughing+mouse_click+rooster,0.75
laughing+mouse_click+sea_waves,0.8333333333333334
laughing+mouse_click+sheep,0.7083333333333334
laughing+mouse_click+siren,0.7916666666666666
laughing+mouse_click+sneezing,0.7916666666666666
laughing+mouse_click+snoring,0.7916666666666666
laughing+mouse_click+thunderstorm,0.8541666666666666
laughing+mouse_click+toilet_flush,0.8333333333333334
laughing+mouse_click+train,0.875
laughing+mouse_click+vacuum_cleaner,0.8958333333333334
laughing+mouse_click+washing_machine,0.875
laughing+mouse_click+water_drops,0.6666666666666666
laughing+mouse_click+wind,0.9166666666666666
laughing+pig+pouring_water,0.6458333333333334
laughing+pig+rain,0.8333333333333334
laughing+pig+rooster,0.6666666666666666
laughing+pig+sea_waves,0.7916666666666666
laughing+pig+sheep,0.5833333333333334
laughing+pig+siren,0.75
laughing+pig+sneezing,0.7916666666666666
laughing+pig+snoring,0.7708333333333334
laughing+pig+thunderstorm,0.8125
laughing+pig+toilet_flush,0.7916666666666666
laughing+pig+train,0.8333333333333334
laughing+pig+vacuum_cleaner,0.8333333333333334
laughing+pig+washing_machine,0.7708333333333334
laughing+pig+water_drops,0.8541666666666666
laughing+pig+wind,0.8958333333333334
laughing+pouring_water+rain,0.75
laughing+pouring_water+rooster,0.5208333333333334
laughing+pouring_water+sea_waves,0.7083333333333334
laughing+pouring_water+sheep,0.5416666666666666
laughing+pouring_water+siren,0.6666666666666666
laughing+pouring_water+sneezing,0.6666666666666666
laughing+pouring_water+snoring,0.7708333333333334
laughing+pouring_water+thunderstorm,0.7916666666666666
laughing+pouring_water+toilet_flush,0.7083333333333334
laughing+pouring_water+train,0.7708333333333334
laughing+pouring_water+vacuum_cleaner,0.7708333333333334
laughing+pouring_water+washing_machine,0.75
laughing+pouring_water+water_drops,0.7083333333333334
laughing+pouring_water+wind,0.8125
laughing+rain+rooster,0.7083333333333334
laughing+rain+sea_waves,0.75
laughing+rain+sheep,0.6666666666666666
laughing+rain+siren,0.75
laughing+rain+sneezing,0.8333333333333334
laughing+rain+snoring,0.8333333333333334
laughing+rain+thunderstorm,0.8541666666666666
laughing+rain+toilet_flush,0.8125
laughing+rain+train,0.7291666666666666
laughing+rain+vacuum_cleaner,0.7916666666666666
laughing+rain+washing_machine,0.6875
laughing+rain+water_drops,0.8541666666666666
laughing+rain+wind,0.75
laughing+rooster+sea_waves,0.6666666666666666
laughing+rooster+sheep,0.625
laughing+rooster+siren,0.6666666666666666
laughing+rooster+sneezing,0.6875
laughing+rooster+snoring,0.7291666666666666
laughing+rooster+thunderstorm,0.75
laughing+rooster+toilet_flush,0.6666666666666666
laughing+rooster+train,0.7291666666666666
laughing+rooster+vacuum_cleaner,0.7291666666666666
laughing+rooster+washing_machine,0.7083333333333334
laughing+rooster+water_drops,0.75
laughing+rooster+wind,0.7708333333333334
laughing+sea_waves+sheep,0.6875
laughing+sea_waves+siren,0.7708333333333334
laughing+sea_waves+sneezing,0.7916666666666666
laughing+sea_waves+snoring,0.8541666666666666
laughing+sea_waves+thunderstorm,0.875
laughing+sea_waves+toilet_flush,0.7916666666666666
laughing+sea_waves+train,0.8333333333333334
laughing+sea_waves+vacuum_cleaner,0.75
laughing+sea_waves+washing_machine,0.7708333333333334
laughing+sea_waves+water_drops,0.8541666666666666
laughing+sea_waves+wind,0.875
laughing+sheep+siren,0.6666666666666666
laughing+sheep+sneezing,0.6875
laughing+sheep+snoring,0.7291666666666666
laughing+sheep+thunderstorm,0.7083333333333334
laughing+sheep+toilet_flush,0.6875
laughing+sheep+train,0.7083333333333334
laughing+sheep+vacuum_cleaner,0.7083333333333334
laughing+sheep+washing_machine,0.7083333333333334
laughing+sheep+water_drops,0.7291666666666666
laughing+sheep+wind,0.7708333333333334
laughing+siren+sneezing,0.7708333333333334
laughing+siren+snoring,0.8333333333333334
laughing+siren+thunderstorm,0.8541666666666666
laughing+siren+toilet_flush,0.7916666666666666
laughing+siren+train,0.7291666666666666
laughing+siren+vacuum_cleaner,0.8333333333333334
laughing+siren+washing_machine,0.8125
laughing+siren+water_drops,0.8125
laughing+siren+wind,0.8541666666666666
laughing+sneezing+snoring,0.8541666666666666
laughing+sneezing+thunderstorm,0.875
laughing+sneezing+toilet_flush,0.7916666666666666
laughing+sneezing+train,0.8541666666666666
laughing+sneezing+vacuum_cleaner,0.8541666666666666
laughing+sneezing+washing_machine,0.8333333333333334
laughing+sneezing+water_drops,0.75
laughing+sneezing+wind,0.8958333333333334
laughing+snoring+thunderstorm,0.8958333333333334
laughing+snoring+toilet_flush,0.8541666666666666
laughing+snoring+train,0.8958333333333334
laughing+snoring+vacuum_cleaner,0.9166666666666666
laughing+snoring+washing_machine,0.8541666666666666
laughing+snoring+water_drops,0.8333333333333334
laughing+snoring+wind,0.9375
laughing+thunderstorm+toilet_flush,0.875
laughing+thunderstorm+train,0.9166666666666666
laughing+thunderstorm+vacuum_cleaner,0.9375
laughing+thunderstorm+washing_machine,0.8125
laughing+thunderstorm+water_drops,0.875
laughing+thunderstorm+wind,0.9583333333333334
laughing+toilet_flush+train,0.8541666666666666
laughing+toilet_flush+vacuum_cleaner,0.7708333333333334
laughing+toilet_flush+washing_machine,0.8125
laughing+toilet_flush+water_drops,0.8541666666666666
laughing+toilet_flush+wind,0.8958333333333334
laughing+train+vacuum_cleaner,0.8958333333333334
laughing+train+washing_machine,0.7916666666666666
laughing+train+water_drops,0.8958333333333334
laughing+train+wind,0.7916666666666666
laughing+vacuum_cleaner+washing_machine,0.875
laughing+vacuum_cleaner+water_drops,0.9166666666666666
laughing+vacuum_cleaner+wind,0.875
laughing+washing_machine+water_drops,0.8958333333333334
laughing+washing_machine+wind,0.75
laughing+water_drops+wind,0.9166666666666666
mouse_click+pig+pouring_water,0.7083333333333334
mouse_click+pig+rain,0.7916666666666666
mouse_click+pig+rooster,0.9166666666666666
mouse_click+pig+sea_waves,0.8541666666666666
mouse_click+pig+sheep,0.7291666666666666
mouse_click+pig+siren,0.8333333333333334
mouse_click+pig+sneezing,0.7916666666666666
mouse_click+pig+snoring,0.6875
mouse_click+pig+thunderstorm,0.7916666666666666
mouse_click+pig+toilet_flush,0.8958333333333334
mouse_click+pig+train,0.8541666666666666
mouse_click+pig+vacuum_cleaner,0.8541666666666666
mouse_click+pig+washing_machine,0.7916666666666666
mouse_click+pig+water_drops,0.6458333333333334
mouse_click+pig+wind,0.8958333333333334
mouse_click+pouring_water+rain,0.8125
mouse_click+pouring_water+rooster,0.75
mouse_click+pouring_water+sea_waves,0.8958333333333334
mouse_click+pouring_water+sheep,0.7708333333333334
mouse_click+pouring_water+siren,0.8125
mouse_click+pouring_water+sneezing,0.7708333333333334
mouse_click+pouring_water+snoring,0.7291666666666666
mouse_click+pouring_water+thunderstorm,0.8333333333333334
mouse_click+pouring_water+toilet_flush,0.7916666666666666
mouse_click+pouring_water+train,0.875
mouse_click+pouring_water+vacuum_cleaner,0.8958333333333334
mouse_click+pouring_water+washing_machine,0.8541666666666666
mouse_click+pouring_water+water_drops,0.5625
mouse_click+pouring_water+wind,0.875
mouse_click+rain+rooster,0.9166666666666666
mouse_click+rain+sea_waves,0.75
mouse_click+rain+sheep,0.8125
mouse_click+rain+siren,0.8125
mouse_click+rain+sneezing,0.7916666666666666
mouse_click+rain+snoring,0.7916666666666666
mouse_click+rain+thunderstorm,0.8541666666666666
mouse_click+rain+toilet_flush,0.8125
mouse_click+rain+train,0.7291666666666666
mouse_click+rain+vacuum_cleaner,0.7708333333333334
mouse_click+rain+washing_machine,0.6666666666666666
mouse_click+rain+water_drops,0.6458333333333334
mouse_click+rain+wind,0.7291666666666666
mouse_click+rooster+sea_waves,1.0
mouse_click+rooster+sheep,0.9791666666666666
mouse_click+rooster+siren,0.9583333333333334
mouse_click+rooster+sneezing,0.8125
mouse_click+rooster+snoring,0.875
mouse_click+rooster+thunderstorm,0.9375
mouse_click+rooster+toilet_flush,0.9583333333333334
mouse_click+rooster+train,0.9791666666666666
mouse_click+rooster+vacuum_cleaner,1.0
mouse_click+rooster+washing_machine,0.9791666666666666
mouse_click+rooster+water_drops,0.7291666666666666
mouse_click+rooster+wind,0.9791666666666666
mouse_click+sea_waves+sheep,0.9166666666666666
mouse_click+sea_waves+siren,0.9166666666666666
mouse_click+sea_waves+sneezing,0.875
mouse_click+sea_waves+snoring,0.8541666666666666
mouse_click+sea_waves+thunderstorm,0.8958333333333334
mouse_click+sea_waves+toilet_flush,0.9375
mouse_click+sea_waves+train,0.9166666666666666
mouse_click+sea_waves+vacuum_cleaner,0.8333333333333334
mouse_click+sea_waves+washing_machine,0.8541666666666666
mouse_click+sea_waves+water_drops,0.7291666666666666
mouse_click+sea_waves+wind,0.9375
mouse_click+sheep+siren,0.8541666666666666
mouse_click+sheep+sneezing,0.8333333333333334
mouse_click+sheep+snoring,0.8333333333333334
mouse_click+sheep+thunderstorm,0.8125
mouse_click+sheep+toilet_flush,0.8958333333333334
mouse_click+sheep+train,0.8958333333333334
mouse_click+sheep+vacuum_cleaner,0.9375
mouse_click+sheep+washing_machine,0.8958333333333334
mouse_click+sheep+water_drops,0.7083333333333334
mouse_click+sheep+wind,0.9583333333333334
mouse_click+siren+sneezing,0.8541666666666666
mouse_click+siren+snoring,0.8125
mouse_click+siren+thunderstorm,0.875
mouse_click+siren+toilet_flush,0.9166666666666666
mouse_click+siren+train,0.8541666666666666
mouse_click+siren+vacuum_cleaner,0.9583333333333334
mouse_click+siren+washing_machine,0.9375
mouse_click+siren+water_drops,0.6875
mouse_click+siren+wind,0.9375
mouse_click+sneezing+snoring,0.75
mouse_click+sneezing+thunderstorm,0.8125
mouse_click+sneezing+toilet_flush,0.8333333333333334
mouse_click+sneezing+train,0.8541666666666666
mouse_click+sneezing+vacuum_cleaner,0.875
mouse_click+sneezing+washing_machine,0.8541666666666666
mouse_click+sneezing+water_drops,0.5416666666666666
mouse_click+sneezing+wind,0.8541666666666666
mouse_click+snoring+thunderstorm,0.8125
mouse_click+snoring+toilet_flush,0.8333333333333334
mouse_click+snoring+train,0.8541666666666666
mouse_click+snoring+vacuum_cleaner,0.8541666666666666
mouse_click+snoring+washing_machine,0.75
mouse_click+snoring+water_drops,0.6458333333333334
mouse_click+snoring+wind,0.8541666666666666
mouse_click+thunderstorm+toilet_flush,0.9166666666666666
mouse_click+thunderstorm+train,0.8958333333333334
mouse_click+thunderstorm+vacuum_cleaner,0.9375
mouse_click+thunderstorm+washing_machine,0.7708333333333334
mouse_click+thunderstorm+water_drops,0.6875
mouse_click+thunderstorm+wind,0.9166666666666666
mouse_click+toilet_flush+train,0.9583333333333334
mouse_click+toilet_flush+vacuum_cleaner,0.8541666666666666
mouse_click+toilet_flush+washing_machine,0.8958333333333334
mouse_click+toilet_flush+water_drops,0.6875
mouse_click+toilet_flush+wind,0.9583333333333334
mouse_click+train+vacuum_cleaner,0.9583333333333334
mouse_click+train+washing_machine,0.8125
mouse_click+train+water_drops,0.7083333333333334
mouse_click+train+wind,0.8125
mouse_click+vacuum_cleaner+washing_machine,0.9166666666666666
mouse_click+vacuum_cleaner+water_drops,0.7291666666666666
mouse_click+vacuum_cleaner+wind,0.875
mouse_click+washing_machine+water_drops,0.6875
mouse_click+washing_machine+wind,0.75
mouse_click+water_drops+wind,0.7083333333333334
pig+pouring_water+rain,0.75
pig+pouring_water+rooster,0.6458333333333334
pig+pouring_water+sea_waves,0.75
pig+pouring_water+sheep,0.5
pig+pouring_water+siren,0.7083333333333334
pig+pouring_water+sneezing,0.75
pig+pouring_water+snoring,0.7083333333333334
pig+pouring_water+thunderstorm,0.75
pig+pouring_water+toilet_flush,0.7291666666666666
pig+pouring_water+train,0.7708333333333334
pig+pouring_water+vacuum_cleaner,0.75
pig+pouring_water+washing_machine,0.6875
pig+pouring_water+water_drops,0.7083333333333334
pig+pouring_water+wind,0.8125
pig+rain+rooster,0.8541666666666666
pig+rain+sea_waves,0.7916666666666666
pig+rain+sheep,0.6666666666666666
pig+rain+siren,0.8125
pig+rain+sneezing,0.8541666666666666
pig+rain+snoring,0.75
pig+rain+thunderstorm,0.8333333333333334
pig+rain+toilet_flush,0.875
pig+rain+train,0.7291666666666666
pig+rain+vacuum_cleaner,0.7916666666666666
pig+rain+washing_machine,0.6458333333333334
pig+rain+water_drops,0.8333333333333334
pig+rain+wind,0.75
pig+rooster+sea_waves,0.8541666666666666
pig+rooster+sheep,0.75
pig+rooster+siren,0.8333333333333334
pig+rooster+sneezing,0.8125
pig+rooster+snoring,0.8125
pig+rooster+thunderstorm,0.8541666666666666
pig+rooster+toilet_flush,0.875
pig+rooster+train,0.875
pig+rooster+vacuum_cleaner,0.8541666666666666
pig+rooster+washing_machine,0.7916666666666666
pig+rooster+water_drops,0.8958333333333334
pig+rooster+wind,0.9166666666666666
pig+sea_waves+sheep,0.6666666666666666
pig+sea_waves+siren,0.8541666666666666
pig+sea_waves+sneezing,0.8541666666666666
pig+sea_waves+snoring,0.7916666666666666
pig+sea_waves+thunderstorm,0.875
pig+sea_waves+toilet_flush,0.9166666666666666
pig+sea_waves+train,0.875
pig+sea_waves+vacuum_cleaner,0.7916666666666666
pig+sea_waves+washing_machine,0.75
pig+sea_waves+water_drops,0.875
pig+sea_waves+wind,0.9166666666666666
pig+sheep+siren,0.625
pig+sheep+sneezing,0.6875
pig+sheep+snoring,0.6666666666666666
pig+sheep+thunderstorm,0.7083333333333334
pig+sheep+toilet_flush,0.7083333333333334
pig+sheep+train,0.7083333333333334
pig+sheep+vacuum_cleaner,0.6875
pig+sheep+washing_machine,0.6458333333333334
pig+sheep+water_drops,0.7291666666666666
pig+sheep+wind,0.75
pig+siren+sneezing,0.8541666666666666
pig+siren+snoring,0.7916666666666666
pig+siren+thunderstorm,0.8541666666666666
pig+siren+toilet_flush,0.875
pig+siren+train,0.7916666666666666
pig+siren+vacuum_cleaner,0.8541666666666666
pig+siren+washing_machine,0.7916666666666666
pig+siren+water_drops,0.8333333333333334
pig+siren+wind,0.8958333333333334
pig+sneezing+snoring,0.8125
pig+sneezing+thunderstorm,0.8541666666666666
pig+sneezing+toilet_flush,0.875
pig+sneezing+train,0.875
pig+sneezing+vacuum_cleaner,0.8541666666666666
pig+sneezing+washing_machine,0.7916666666666666
pig+sneezing+water_drops,0.7916666666666666
pig+sneezing+wind,0.9166666666666666
pig+snoring+thunderstorm,0.7916666666666666
pig+snoring+toilet_flush,0.8333333333333334
pig+snoring+train,0.7916666666666666
pig+snoring+vacuum_cleaner,0.7916666666666666
pig+snoring+washing_machine,0.7083333333333334
pig+snoring+water_drops,0.7291666666666666
pig+snoring+wind,0.8333333333333334
pig+thunderstorm+toilet_flush,0.9166666666666666
pig+thunderstorm+train,0.9166666666666666
pig+thunderstorm+vacuum_cleaner,0.875
pig+thunderstorm+washing_machine,0.7916666666666666
pig+thunderstorm+water_drops,0.8125
pig+thunderstorm+wind,0.9375
pig+toilet_flush+train,0.9375
pig+toilet_flush+vacuum_cleaner,0.8333333333333334
pig+toilet_flush+washing_machine,0.8541666666666666
pig+toilet_flush+water_drops,0.8958333333333334
pig+toilet_flush+wind,0.9791666666666666
pig+train+vacuum_cleaner,0.8958333333333334
pig+train+washing_machine,0.75
pig+train+water_drops,0.875
pig+train+wind,0.7916666666666666
pig+vacuum_cleaner+washing_machine,0.8125
pig+vacuum_cleaner+water_drops,0.875
pig+vacuum_cleaner+wind,0.875
pig+washing_machine+water_drops,0.8125
pig+washing_machine+wind,0.7291666666666666
pig+water_drops+wind,0.8958333333333334
pouring_water+rain+rooster,0.7708333333333334
pouring_water+rain+sea_waves,0.8125
pouring_water+rain+sheep,0.7291666666666666
pouring_water+rain+siren,0.8333333333333334
pouring_water+rain+sneezing,0.8958333333333334
pouring_water+rain+snoring,0.875
pouring_water+rain+thunderstorm,0.9166666666666666
pouring_water+rain+toilet_flush,0.7916666666666666
pouring_water+rain+train,0.7708333333333334
pouring_water+rain+vacuum_cleaner,0.8333333333333334
pouring_water+rain+washing_machine,0.7083333333333334
pouring_water+rain+water_drops,0.8333333333333334
pouring_water+rain+wind,0.75
pouring_water+rooster+sea_waves,0.7916666666666666
pouring_water+rooster+sheep,0.75
pouring_water+rooster+siren,0.7291666666666666
pouring_water+rooster+sneezing,0.6666666666666666
pouring_water+rooster+snoring,0.7708333333333334
pouring_water+rooster+thunderstorm,0.7916666666666666
pouring_water+rooster+toilet_flush,0.7083333333333334
pouring_water+rooster+train,0.7916666666666666
pouring_water+rooster+vacuum_cleaner,0.7916666666666666
pouring_water+rooster+washing_machine,0.7916666666666666
pouring_water+rooster+water_drops,0.6875
pouring_water+rooster+wind,0.7916666666666666
pouring_water+sea_waves+sheep,0.7708333333333334
pouring_water+sea_waves+siren,0.875
pouring_water+sea_waves+sneezing,0.9166666666666666
pouring_water+sea_waves+snoring,0.9375
pouring_water+sea_waves+thunderstorm,0.9583333333333334
pouring_water+sea_waves+toilet_flush,0.8333333333333334
pouring_water+sea_waves+train,0.9375
pouring_water+sea_waves+vacuum_cleaner,0.8333333333333334
pouring_water+sea_waves+washing_machine,0.8333333333333334
pouring_water+sea_waves+water_drops,0.8958333333333334
pouring_water+sea_waves+wind,0.9583333333333334
pouring_water+sheep+siren,0.7291666666666666
pouring_water+sheep+sneezing,0.7291666666666666
pouring_water+sheep+snoring,0.7708333333333334
pouring_water+sheep+thunderstorm,0.7083333333333334
pouring_water+sheep+toilet_flush,0.7083333333333334
pouring_water+sheep+train,0.75
pouring_water+sheep+vacuum_cleaner,0.7916666666666666
pouring_water+sheep+washing_machine,0.7291666666666666
pouring_water+sheep+water_drops,0.7083333333333334
pouring_water+sheep+wind,0.8125
pouring_water+siren+sneezing,0.8541666666666666
pouring_water+siren+snoring,0.875
pouring_water+siren+thunderstorm,0.8958333333333334
pouring_water+siren+toilet_flush,0.8125
pouring_water+siren+train,0.8125
pouring_water+siren+vacuum_cleaner,0.9166666666666666
pouring_water+siren+washing_machine,0.875
pouring_water+siren+water_drops,0.8333333333333334
pouring_water+siren+wind,0.9166666666666666
pouring_water+sneezing+snoring,0.875
pouring_water+sneezing+thunderstorm,0.9166666666666666
pouring_water+sneezing+toilet_flush,0.7916666666666666
pouring_water+sneezing+train,0.9166666666666666
pouring_water+sneezing+vacuum_cleaner,0.9166666666666666
pouring_water+sneezing+washing_machine,0.8958333333333334
pouring_water+sneezing+water_drops,0.7291666666666666
pouring_water+sneezing+wind,0.9166666666666666
pouring_water+snoring+thunderstorm,0.8958333333333334
pouring_water+snoring+toilet_flush,0.8541666666666666
pouring_water+snoring+train,0.9375
pouring_water+snoring+vacuum_cleaner,0.9375
pouring_water+snoring+washing_machine,0.8333333333333334
pouring_water+snoring+water_drops,0.7708333333333334
pouring_water+snoring+wind,0.9375
pouring_water+thunderstorm+toilet_flush,0.875
pouring_water+thunderstorm+train,0.9583333333333334
pouring_water+thunderstorm+vacuum_cleaner,1.0
pouring_water+thunderstorm+washing_machine,0.8125
pouring_water+thunderstorm+water_drops,0.8333333333333334
pouring_water+thunderstorm+wind,0.9791666666666666
pouring_water+toilet_flush+train,0.875
pouring_water+toilet_flush+vacuum_cleaner,0.75
pouring_water+toilet_flush+washing_machine,0.7916666666666666
pouring_water+toilet_flush+water_drops,0.7708333333333334
pouring_water+toilet_flush+wind,0.875
pouring_water+train+vacuum_cleaner,0.9791666666666666
pouring_water+train+washing_machine,0.8125
pouring_water+train+water_drops,0.875
pouring_water+train+wind,0.8333333333333334
pouring_water+vacuum_cleaner+washing_machine,0.9166666666666666
pouring_water+vacuum_cleaner+water_drops,0.8958333333333334
pouring_water+vacuum_cleaner+wind,0.8958333333333334
pouring_water+washing_machine+water_drops,0.8333333333333334
pouring_water+washing_machine+wind,0.75
pouring_water+water_drops+wind,0.8541666666666666
rain+rooster+sea_waves,0.8125
rain+rooster+sheep,0.875
rain+rooster+siren,0.875
rain+rooster+sneezing,0.875
rain+rooster+snoring,0.9166666666666666
rain+rooster+thunderstorm,0.9166666666666666
rain+rooster+toilet_flush,0.875
rain+rooster+train,0.7708333333333334
rain+rooster+vacuum_cleaner,0.8333333333333334
rain+rooster+washing_machine,0.7291666666666666
rain+rooster+water_drops,0.9166666666666666
rain+rooster+wind,0.75
rain+sea_waves+sheep,0.75
rain+sea_waves+siren,0.7083333333333334
rain+sea_waves+sneezing,0.8125
rain+sea_waves+snoring,0.7708333333333334
rain+sea_waves+thunderstorm,0.7708333333333334
rain+sea_waves+toilet_flush,0.7916666666666666
rain+sea_waves+train,0.6875
rain+sea_waves+vacuum_cleaner,0.625
rain+sea_waves+washing_machine,0.5833333333333334
rain+sea_waves+water_drops,0.7708333333333334
rain+sea_waves+wind,0.6875
rain+sheep+siren,0.7708333333333334
rain+sheep+sneezing,0.8125
rain+sheep+snoring,0.7916666666666666
rain+sheep+thunderstorm,0.75
rain+sheep+toilet_flush,0.8333333333333334
rain+sheep+train,0.6875
rain+sheep+vacuum_cleaner,0.7708333333333334
rain+sheep+washing_machine,0.6666666666666666
rain+sheep+water_drops,0.8333333333333334
rain+sheep+wind,0.7083333333333334
rain+siren+sneezing,0.8958333333333334
rain+siren+snoring,0.7916666666666666
rain+siren+thunderstorm,0.7916666666666666
rain+siren+toilet_flush,0.8125
rain+siren+train,0.6458333333333334
rain+siren+vacuum_cleaner,0.7708333333333334
rain+siren+washing_machine,0.6875
rain+siren+water_drops,0.8333333333333334
rain+siren+wind,0.6875
rain+sneezing+snoring,0.9166666666666666
rain+sneezing+thunderstorm,0.9166666666666666
rain+sneezing+toilet_flush,0.875
rain+sneezing+train,0.7708333333333334
rain+sneezing+vacuum_cleaner,0.8333333333333334
rain+sneezing+washing_machine,0.7291666666666666
rain+sneezing+water_drops,0.8125
rain+sneezing+wind,0.75
rain+snoring+thunderstorm,0.875
rain+snoring+toilet_flush,0.8125
rain+snoring+train,0.75
rain+snoring+vacuum_cleaner,0.7708333333333334
rain+snoring+washing_machine,0.6041666666666666
rain+snoring+water_drops,0.8125
rain+snoring+wind,0.75
rain+thunderstorm+toilet_flush,0.8541666666666666
rain+thunderstorm+train,0.7291666666666666
rain+thunderstorm+vacuum_cleaner,0.7916666666666666
rain+thunderstorm+washing_machine,0.6041666666666666
rain+thunderstorm+water_drops,0.8541666666666666
rain+thunderstorm+wind,0.75
rain+toilet_flush+train,0.75
rain+toilet_flush+vacuum_cleaner,0.7083333333333334
rain+toilet_flush+washing_machine,0.6458333333333334
rain+toilet_flush+water_drops,0.8541666666666666
rain+toilet_flush+wind,0.7291666666666666
rain+train+vacuum_cleaner,0.6875
rain+train+washing_machine,0.5833333333333334
rain+train+water_drops,0.7291666666666666
rain+train+wind,0.6041666666666666
rain+vacuum_cleaner+washing_machine,0.6041666666666666
rain+vacuum_cleaner+water_drops,0.7916666666666666
rain+vacuum_cleaner+wind,0.6041666666666666
rain+washing_machine+water_drops,0.6875
rain+washing_machine+wind,0.5
rain+water_drops+wind,0.7083333333333334
rooster+sea_waves+sheep,0.9375
rooster+sea_waves+siren,0.9166666666666666
rooster+sea_waves+sneezing,0.8958333333333334
rooster+sea_waves+snoring,0.9791666666666666
rooster+sea_waves+thunderstorm,0.9583333333333334
rooster+sea_waves+toilet_flush,0.9166666666666666
rooster+sea_waves+train,0.9375
rooster+sea_waves+vacuum_cleaner,0.8333333333333334
rooster+sea_waves+washing_machine,0.8541666666666666
rooster+sea_waves+water_drops,0.9791666666666666
rooster+sea_waves+wind,0.9583333333333334
rooster+sheep+siren,0.8958333333333334
rooster+sheep+sneezing,0.8958333333333334
rooster+sheep+snoring,0.9583333333333334
rooster+sheep+thunderstorm,0.875
rooster+sheep+toilet_flush,0.9166666666666666
rooster+sheep+train,0.9166666666666666
rooster+sheep+vacuum_cleaner,0.9583333333333334
rooster+sheep+washing_machine,0.9166666666666666
rooster+sheep+water_drops,0.9583333333333334
rooster+sheep+wind,0.9791666666666666
rooster+siren+sneezing,0.875
rooster+siren+snoring,0.9375
rooster+siren+thunderstorm,0.9375
rooster+siren+toilet_flush,0.9166666666666666
rooster+siren+train,0.8541666666666666
rooster+siren+vacuum_cleaner,0.9583333333333334
rooster+siren+washing_machine,0.9375
rooster+siren+water_drops,0.9375
rooster+siren+wind,0.9583333333333334
rooster+sneezing+snoring,0.8958333333333334
rooster+sneezing+thunderstorm,0.8958333333333334
rooster+sneezing+toilet_flush,0.8541666666666666
rooster+sneezing+train,0.8958333333333334
rooster+sneezing+vacuum_cleaner,0.8958333333333334
rooster+sneezing+washing_machine,0.8958333333333334
rooster+sneezing+water_drops,0.7708333333333334
rooster+sneezing+wind,0.8958333333333334
rooster+snoring+thunderstorm,0.9375
rooster+snoring+toilet_flush,0.9375
rooster+snoring+train,0.9791666666666666
rooster+snoring+vacuum_cleaner,0.9791666666666666
rooster+snoring+washing_machine,0.875
rooster+snoring+water_drops,0.8958333333333334
rooster+snoring+wind,0.9791666666666666
rooster+thunderstorm+toilet_flush,0.9583333333333334
rooster+thunderstorm+train,0.9583333333333334
rooster+thunderstorm+vacuum_cleaner,1.0
rooster+thunderstorm+washing_machine,0.8333333333333334
rooster+thunderstorm+water_drops,0.9166666666666666
rooster+thunderstorm+wind,0.9791666666666666
rooster+toilet_flush+train,0.9583333333333334
rooster+toilet_flush+vacuum_cleaner,0.8333333333333334
rooster+toilet_flush+washing_machine,0.875
rooster+toilet_flush+water_drops,0.9375
rooster+toilet_flush+wind,0.9583333333333334
rooster+train+vacuum_cleaner,0.9791666666666666
rooster+train+washing_machine,0.8333333333333334
rooster+train+water_drops,0.9583333333333334
rooster+train+wind,0.8333333333333334
rooster+vacuum_cleaner+washing_machine,0.9375
rooster+vacuum_cleaner+water_drops,0.9791666666666666
rooster+vacuum_cleaner+wind,0.8958333333333334
rooster+washing_machine+water_drops,0.9375
rooster+washing_machine+wind,0.7708333333333334
rooster+water_drops+wind,0.9375
sea_waves+sheep+siren,0.8125
sea_waves+sheep+sneezing,0.875
sea_waves+sheep+snoring,0.8958333333333334
sea_waves+sheep+thunderstorm,0.8125
sea_waves+sheep+toilet_flush,0.8541666666666666
sea_waves+sheep+train,0.8125
sea_waves+sheep+vacuum_cleaner,0.7708333333333334
sea_waves+sheep+washing_machine,0.7916666666666666
sea_waves+sheep+water_drops,0.9166666666666666
sea_waves+sheep+wind,0.8958333333333334
sea_waves+siren+sneezing,0.9375
sea_waves+siren+snoring,0.8958333333333334
sea_waves+siren+thunderstorm,0.8958333333333334
sea_waves+siren+toilet_flush,0.875
sea_waves+siren+train,0.7708333333333334
sea_waves+siren+vacuum_cleaner,0.7708333333333334
sea_waves+siren+washing_machine,0.7916666666666666
sea_waves+siren+water_drops,0.8958333333333334
sea_waves+siren+wind,0.875
sea_waves+sneezing+snoring,0.9791666666666666
sea_waves+sneezing+thunderstorm,0.9583333333333334
sea_waves+sneezing+toilet_flush,0.9166666666666666
sea_waves+sneezing+train,0.9375
sea_waves+sneezing+vacuum_cleaner,0.8333333333333334
sea_waves+sneezing+washing_machine,0.8541666666666666
sea_waves+sneezing+water_drops,0.875
sea_waves+sneezing+wind,0.9583333333333334
sea_waves+snoring+thunderstorm,0.8958333333333334
sea_waves+snoring+toilet_flush,0.9166666666666666
sea_waves+snoring+train,0.9166666666666666
sea_waves+snoring+vacuum_cleaner,0.8125
sea_waves+snoring+washing_machine,0.7916666666666666
sea_waves+snoring+water_drops,0.875
sea_waves+snoring+wind,0.9375
sea_waves+thunderstorm+toilet_flush,0.9166666666666666
sea_waves+thunderstorm+train,0.9166666666666666
sea_waves+thunderstorm+vacuum_cleaner,0.7916666666666666
sea_waves+thunderstorm+washing_machine,0.75
sea_waves+thunderstorm+water_drops,0.8958333333333334
sea_waves+thunderstorm+wind,0.9375
sea_waves+toilet_flush+train,0.8958333333333334
sea_waves+toilet_flush+vacuum_cleaner,0.6875
sea_waves+toilet_flush+washing_machine,0.7916666666666666
sea_waves+toilet_flush+water_drops,0.9166666666666666
sea_waves+toilet_flush+wind,0.9166666666666666
sea_waves+train+vacuum_cleaner,0.7916666666666666
sea_waves+train+washing_machine,0.75
sea_waves+train+water_drops,0.9166666666666666
sea_waves+train+wind,0.7708333333333334
sea_waves+vacuum_cleaner+washing_machine,0.6875
sea_waves+vacuum_cleaner+water_drops,0.8333333333333334
sea_waves+vacuum_cleaner+wind,0.75
sea_waves+washing_machine+water_drops,0.8541666666666666
sea_waves+washing_machine+wind,0.6666666666666666
sea_waves+water_drops+wind,0.9166666666666666
sheep+siren+sneezing,0.8333333333333334
sheep+siren+snoring,0.8541666666666666
sheep+siren+thunderstorm,0.7708333333333334
sheep+siren+toilet_flush,0.8541666666666666
sheep+siren+train,0.7083333333333334
sheep+siren+vacuum_cleaner,0.8541666666666666
sheep+siren+washing_machine,0.8333333333333334
sheep+siren+water_drops,0.875
sheep+siren+wind,0.875
sheep+sneezing+snoring,0.8958333333333334
sheep+sneezing+thunderstorm,0.8125
sheep+sneezing+toilet_flush,0.8541666666666666
sheep+sneezing+train,0.8541666666666666
sheep+sneezing+vacuum_cleaner,0.8958333333333334
sheep+sneezing+washing_machine,0.8541666666666666
sheep+sneezing+water_drops,0.7916666666666666
sheep+sneezing+wind,0.9166666666666666
sheep+snoring+thunderstorm,0.7916666666666666
sheep+snoring+toilet_flush,0.8958333333333334
sheep+snoring+train,0.8541666666666666
sheep+snoring+vacuum_cleaner,0.8958333333333334
sheep+snoring+washing_machine,0.8125
sheep+snoring+water_drops,0.8541666666666666
sheep+snoring+wind,0.9166666666666666
sheep+thunderstorm+toilet_flush,0.8333333333333334
sheep+thunderstorm+train,0.8541666666666666
sheep+thunderstorm+vacuum_cleaner,0.8333333333333334
sheep+thunderstorm+washing_machine,0.7291666666666666
sheep+thunderstorm+water_drops,0.8125
sheep+thunderstorm+wind,0.875
sheep+toilet_flush+train,0.875
sheep+toilet_flush+vacuum_cleaner,0.7916666666666666
sheep+toilet_flush+washing_machine,0.8333333333333334
sheep+toilet_flush+water_drops,0.9166666666666666
sheep+toilet_flush+wind,0.9375
sheep+train+vacuum_cleaner,0.875
sheep+train+washing_machine,0.75
sheep+train+water_drops,0.8958333333333334
sheep+train+wind,0.75
sheep+vacuum_cleaner+washing_machine,0.8541666666666666
sheep+vacuum_cleaner+water_drops,0.9375
sheep+vacuum_cleaner+wind,0.875
sheep+washing_machine+water_drops,0.8958333333333334
sheep+washing_machine+wind,0.7291666666666666
sheep+water_drops+wind,0.9375
siren+sneezing+snoring,0.9583333333333334
siren+sneezing+thunderstorm,0.9583333333333334
siren+sneezing+toilet_flush,0.9375
siren+sneezing+train,0.875
siren+sneezing+vacuum_cleaner,0.9791666666666666
siren+sneezing+washing_machine,0.9583333333333334
siren+sneezing+water_drops,0.8333333333333334
siren+sneezing+wind,0.9791666666666666
siren+snoring+thunderstorm,0.8958333333333334
siren+snoring+toilet_flush,0.9166666666666666
siren+snoring+train,0.8125
siren+snoring+vacuum_cleaner,0.9166666666666666
siren+snoring+washing_machine,0.8333333333333334
siren+snoring+water_drops,0.8333333333333334
siren+snoring+wind,0.9166666666666666
siren+thunderstorm+toilet_flush,0.9375
siren+thunderstorm+train,0.8125
siren+thunderstorm+vacuum_cleaner,0.9375
siren+thunderstorm+washing_machine,0.7916666666666666
siren+thunderstorm+water_drops,0.875
siren+thunderstorm+wind,0.9166666666666666
siren+toilet_flush+train,0.8333333333333334
siren+toilet_flush+vacuum_cleaner,0.8333333333333334
siren+toilet_flush+washing_machine,0.8541666666666666
siren+toilet_flush+water_drops,0.9166666666666666
siren+toilet_flush+wind,0.9375
siren+train+vacuum_cleaner,0.8333333333333334
siren+train+washing_machine,0.7083333333333334
siren+train+water_drops,0.8333333333333334
siren+train+wind,0.7083333333333334
siren+vacuum_cleaner+washing_machine,0.875
siren+vacuum_cleaner+water_drops,0.9375
siren+vacuum_cleaner+wind,0.875
siren+washing_machine+water_drops,0.9166666666666666
siren+washing_machine+wind,0.75
siren+water_drops+wind,0.9166666666666666
sneezing+snoring+thunderstorm,0.9375
sneezing+snoring+toilet_flush,0.9375
sneezing+snoring+train,0.9791666666666666
sneezing+snoring+vacuum_cleaner,0.9791666666666666
sneezing+snoring+washing_machine,0.875
sneezing+snoring+water_drops,0.7916666666666666
sneezing+snoring+wind,0.9791666666666666
sneezing+thunderstorm+toilet_flush,0.9583333333333334
sneezing+thunderstorm+train,0.9583333333333334
sneezing+thunderstorm+vacuum_cleaner,1.0
sneezing+thunderstorm+washing_machine,0.8333333333333334
sneezing+thunderstorm+water_drops,0.8125
sneezing+thunderstorm+wind,0.9791666666666666
sneezing+toilet_flush+train,0.9583333333333334
sneezing+toilet_flush+vacuum_cleaner,0.8333333333333334
sneezing+toilet_flush+washing_machine,0.875
sneezing+toilet_flush+water_drops,0.8333333333333334
sneezing+toilet_flush+wind,0.9583333333333334
sneezing+train+vacuum_cleaner,0.9791666666666666
sneezing+train+washing_machine,0.8333333333333334
sneezing+train+water_drops,0.8541666666666666
sneezing+train+wind,0.8333333333333334
sneezing+vacuum_cleaner+washing_machine,0.9375
sneezing+vacuum_cleaner+water_drops,0.875
sneezing+vacuum_cleaner+wind,0.8958333333333334
sneezing+washing_machine+water_drops,0.8333333333333334
sneezing+washing_machine+wind,0.7708333333333334
sneezing+water_drops+wind,0.8333333333333334
snoring+thunderstorm+toilet_flush,0.9166666666666666
snoring+thunderstorm+train,0.8958333333333334
snoring+thunderstorm+vacuum_cleaner,0.9166666666666666
snoring+thunderstorm+washing_machine,0.7083333333333334
snoring+thunderstorm+water_drops,0.8125
snoring+thunderstorm+wind,0.9166666666666666
snoring+toilet_flush+train,0.9375
snoring+toilet_flush+vacuum_cleaner,0.8333333333333334
snoring+toilet_flush+washing_machine,0.8125
snoring+toilet_flush+water_drops,0.8333333333333334
snoring+toilet_flush+wind,0.9375
snoring+train+vacuum_cleaner,0.9375
snoring+train+washing_machine,0.75
snoring+train+water_drops,0.875
snoring+train+wind,0.8125
snoring+vacuum_cleaner+washing_machine,0.8333333333333334
snoring+vacuum_cleaner+water_drops,0.875
snoring+vacuum_cleaner+wind,0.8541666666666666
snoring+washing_machine+water_drops,0.7708333333333334
snoring+washing_machine+wind,0.6666666666666666
snoring+water_drops+wind,0.875
thunderstorm+toilet_flush+train,0.9583333333333334
thunderstorm+toilet_flush+vacuum_cleaner,0.875
thunderstorm+toilet_flush+washing_machine,0.8125
thunderstorm+toilet_flush+water_drops,0.9166666666666666
thunderstorm+toilet_flush+wind,0.9791666666666666
thunderstorm+train+vacuum_cleaner,0.9375
thunderstorm+train+washing_machine,0.75
thunderstorm+train+water_drops,0.8958333333333334
thunderstorm+train+wind,0.7916666666666666
thunderstorm+vacuum_cleaner+washing_machine,0.7916666666666666
thunderstorm+vacuum_cleaner+water_drops,0.9375
thunderstorm+vacuum_cleaner+wind,0.875
thunderstorm+washing_machine+water_drops,0.7708333333333334
thunderstorm+washing_machine+wind,0.7083333333333334
thunderstorm+water_drops+wind,0.9166666666666666
toilet_flush+train+vacuum_cleaner,0.8541666666666666
toilet_flush+train+washing_machine,0.7916666666666666
toilet_flush+train+water_drops,0.9583333333333334
toilet_flush+train+wind,0.8333333333333334
toilet_flush+vacuum_cleaner+washing_machine,0.75
toilet_flush+vacuum_cleaner+water_drops,0.8541666666666666
toilet_flush+vacuum_cleaner+wind,0.7916666666666666
toilet_flush+washing_machine+water_drops,0.875
toilet_flush+washing_machine+wind,0.7291666666666666
toilet_flush+water_drops+wind,0.9375
train+vacuum_cleaner+washing_machine,0.7916666666666666
train+vacuum_cleaner+water_drops,0.9583333333333334
train+vacuum_cleaner+wind,0.7291666666666666
train+washing_machine+water_drops,0.8125
train+washing_machine+wind,0.5625
train+water_drops+wind,0.7916666666666666
vacuum_cleaner+washing_machine+water_drops,0.8958333333333334
vacuum_cleaner+washing_machine+wind,0.625
vacuum_cleaner+water_drops+wind,0.8541666666666666
washing_machine+water_drops+wind,0.7291666666666666
